id,ra_deg,dec_deg,mag,pm_ra_mas_yr,pm_dec_mas_yr,common_name
3,0.005008,38.859286,6.610,5.24,-2.91,
19,0.053317,38.304086,6.530,-2.50,-15.07,
25,0.079365,-44.290297,6.280,58.36,-108.64,
34,0.099470,26.918238,6.430,42.20,-53.47,
43,0.129089,59.559738,6.180,-80.60,-24.07,
50,0.142871,-53.097663,6.490,52.98,-20.52,
63,0.181750,45.253333,6.360,17.38,0.22,
73,0.220457,66.847967,6.900,-20.78,18.19,
88,0.269160,-48.809859,5.710,-17.92,-6.75,
106,0.330165,49.981585,6.220,13.29,-11.19,
107,0.333802,-50.337399,5.530,7.34,10.59,
119,0.390202,44.675446,6.820,-10.61,-18.37,
121,0.396477,28.423774,6.830,-18.88,-34.10,
122,0.399379,-77.065294,4.780,-56.52,-176.95,
124,0.404245,61.222804,5.580,-2.80,-1.34,
128,0.413765,73.611877,6.500,75.54,-12.36,
133,0.423369,-40.148666,6.620,33.70,-14.84,
136,0.428642,24.253181,6.600,18.50,-28.01,
137,0.432689,42.367148,6.250,5.11,-1.77,
145,0.455989,-3.027479,5.130,18.90,-10.25,
154,0.489965,-6.013972,4.370,46.62,-41.32,
159,0.510811,-2.766163,6.930,39.33,-3.17,
171,0.540188,27.084489,5.800,778.59,-918.72,
179,0.568862,-13.407516,6.900,261.21,32.13,
181,0.573817,60.703195,6.770,-8.91,-11.05,
183,0.582976,-29.720448,5.040,9.66,14.00,
186,0.600698,8.956834,6.330,-0.87,-4.11,
194,0.623989,8.485579,5.700,-93.55,-47.50,
207,0.650342,66.098963,5.870,3.32,1.14,
238,0.739274,-20.046074,6.250,100.38,78.95,
253,0.782572,-24.145138,6.460,59.32,-3.14,
254,0.784670,42.747917,6.730,32.79,-3.84,
258,0.805328,17.552397,6.590,58.45,-52.87,
274,0.857154,63.640524,6.240,-3.27,-1.83,
277,0.859279,-36.251205,6.960,72.54,5.06,
297,0.924445,48.436927,6.800,-25.44,-8.19,
301,0.934885,-17.335970,4.550,28.57,-7.28,
302,0.965114,66.712203,6.310,7.86,-8.15,
330,1.056932,62.287665,5.900,-0.99,-0.37,
343,1.082339,-16.528890,5.780,53.77,-60.27,
345,1.084575,-29.268830,6.380,29.15,3.44,
355,1.125510,-10.509494,4.990,-6.49,-11.88,
365,1.152484,42.092561,6.110,-11.94,-12.73,
377,1.171888,-71.436858,5.590,30.00,-13.62,
379,1.174323,67.166388,5.680,95.58,23.80,
394,1.221728,34.659553,6.090,769.11,100.49,
398,1.229027,58.532174,6.610,9.06,-3.04,
399,1.233030,26.648800,6.250,112.32,-14.52,
410,1.254726,27.674800,6.470,83.36,-6.57,
417,1.265819,-0.502906,6.320,44.86,-53.47,
418,1.275552,61.313965,5.800,14.29,2.24,
424,1.290753,45.229079,6.710,-27.19,-20.38,
432,1.304179,35.571103,6.880,2.96,-37.47,
441,1.332967,-38.857231,6.930,73.31,32.46,
443,1.333941,-5.707833,4.610,-8.29,88.19,
448,1.342713,3.606107,6.910,-20.57,-6.31,
458,1.367626,-7.665328,6.970,20.67,-37.87,
472,1.415498,55.709902,6.990,8.82,-1.82,
476,1.424732,13.396282,5.550,42.59,-6.51,
496,1.486288,24.569046,6.900,34.93,-17.05,
502,1.502242,28.276961,6.620,-5.09,-4.69,
508,1.517732,40.418536,6.650,-2.99,-2.59,
518,1.564744,58.436690,5.980,247.36,17.77,
522,1.577763,-49.075094,5.700,575.21,-39.94,
525,1.583934,40.898720,6.930,82.91,10.65,
531,1.610529,64.196169,5.570,9.70,0.01,
540,1.648107,28.553437,6.680,-8.29,-13.54,
544,1.652210,29.021935,6.070,379.94,-178.34,
560,1.708436,-23.107425,6.190,97.30,-47.09,
567,1.722070,-38.877689,6.910,-11.35,8.97,
602,1.826139,-17.387031,6.200,-10.77,17.02,
619,1.896570,31.669050,6.870,8.35,-20.12,
626,1.908089,40.147996,6.730,-25.03,-17.45,
631,1.920489,-65.932275,6.830,29.30,-62.83,
635,1.933732,-2.548686,6.430,30.12,2.77,
636,1.945232,-22.508475,5.930,70.10,-34.71,
655,2.014655,-33.529334,5.670,-42.75,3.15,
664,2.050383,-2.447699,6.180,7.25,-4.87,
671,2.073136,-8.824025,5.990,-34.13,-35.67,
677,2.096533,29.090828,2.070,135.68,-162.95,Sirrah
695,2.136950,63.204049,6.410,-9.43,-3.52,
696,2.139532,-17.578040,6.110,14.92,-47.27,
699,2.170923,36.627428,6.210,-114.72,-124.60,
714,2.208326,40.494569,6.820,7.09,-7.99,
716,2.216954,25.462852,6.240,104.61,54.77,
728,2.250655,28.247556,6.470,5.90,-5.62,
729,2.259742,18.212025,5.570,140.93,-25.57,
730,2.259782,-54.001963,6.320,46.45,13.08,
737,2.264904,40.843277,6.930,126.00,-171.99,
746,2.292040,59.150218,2.280,523.39,-180.42,Alpheratz
760,2.332620,79.714641,6.010,106.17,-39.37,
761,2.337586,-27.987904,5.420,72.57,-9.99,
765,2.352249,-45.746988,3.880,122.15,-180.13,
798,2.467065,-62.296837,6.340,17.32,17.50,
803,2.479244,-2.561230,6.840,3.61,-14.97,
813,2.509103,11.145809,5.540,29.73,1.64,
814,2.509454,-82.223997,5.290,-21.66,-20.39,
829,2.533307,-78.300660,6.970,8.12,-23.32,
840,2.578539,-5.248517,5.840,34.98,-29.01,
841,2.580175,46.072271,5.010,4.51,0.21,
857,2.623580,57.165497,6.740,20.10,-1.19,
858,2.635070,33.130886,6.830,-25.63,-0.52,
860,2.644383,59.673414,6.700,7.17,-3.15,
865,2.659623,-73.224434,6.660,121.50,18.57,
873,2.678106,-12.579804,5.840,149.39,-38.22,
881,2.695168,-34.860712,6.890,85.20,-1.28,
902,2.782896,57.587915,6.680,-37.27,11.00,
906,2.790127,-3.321360,6.740,27.57,-12.04,
910,2.816284,-15.467323,4.890,-84.20,-269.31,
930,2.893404,-27.799778,5.410,4.61,17.09,
932,2.897078,-18.600678,6.930,41.63,8.79,
950,2.932867,-35.133396,5.240,169.01,113.75,
966,2.983857,-42.172035,6.530,-87.80,-45.06,
967,2.995967,48.152371,6.180,60.54,10.39,
969,3.005500,23.471740,6.580,86.82,3.73,
973,3.012596,-13.813137,6.560,-3.90,-17.19,
981,3.033543,53.623918,6.870,38.90,-12.28,
983,3.041454,-17.938218,5.290,60.48,-24.69,
1009,3.142016,44.707248,6.500,98.84,-21.64,
1026,3.199848,46.095437,6.630,94.57,-13.25,
1030,3.209352,37.693663,6.710,0.50,-2.74,
1046,3.266310,-22.470210,6.660,4.23,14.97,
1057,3.289640,16.921652,6.520,-16.55,-80.54,
1063,3.302668,62.040924,6.630,72.25,-18.94,
1067,3.308958,15.183616,2.830,4.70,-8.24,
1074,3.331452,-84.994021,5.780,10.97,17.40,
1076,3.349722,26.987625,6.240,-15.68,-32.71,
1086,3.378897,41.035727,5.710,-122.76,-146.91,
1096,3.425918,-26.022154,5.940,37.59,-78.73,
1099,3.434915,-26.284983,6.140,-3.21,9.89,
1101,3.437930,-48.684132,6.970,-17.29,-22.56,
1102,3.439241,-23.214602,6.860,127.13,-74.95,
1107,3.448293,1.383623,6.790,-25.42,-15.09,
1118,3.484101,59.999343,6.910,8.29,-10.05,
1123,3.509527,33.206085,6.220,-7.70,-18.77,
1126,3.516919,-74.912060,6.970,48.24,24.14,
1133,3.537452,26.258872,7.000,63.63,-30.49,
1140,3.561294,-55.069591,6.660,-2.89,-29.25,
1146,3.586692,-62.771979,6.630,7.22,11.18,
1147,3.586860,-21.196394,6.890,-73.81,-233.62,
1158,3.614968,-7.780538,5.130,61.01,2.36,
1161,3.616959,-14.431478,6.950,-78.95,-126.37,
1164,3.640385,41.032581,6.680,56.93,25.22,
1168,3.650450,20.206697,4.790,90.66,1.88,
1170,3.660136,-18.932686,4.440,-27.15,-73.78,
1176,3.668287,-14.805142,6.630,122.86,-40.20,
1185,3.701051,-14.177583,6.820,-71.05,-47.73,
1191,3.727089,-9.569551,5.770,22.64,-8.45,
1192,3.732479,-3.027351,6.640,-55.36,-25.33,
1193,3.732794,22.284252,6.250,45.06,-11.00,
1195,3.742532,-34.904194,6.170,76.54,-11.99,
1196,3.744924,8.821023,6.020,97.67,-24.96,
1208,3.778865,31.535738,6.340,33.23,-5.37,
1215,3.793978,27.283477,6.350,14.69,-15.37,
1233,3.824280,44.203398,6.760,6.82,-0.66,
1249,3.910832,5.843839,6.980,46.20,3.37,
1269,3.978632,61.000197,6.430,-20.94,-10.28,
1268,3.978902,-75.911609,6.490,-17.82,-2.41,
1288,4.036607,-31.446328,5.660,117.87,-27.11,
1292,4.046838,-79.851041,6.590,433.87,-57.95,
1296,4.057853,76.950763,6.350,19.77,-3.13,
1302,4.089586,43.595106,6.120,35.61,-23.43,
1319,4.141905,8.240190,6.120,-28.01,-14.69,
1325,4.164251,1.850577,6.980,4.58,12.20,
1330,4.175348,-32.688373,6.670,-27.71,-25.62,
1331,4.176448,-20.210057,6.500,-6.96,-1.53,
1333,4.179355,36.629874,6.990,-27.92,-25.46,
1339,4.190318,10.244758,6.510,2.84,8.21,
1342,4.200804,-78.780092,6.780,61.60,-25.18,
1349,4.223300,-52.651592,6.840,314.94,182.50,
1352,4.224885,49.461929,6.520,-16.27,-5.63,
1353,4.229051,23.256232,6.950,41.69,-16.08,
1354,4.237712,61.533194,5.740,-6.00,-3.46,
1366,4.273065,38.681679,4.610,-50.01,-17.90,
1372,4.287667,47.947415,5.860,4.05,-3.97,
1392,4.352098,8.876334,6.660,75.32,75.53,
1402,4.386210,-19.051086,6.460,20.45,-2.36,
1415,4.429440,51.433094,6.110,-4.19,-1.62,
1421,4.448522,1.688705,6.190,90.04,9.15,
1429,4.463468,20.227023,6.910,14.37,-11.93,
1439,4.484627,12.771514,6.540,-7.85,-19.50,
1444,4.494303,-13.455639,6.510,396.98,-0.60,
1456,4.538294,46.214355,6.830,30.32,-17.25,
1464,4.570613,-21.138455,6.690,1.37,-1.85,
1465,4.571939,11.206283,6.070,-32.75,-28.60,
1469,4.576728,-36.509894,6.670,19.40,4.34,
1473,4.582106,36.785327,4.510,-66.51,-42.48,
1486,4.619929,62.202805,6.970,-1.96,-12.30,
1493,4.659241,31.517234,5.880,58.09,-2.91,
1499,4.673423,-8.052651,6.470,417.66,-144.20,
1501,4.675625,43.791148,6.100,23.31,-2.72,
1502,4.677175,-43.235571,6.330,50.23,-0.06,
1562,4.857013,-8.823829,3.560,-14.37,-37.84,
1575,4.923247,40.729507,6.350,-25.30,-19.00,
1587,4.961998,-2.478972,6.960,-7.74,36.57,
1595,4.984515,16.250900,6.600,-12.91,-11.94,
1598,5.002138,38.228069,6.970,-140.89,-276.39,
1599,5.007976,-64.877623,4.230,1707.56,1165.36,
1600,5.012207,-17.700417,6.730,37.92,-6.72,
1602,5.021102,6.292620,6.810,-1.41,11.64,
1603,5.021538,48.865485,6.530,-3.26,-14.65,
1611,5.043836,-13.061493,6.850,53.00,12.65,
1630,5.101633,30.935615,5.890,15.27,-0.64,
1639,5.128841,48.968641,6.460,8.08,-3.43,
1642,5.137252,45.508981,7.000,73.72,-21.95,
1644,5.142140,56.556962,6.730,44.83,-16.21,
1645,5.149434,8.190248,5.380,-4.50,9.59,
1647,5.162679,-69.624912,5.500,-4.01,-0.64,
1652,5.181519,61.879596,6.800,-2.92,-0.43,
1657,5.189744,32.911229,5.790,-29.44,-17.29,
1660,5.202405,-23.630229,6.780,3.75,2.54,
1669,5.225492,32.978163,6.900,10.09,-64.80,
1670,5.227553,10.976968,6.570,-35.92,-27.47,
1684,5.267615,-2.909610,6.920,88.13,4.60,
1686,5.280108,37.968700,5.160,58.32,-39.65,
1706,5.369762,-77.426857,5.960,14.23,-6.44,
1708,5.379901,-28.981295,5.180,32.77,-71.48,
1715,5.396143,38.187160,6.860,33.61,-16.42,
1725,5.426842,67.823025,6.550,-23.50,-4.15,
1728,5.442645,-20.057993,5.610,62.63,-12.77,
1766,5.588407,-50.992603,6.680,69.66,47.78,
1772,5.606022,13.482434,6.250,63.78,22.35,
1795,5.699843,-39.262354,6.750,101.51,-24.55,
1799,5.707598,29.454304,6.950,82.08,-9.82,
1803,5.714804,-12.209585,6.390,394.27,60.45,
1809,5.739018,38.754274,6.690,3.20,5.18,
1821,5.768131,-15.942617,6.430,76.78,25.04,
1830,5.802471,-31.035782,6.550,22.06,2.68,
1849,5.842191,-29.847158,6.810,29.86,-38.29,
1892,5.972149,60.961634,6.570,-112.27,-91.00,
1905,6.021969,44.264744,6.660,-9.21,-4.07,
1921,6.065184,52.019925,5.580,13.70,-4.40,
1939,6.123622,-2.218961,6.080,-34.51,-42.42,
1948,6.158942,14.315520,6.480,15.07,-2.60,
1952,6.165300,31.373082,6.760,9.08,-11.21,
1955,6.184623,-51.043247,6.810,545.60,-254.89,
1960,6.197869,61.831063,5.380,13.67,-2.45,
1962,6.206820,-18.471719,6.900,-3.68,-65.49,
1982,6.276607,53.046785,5.720,25.80,0.30,
2001,6.342017,-39.260153,6.910,31.21,-89.13,
2006,6.350903,1.939724,5.770,-14.33,-12.89,
2021,6.413342,-77.255035,2.820,2220.12,324.37,
2024,6.423960,54.994212,6.780,-1.02,-2.59,
2025,6.424536,7.691231,6.770,39.17,-45.05,
2032,6.439938,-27.710104,6.880,40.40,-35.47,
2036,6.463501,71.807123,6.910,-1.39,1.48,
2058,6.515354,20.146835,6.670,-5.27,6.77,
2074,6.550422,56.779340,6.710,-49.64,-45.66,
2072,6.550484,-43.679909,3.930,106.14,32.83,
2080,6.568690,3.825755,6.900,16.80,0.78,
2081,6.570281,-42.305122,2.400,232.76,-353.64,
2086,6.590579,-18.693603,6.240,21.65,-12.07,
2087,6.590892,49.049007,6.940,-2.07,-6.46,
2100,6.655722,-0.049536,6.160,69.63,1.49,
2101,6.664377,56.641207,6.580,14.85,0.05,
2106,6.674638,-69.307055,6.980,54.31,-22.46,
2135,6.768786,25.042108,6.660,102.06,-16.89,
2142,6.780451,80.052148,6.530,23.37,-2.91,
2151,6.801859,49.985730,6.950,4.06,-1.89,
2159,6.811197,-25.547133,5.990,32.93,-15.26,
2178,6.879229,16.025459,6.440,89.80,9.88,
2184,6.906408,-20.134536,6.780,59.55,4.96,
2210,6.982136,-33.007045,4.860,-20.48,-50.39,
2213,6.993666,19.514081,6.400,-22.30,-17.33,
2219,7.011852,17.893075,5.010,114.91,20.48,
2224,7.052886,16.445101,6.050,18.37,-14.57,
2225,7.056605,44.394489,5.180,84.10,-15.33,
2227,7.058938,-29.040206,6.750,-44.83,-26.99,
2235,7.083467,10.190341,6.050,32.79,-203.14,
2237,7.088207,-20.334777,6.440,-118.11,-112.69,
2240,7.110073,-39.914902,5.420,135.95,-41.36,
2243,7.119123,32.437792,6.870,-26.66,-19.52,
2246,7.138140,-11.237219,6.860,98.96,-10.24,
2256,7.179087,-50.532846,6.260,159.44,-5.33,
2270,7.236105,36.899701,6.280,-4.42,-2.76,
2304,7.346350,-40.665412,6.820,22.13,-7.85,
2312,7.372230,-3.469288,6.950,37.84,4.49,
2320,7.400263,62.064167,7.000,54.36,-5.77,
2323,7.412556,-2.840326,6.890,90.88,-40.26,
2330,7.454137,-32.115926,6.590,13.12,-22.97,
2337,7.465869,-14.864027,6.150,147.08,-33.98,
2353,7.509804,-3.957297,5.720,8.61,-14.51,
2355,7.530566,29.751696,5.200,43.56,-57.18,
2358,7.536234,4.860076,6.520,-18.62,14.50,
2377,7.582974,59.977564,5.940,16.26,-3.94,
2381,7.594463,-23.787714,5.170,-26.95,13.97,
2383,7.608228,-48.214698,5.670,163.44,-87.30,
2388,7.615949,-40.939625,6.180,-3.25,16.16,
2392,7.621946,-39.518358,6.600,54.71,-77.88,
2415,7.696540,16.037615,6.830,-29.98,-1.31,
2422,7.725816,77.019488,6.180,340.40,-34.36,
2431,7.749621,-10.084653,6.860,-28.76,-19.50,
2440,7.766151,55.702821,6.570,91.95,-84.87,
2455,7.803767,43.946552,6.760,4.05,-5.09,
2472,7.853567,-48.803562,4.760,140.74,19.47,
2474,7.855008,66.519627,6.180,19.38,-3.87,
2475,7.856688,33.581682,5.880,49.61,-16.26,
2484,7.885670,-62.958085,4.360,82.48,-54.37,
2487,7.888980,-62.965450,4.530,87.95,-45.79,
2490,7.900371,16.021016,6.890,-3.35,-40.28,
2491,7.905664,9.161216,6.990,-13.55,-5.96,
2497,7.921712,52.839558,5.590,-55.33,-13.14,
2505,7.942991,54.522325,4.740,40.78,-14.81,
2517,7.978669,19.642958,6.870,4.81,2.85,
2537,8.047426,53.815111,6.940,-7.54,-2.82,
2539,8.058517,34.993943,6.740,11.43,-23.53,
2548,8.098979,6.955455,5.690,45.91,3.54,
2553,8.111610,43.494817,6.690,19.88,-9.59,
2557,8.125056,51.728262,6.940,-13.04,-2.53,
2560,8.133014,18.795072,6.790,-12.74,-77.91,
2565,8.144028,27.580777,6.680,-2.48,-7.53,
2568,8.147503,20.294433,5.380,136.81,-48.10,
2572,8.164126,-25.359582,6.720,-5.78,-54.37,
2573,8.164440,23.193369,6.840,128.70,23.64,
2576,8.180054,38.843826,6.900,-17.84,-22.49,
2578,8.182476,-63.031379,5.070,86.15,-49.85,
2581,8.197731,54.120035,6.910,75.05,-35.63,
2583,8.204541,28.280226,6.260,-4.20,6.08,
2595,8.232463,16.167169,6.900,48.48,27.17,
2599,8.249944,62.931788,4.170,3.99,-2.10,
2611,8.293015,54.895081,5.930,70.08,-39.36,
2628,8.330015,70.981848,6.410,35.38,-1.81,
2629,8.346772,-71.266215,6.110,73.49,-13.04,
2661,8.421088,-29.558207,5.550,-27.91,-29.31,
2663,8.432704,-35.000822,6.410,-60.33,-516.78,
2695,8.544822,10.299581,6.760,64.53,-156.44,
2701,8.580883,-42.431286,6.880,87.95,19.19,
2707,8.603693,66.750352,6.470,23.84,-0.28,
2708,8.604752,-45.425868,6.800,9.98,15.82,
2710,8.613389,-6.503696,6.900,-72.45,-86.61,
2711,8.615063,-52.373183,5.570,227.80,38.21,
2734,8.730866,13.371269,6.390,-74.19,-54.54,
2753,8.790130,36.832272,6.580,-20.36,-16.14,
2762,8.811004,-3.592758,5.200,407.68,-36.47,
2782,8.871083,54.203490,6.950,63.15,4.01,
2787,8.886458,-0.505459,5.940,143.36,-61.94,
2789,8.888816,-54.821748,6.040,22.48,-51.27,
2796,8.904886,67.925959,6.920,0.40,0.44,
2802,8.921395,-48.000660,5.510,47.14,-101.40,
2814,8.952893,49.021150,6.890,-1.15,-4.09,
2832,8.978672,13.207502,6.320,-133.16,-179.03,
2841,9.003330,-59.717195,6.910,78.00,-18.45,
2843,9.007174,-5.570457,6.720,225.69,-108.55,
2846,9.013315,-14.972891,6.450,-64.72,-59.19,
2852,9.028761,-22.842211,6.060,-71.44,-50.35,
2854,9.034531,54.168454,5.080,22.98,-1.52,
2865,9.083701,27.254792,6.510,17.36,-11.67,
2876,9.113925,60.326217,5.780,3.05,-1.10,
2889,9.156638,-65.124425,6.430,41.88,-8.54,
2888,9.156804,-49.132001,6.790,385.20,-132.44,
2900,9.193629,44.488510,5.140,-36.70,31.77,
2901,9.193958,54.957397,6.770,-42.17,-11.50,
2903,9.197132,15.231760,5.890,0.91,-14.18,
2907,9.206820,-76.309571,6.720,42.21,-3.87,
2912,9.220162,33.719352,4.340,15.23,-3.56,
2920,9.242779,53.896932,3.690,17.77,-9.15,
2926,9.280006,24.014248,6.180,-18.57,-46.04,
2937,9.325733,-54.393810,6.400,70.07,-3.79,
2941,9.332446,-24.767225,5.570,1422.09,-17.15,
2942,9.338442,35.399510,5.450,-9.21,-3.57,
2944,9.342176,-37.287980,6.990,547.87,-40.97,
2948,9.360050,40.332381,6.850,-15.48,-1.30,
2954,9.376827,3.135497,6.430,90.32,-60.23,
2965,9.419556,21.099776,6.840,72.34,-18.79,
2968,9.440350,72.894855,6.960,8.29,-0.54,
2994,9.519029,-0.503503,6.640,-41.51,-10.66,
3025,9.632638,-20.296598,6.730,21.26,8.00,
3030,9.639358,60.324785,6.770,-3.06,-1.38,
3031,9.639580,29.312369,4.340,-229.41,-254.08,
3042,9.669403,-73.137632,6.870,-19.33,5.50,
3045,9.673352,46.956829,6.720,-65.55,-12.43,
3056,9.703110,-25.107766,6.430,56.47,-21.72,
3058,9.705213,59.826161,6.720,19.68,-4.13,
3070,9.739618,26.323806,6.920,0.95,-20.60,
3083,9.791196,49.354595,5.450,7.93,-2.74,
3084,9.796834,-57.967788,6.810,67.71,-30.42,
3092,9.831656,30.861226,3.270,115.38,-83.05,
3093,9.842061,21.251374,5.880,-461.07,-370.88,
3114,9.908960,-85.700844,6.810,173.24,-12.36,
3122,9.931849,-11.150480,6.830,-58.49,-123.93,
3132,9.948979,82.493575,6.380,-113.67,77.23,
3137,9.966312,-44.796333,6.000,42.69,16.74,
3138,9.981475,21.438564,5.360,28.46,-28.51,
3142,9.989965,-33.961186,6.680,330.05,-108.27,
3145,9.997805,76.871170,6.730,3.48,-14.42,
3170,10.102734,-59.455681,5.890,883.26,443.01,
3175,10.118987,-16.516598,6.490,41.94,-32.25,
3179,10.126613,56.537409,2.240,50.36,-32.17,
3185,10.135016,-23.803993,6.140,635.49,-363.28,
3188,10.138867,-29.420879,6.750,17.19,8.14,
3193,10.176588,-4.351806,5.900,-15.29,-14.48,
3231,10.279981,39.458671,5.300,-14.37,-3.02,
3236,10.299778,9.355308,6.520,-122.64,-103.11,
3240,10.303101,52.197734,6.740,-36.37,-27.92,
3245,10.331567,-46.085009,4.590,-28.92,1.04,
3266,10.393630,-25.196458,6.550,-5.10,-43.38,
3267,10.393825,65.868362,6.950,71.95,-60.45,
3269,10.399897,24.629065,6.060,104.68,-23.40,
3277,10.442925,-56.501455,5.720,90.15,57.28,
3299,10.514316,66.147613,5.830,-9.79,-8.55,
3300,10.516184,50.512542,4.800,12.32,-6.48,
3316,10.560452,-11.804800,6.780,90.41,-28.66,
3330,10.617905,-65.468130,5.380,54.11,41.12,
3334,10.629206,58.753431,6.180,29.43,-8.47,
3346,10.658309,52.337162,6.940,-5.56,-3.25,
3352,10.673499,-60.262682,5.990,263.68,-51.74,
3356,10.678708,-38.463467,6.050,2.49,-6.25,
3369,10.711497,-9.921639,6.630,-26.97,-21.33,
3371,10.719877,16.662669,6.560,-33.20,-84.12,
3397,10.822803,-45.181347,6.980,31.67,4.36,
3405,10.838517,-57.463098,4.360,-5.16,15.50,
3414,10.867045,47.024637,4.950,-24.52,-37.16,
3419,10.896785,-17.986684,2.040,232.79,32.71,
3436,10.958702,-12.011307,6.010,-0.84,-207.83,
3438,10.967767,33.310684,6.920,1.04,12.90,
3445,11.012528,70.823480,6.750,-12.68,-22.40,
3455,11.047523,-10.609274,4.770,-6.96,-113.88,
3456,11.049647,-38.421979,5.900,247.02,120.68,
3459,11.059846,-49.385892,6.860,36.57,-0.44,
3478,11.109276,47.863963,5.660,-39.77,8.54,
3489,11.131348,-62.497606,6.060,103.16,6.29,
3490,11.147280,-78.082173,6.610,14.96,-6.52,
3497,11.162685,-65.647718,6.550,157.92,-742.38,
3504,11.181259,48.284383,4.480,17.79,-7.62,
3505,11.185155,-22.006332,5.220,-66.07,81.15,
3509,11.199058,67.158321,6.900,217.29,-57.56,
3517,11.227626,-63.196526,6.940,13.14,-38.68,
3521,11.238015,-42.676325,5.940,-89.06,-96.11,
3527,11.248836,-53.714900,6.150,223.40,2.20,
3532,11.260000,62.528609,6.620,7.81,-2.26,
3544,11.321681,55.221409,5.410,-28.35,-5.34,
3552,11.350433,-4.629251,6.150,37.13,37.65,
3559,11.369613,-12.880310,6.150,-32.25,-205.68,
3572,11.412964,74.988126,5.640,-14.93,-21.86,
3576,11.423751,-16.424205,6.470,12.04,-6.07,
3583,11.439308,-47.552176,5.800,183.96,78.36,
3584,11.441460,56.774896,6.950,1.71,-3.90,
3604,11.544996,44.861508,6.030,17.64,-4.56,
3607,11.548455,-22.522067,5.490,197.14,-12.25,
3611,11.562679,55.305391,6.510,9.85,-4.38,
3632,11.637400,15.475612,5.360,-29.45,-44.22,
3637,11.655372,-30.190929,6.810,-23.76,-3.06,
3638,11.657396,46.893770,6.860,39.11,6.13,
3641,11.659293,69.325371,6.390,166.87,15.31,
3649,11.676942,59.574541,6.410,-5.89,-0.88,
3650,11.686685,21.624377,6.950,55.26,-19.70,
3675,11.755943,11.973935,5.510,53.83,-35.12,
3685,11.806501,19.578686,6.110,107.75,6.66,
3693,11.834959,24.267377,4.080,-101.23,-81.89,
3697,11.848431,6.740981,5.980,14.42,-10.26,
3717,11.930007,-18.061423,5.700,30.18,34.40,
3719,11.937315,26.291627,6.930,99.22,11.38,
3721,11.941749,74.847587,5.420,15.03,-5.94,
3730,11.978035,20.925311,6.510,160.09,14.46,
3736,11.995960,51.444782,6.860,-4.48,-11.75,
3741,12.004379,-21.722475,5.570,24.99,-7.23,
3750,12.036981,72.674458,5.860,133.71,9.87,
3755,12.048551,65.119638,6.910,25.78,-11.59,
3760,12.072269,7.299920,5.920,111.61,3.41,
3765,12.093888,5.283389,5.740,758.04,-1141.22,
3781,12.146327,-74.923354,5.090,133.21,-34.59,
3786,12.170397,7.585202,4.440,83.14,-50.48,
3787,12.171242,52.100843,6.820,3.77,-13.35,
3788,12.171726,-28.495298,6.780,85.66,-54.88,
3801,12.208306,50.968192,4.900,30.28,-9.82,
3807,12.236403,-46.697698,6.280,-10.56,20.81,
3810,12.244624,16.941134,5.070,-2.33,-201.57,
3823,12.269414,14.809199,6.950,0.81,1.66,
3821,12.271253,57.816548,3.460,1087.11,-559.65,
3834,12.307910,-24.136527,5.900,77.47,-59.62,
3849,12.356474,-13.561017,5.590,103.34,-105.83,
3858,12.389324,-23.362109,6.270,-12.25,-14.18,
3865,12.405228,47.763989,6.660,-50.62,-25.29,
3881,12.453457,41.078955,4.530,22.68,-18.05,
3885,12.471287,27.710311,5.550,86.54,-10.20,
3889,12.478920,-0.224117,6.640,24.14,-8.64,
3901,12.509362,70.774175,6.900,17.82,-3.89,
3903,12.515651,-43.394945,6.490,13.43,9.70,
3909,12.532185,-10.643770,5.170,-224.67,-228.44,
3919,12.575890,45.002241,6.130,60.72,6.93,
3949,12.671367,-50.986924,5.240,62.99,44.67,
3951,12.681552,64.247581,5.350,29.39,-12.85,
3961,12.718478,-71.151526,6.860,-12.77,38.31,
3964,12.733513,77.953560,6.760,75.17,-13.73,
3965,12.738609,51.508034,6.380,137.97,-0.49,
3979,12.794560,-5.038989,6.980,262.27,-119.18,
3988,12.818273,61.805498,6.040,-2.03,-1.87,
3992,12.826296,3.385175,6.390,22.13,-63.64,
3995,12.832853,-9.405565,6.890,-23.24,9.08,
4006,12.858042,63.781171,6.870,-1.37,-0.93,
4023,12.890796,51.571453,6.220,-3.20,-10.96,
4025,12.895153,12.784824,6.700,85.20,-21.95,
4049,12.967273,-43.709038,6.890,30.29,3.36,
4058,12.987887,33.890033,6.870,-2.39,-21.59,
4084,13.102139,-69.503596,6.670,3.81,-68.87,
4104,13.169171,-24.005926,5.470,37.32,33.58,
4127,13.215928,40.245442,6.760,-91.08,52.37,
4129,13.222334,38.548856,6.700,26.31,-10.15,
4147,13.252044,-1.144221,4.780,6.49,-16.29,
4151,13.267831,61.123557,4.800,-68.45,169.72,
4164,13.301640,-24.776973,6.440,104.49,39.95,
4185,13.367563,37.418317,6.070,11.25,-44.41,
4197,13.404072,29.489421,6.700,-2.83,-47.85,
4200,13.407412,-62.871353,5.730,74.42,0.65,
4207,13.421979,-4.525580,6.530,99.84,-3.63,
4212,13.448029,52.689345,6.270,75.18,-21.03,
4232,13.496010,-48.791376,6.820,81.10,8.10,
4257,13.573262,-8.740547,6.150,16.98,-47.34,
4267,13.646750,19.188436,5.800,11.05,-7.69,
4283,13.719848,83.707462,5.590,62.00,-10.71,
4288,13.741750,23.628446,5.460,137.06,-45.58,
4291,13.747963,-74.302634,6.680,125.74,114.51,
4292,13.750804,58.972797,4.830,-32.24,-40.69,
4293,13.751247,-69.526979,5.450,7.92,-43.35,
4298,13.771768,48.678548,6.280,-23.51,-11.56,
4311,13.799830,-47.405533,6.730,-80.48,-177.97,
4317,13.811073,24.557096,6.190,23.51,-14.06,
4346,13.926684,-7.347040,5.880,-6.99,-44.82,
4360,13.970621,-53.192415,6.610,17.39,-51.93,
4363,13.981373,-27.775827,6.110,10.75,-5.10,
4366,13.993843,27.209354,6.080,-19.87,11.09,
4371,14.006275,-11.266507,5.350,-26.79,-8.01,
4382,14.038009,13.951967,6.460,-1.91,-2.86,
4383,14.053862,57.996596,6.200,41.83,-15.91,
4390,14.061661,35.228640,6.930,27.81,-7.73,
4411,14.127852,42.978810,6.530,-6.36,-9.70,
4422,14.166710,59.181166,4.620,-92.56,-45.33,
4427,14.177088,60.716750,2.150,25.65,-3.82,
4436,14.187907,38.499255,3.860,152.78,36.82,
4439,14.195283,-2.729812,6.990,-20.45,-39.89,
4440,14.195587,60.362848,5.560,27.37,-4.77,
4446,14.229121,68.775742,6.390,97.59,-35.05,
4449,14.231072,64.532288,6.980,-0.59,-1.94,
4463,14.301782,23.417760,4.400,-43.72,-46.06,
4475,14.331386,61.421933,6.440,60.00,-15.52,
4496,14.407299,-18.998633,6.920,14.33,4.99,
4501,14.415149,45.839395,6.100,11.25,-6.63,
4500,14.415210,1.785585,6.970,9.59,11.36,
4510,14.458951,28.992236,5.440,5.28,-7.77,
4511,14.459175,-1.765971,6.560,22.02,-4.15,
4520,14.477147,13.695879,6.300,-5.97,-5.76,
4542,14.541168,39.475441,6.550,-1.73,-28.90,
4550,14.552943,70.496369,6.970,9.47,-3.59,
4552,14.559143,33.951059,5.990,35.25,-71.86,
4558,14.578742,21.404503,6.470,-9.65,-3.49,
4559,14.580984,6.844328,6.740,30.87,-6.44,
4563,14.592410,-60.696296,6.230,42.11,23.33,
4572,14.629162,66.351825,5.970,43.44,-13.19,
4577,14.651441,-29.357464,4.300,22.44,6.30,
4584,14.679578,47.036606,6.840,1.05,-8.20,
4587,14.682865,-11.379939,5.620,-33.16,-15.02,
4592,14.690602,-5.882618,6.570,3.32,-81.41,
4608,14.762629,27.657118,6.990,24.60,8.53,
4637,14.884464,48.966416,6.900,20.20,-31.74,
4655,14.956978,6.483238,6.140,20.08,-5.29,
4675,15.014780,44.713304,5.690,14.72,-25.24,
4703,15.116592,21.249159,6.830,1.54,-6.70,
4704,15.123278,80.545374,6.670,85.98,12.33,
4709,15.128615,70.983004,6.400,76.68,-6.50,
4719,15.147082,-36.238236,6.990,36.75,-3.99,
4726,15.168335,-1.658576,6.850,6.27,-19.82,
4770,15.325939,-38.916649,5.590,66.98,49.92,
4771,15.328924,45.452115,6.860,98.86,-26.64,
4772,15.328935,-60.860386,6.910,73.14,98.11,
4786,15.362668,49.544227,6.480,4.33,-2.68,
4789,15.375654,69.358528,6.670,-7.42,-2.71,
4794,15.392558,-38.214560,6.610,-50.83,-87.72,
4801,15.410837,-16.265351,6.470,72.02,-91.55,
4809,15.431224,25.292250,6.710,135.88,-12.68,
4811,15.440812,57.816702,6.770,1.08,-2.59,
4829,15.507558,-57.002429,6.120,6.46,16.53,
4834,15.531749,56.328701,6.710,44.61,-11.72,
4843,15.576436,81.875588,6.900,24.04,-5.36,
4844,15.576954,51.034970,6.480,-4.18,-13.36,
4852,15.609907,-31.552042,5.500,81.00,15.25,
4868,15.648212,27.747932,6.880,76.54,8.14,
4878,15.677513,9.133013,6.830,66.28,-23.69,
4879,15.678728,-65.456111,6.250,8.53,3.68,
4889,15.704527,31.804337,5.500,15.53,-30.38,
4890,15.704966,-46.397338,5.390,-2.21,10.96,
4902,15.724090,51.798106,6.840,10.89,-5.46,
4903,15.726149,41.345199,5.950,-16.96,-16.95,
4906,15.736066,7.890073,4.270,-80.57,25.88,
4911,15.756134,47.376195,6.460,86.92,-15.47,
4914,15.760853,-4.836350,5.400,-117.05,-102.91,
4932,15.824018,-29.525771,6.280,-102.77,-31.82,
4934,15.825172,-60.097259,6.810,-119.10,-93.79,
4935,15.827179,-41.021104,6.990,38.09,-2.52,
4962,15.904198,61.074830,5.920,-1.54,-2.96,
4961,15.904213,58.909253,6.750,33.39,-14.92,
4965,15.914118,84.606922,6.740,64.62,-17.55,
4979,15.953986,1.366945,6.060,122.42,-40.69,
4983,15.972347,47.642302,6.820,-5.27,-2.68,
4998,16.009950,52.502309,5.990,1.44,-61.03,
5016,16.069737,54.204400,6.840,-136.74,-63.27,
5021,16.081454,61.580244,5.830,-79.86,-24.77,
5026,16.099602,-47.940370,6.840,59.29,12.62,
5034,16.114874,29.659099,6.200,85.10,-120.26,
5042,16.135867,-33.532788,6.440,-44.23,-23.51,
5045,16.151666,39.991163,6.770,78.23,-21.80,
5062,16.194937,51.009797,6.530,15.47,-6.75,
5070,16.207820,74.372129,6.820,18.65,-1.37,
5074,16.219251,5.656301,6.030,29.08,-16.31,
5081,16.272298,14.946004,5.640,6.94,53.33,
5121,16.403753,-9.979239,6.090,-30.48,-34.24,
5131,16.420532,21.473216,5.330,44.30,-14.32,
5132,16.423658,21.465473,5.550,53.93,-12.63,
5141,16.455093,4.908662,6.350,11.75,-119.26,
5165,16.521277,-46.718490,3.320,-70.16,31.60,
5164,16.521375,-9.839368,5.580,30.98,5.89,
5169,16.526420,-10.985377,6.840,15.01,-27.87,
5170,16.532207,-23.992369,6.120,-41.03,-33.59,
5175,16.546649,32.181543,6.280,7.38,-23.53,
5186,16.594529,62.761467,6.520,102.38,-32.21,
5193,16.610542,-35.660623,6.610,68.12,-17.37,
5198,16.615333,-39.856325,6.640,17.86,19.50,
5204,16.640077,12.955974,6.140,13.76,27.14,
5209,16.656903,8.360132,6.930,-52.39,-38.35,
5232,16.725032,59.858643,6.870,1.99,-13.94,
5233,16.729120,70.931429,6.630,77.56,-12.08,
5240,16.750306,56.935236,6.410,93.95,-108.56,
5248,16.779944,20.151070,6.990,6.05,2.99,
5251,16.789340,53.498193,6.310,16.82,-3.32,
5259,16.803649,-23.996256,6.360,74.44,-31.75,
5262,16.807789,49.555468,6.810,20.87,-8.91,
5268,16.827386,-61.775262,5.360,73.79,-11.24,
5296,16.942168,-9.785592,5.710,149.04,16.99,
5300,16.949272,-41.486935,5.210,36.00,7.85,
5310,16.987958,20.739321,5.560,85.43,-85.81,
5315,16.998252,1.994094,6.440,143.39,-432.84,
5317,17.002994,43.942241,5.040,160.96,-61.32,
5319,17.005018,32.012192,6.230,203.71,-25.62,
5336,17.053838,54.924228,5.170,3421.44,-1599.27,
5339,17.064036,28.868156,6.860,-43.08,-88.95,
5344,17.090996,9.908201,6.710,-3.31,-1.64,
5346,17.093100,5.650221,5.510,-248.40,-165.49,
5348,17.096084,-55.245832,3.940,21.17,29.70,
5361,17.139365,58.263479,5.770,17.15,-12.39,
5363,17.140907,-46.668039,6.890,18.54,23.50,
5364,17.146932,-10.181928,3.460,215.81,-138.33,
5372,17.183997,86.257118,4.240,80.34,-11.36,
5412,17.301221,80.011677,6.240,-30.97,-39.96,
5414,17.304464,69.686526,6.930,1.49,-0.89,
5434,17.375509,47.241824,4.260,3.81,-13.02,
5440,17.395929,57.350082,6.650,-66.26,-35.07,
5444,17.413102,23.794289,6.650,7.61,-21.62,
5447,17.432490,35.620830,2.070,175.59,-112.23,
5454,17.455020,19.658385,5.570,-4.65,9.34,
5458,17.467682,54.738879,6.750,20.69,35.28,
5465,17.487021,33.881427,6.970,75.57,7.97,
5477,17.530737,-57.694140,6.410,-2.86,-114.73,
5483,17.547620,15.673971,6.070,20.41,-24.51,
5485,17.549828,-8.906040,6.400,-19.62,-39.20,
5488,17.565096,-56.862806,6.980,-49.00,-64.32,
5493,17.578530,42.081577,5.670,-135.76,-41.87,
5494,17.581039,25.458040,5.810,2.92,-113.75,
5510,17.639822,2.445708,5.970,-8.69,-15.94,
5512,17.642957,51.013288,6.900,6.12,18.04,
5518,17.663606,68.778688,5.320,35.26,-27.48,
5531,17.709829,67.780038,6.550,250.30,23.58,
5542,17.774711,55.149948,4.340,226.62,-19.34,
5544,17.778222,31.424766,5.150,-8.70,-12.02,
5550,17.792871,37.724138,5.800,-15.54,-6.96,
5551,17.794098,46.183914,6.600,-6.36,-25.31,
5566,17.856319,64.202724,5.560,40.94,-19.30,
5571,17.863309,21.034676,4.660,41.66,-10.55,
5575,17.870691,10.291923,6.490,10.94,-6.07,
5586,17.914945,30.089730,4.510,74.29,-37.61,
5589,17.922370,65.018885,5.570,23.85,-12.92,
5594,17.931427,-2.251025,5.930,-57.83,-22.21,
5626,18.068789,79.673975,5.600,95.83,-4.91,
5631,18.080005,12.281946,6.890,-86.48,-51.51,
5636,18.097033,-30.801964,6.540,43.79,-67.67,
5646,18.128117,2.471833,6.550,-178.32,-104.49,
5650,18.141922,45.337480,6.130,24.03,20.95,
5661,18.189030,-37.856404,5.950,88.99,-30.76,
5665,18.194625,-35.205526,6.970,13.28,-14.46,
5666,18.198897,-6.783338,6.590,-62.21,-15.30,
5671,18.220757,32.075465,7.000,12.76,-9.35,
5679,18.247747,30.064308,6.240,21.88,-32.33,
5688,18.290905,61.706204,6.400,29.16,-6.35,
5694,18.317417,34.098415,6.730,8.79,-4.85,
5717,18.386565,29.736317,6.740,-13.19,-36.12,
5737,18.432510,7.575489,5.210,141.66,-55.62,
5742,18.437230,24.583765,4.670,18.58,-21.26,
5743,18.438228,7.578376,6.440,154.42,-47.11,
5764,18.504856,-13.475325,6.880,42.85,29.53,
5772,18.520272,28.529706,6.330,63.06,-53.79,
5778,18.531867,16.133542,5.970,-30.59,-26.18,
5799,18.599862,-7.923500,5.140,123.67,277.58,
5824,18.676666,6.995196,6.040,-13.62,-24.67,
5833,18.704919,-0.974294,5.700,-14.55,205.45,
5862,18.794032,-45.532097,4.970,664.47,178.12,
5878,18.867871,20.414606,6.990,-17.58,-25.79,
5886,18.898436,0.912449,6.710,41.58,2.68,
5896,18.939564,-68.876237,4.250,411.11,127.43,
5914,19.020973,25.769360,6.760,-5.78,-1.11,
5926,19.049591,71.743845,5.870,-1.59,-1.18,
5927,19.050365,-42.009664,6.580,-55.92,-21.29,
5928,19.052519,87.145545,6.200,49.99,-20.22,
5936,19.078760,33.114807,6.040,27.97,-35.89,
5939,19.102023,48.082256,6.610,8.25,-4.25,
5942,19.115739,23.589481,6.690,-12.62,-9.34,
5943,19.120422,-67.431092,6.910,130.54,24.36,
5944,19.122261,42.939494,6.590,-112.45,-30.49,
5947,19.129326,79.909869,6.270,-48.26,59.00,
5951,19.151445,-2.500213,5.420,-100.62,-63.95,
5985,19.245229,-2.278818,6.520,259.08,-140.70,
5992,19.265338,-66.397891,6.230,53.04,15.04,
5993,19.271059,44.902090,6.110,11.75,-40.32,
6010,19.319228,39.480549,6.690,-15.25,-3.45,
6025,19.350598,31.744609,6.360,-44.70,3.32,
6027,19.359539,57.632079,6.860,2.03,0.55,
6039,19.395791,-65.211780,6.920,27.87,3.10,
6047,19.424046,44.631915,6.780,6.13,-0.68,
6048,19.426470,-7.659559,6.800,20.94,22.35,
6057,19.438552,56.631635,6.680,63.86,-16.65,
6060,19.449834,49.008477,6.990,24.12,-13.09,
6061,19.449934,3.614520,5.130,-48.38,-22.37,
6087,19.542258,47.419716,6.290,7.75,-4.24,
6093,19.557884,57.803169,6.390,-7.68,-1.21,
6099,19.577802,67.816439,6.680,-8.47,-7.29,
6133,19.675807,72.877959,6.990,28.69,-17.75,
6137,19.684004,-43.332929,6.780,2.05,5.24,
6139,19.691397,72.401455,6.870,37.07,-8.96,
6140,19.695899,37.386302,6.440,-8.67,-11.34,
6193,19.866575,27.264087,4.740,26.21,-11.62,
6198,19.872323,80.894196,6.700,-22.17,7.00,
6226,19.951217,-0.508995,5.870,5.35,-13.91,
6229,19.965573,58.208147,6.990,-1.71,-1.71,
6234,19.990525,-15.814084,6.700,61.23,-95.90,
6237,20.012387,-9.883602,6.650,27.81,-75.90,
6241,20.020408,41.970667,6.950,11.91,-58.11,
6242,20.020490,58.231616,4.950,-1.31,-2.19,
6261,20.081046,77.570465,6.310,-18.46,89.47,
6271,20.115638,-57.338733,7.000,174.56,88.85,
6272,20.115990,-11.238815,6.160,-50.54,-75.93,
6283,20.144055,-3.247000,6.260,-1.93,4.32,
6288,20.169271,-13.889994,6.840,39.97,7.17,
6312,20.271606,64.658188,6.330,59.68,-23.53,
6315,20.280641,28.738390,5.230,28.53,-75.19,
6331,20.322924,-6.159436,6.780,24.90,-35.52,
6333,20.326634,-49.741638,6.750,39.06,39.81,
6334,20.330105,11.536746,6.890,60.89,0.11,
6336,20.352442,-50.936924,6.600,37.71,-4.69,
6369,20.453649,-66.384115,6.940,-34.05,-5.24,
6371,20.466422,50.121988,6.540,4.78,-1.92,
6376,20.492816,12.604175,6.970,34.67,-3.61,
6378,20.495581,76.238888,6.370,67.85,-34.31,
6393,20.538487,-37.051562,6.710,14.94,-6.25,
6401,20.552439,43.584135,6.690,3.63,-7.46,
6405,20.573059,18.682713,6.960,555.56,-3.76,
6411,20.584971,45.528757,4.870,32.21,8.73,
6427,20.627154,-19.081050,6.350,-58.42,-64.95,
6429,20.645068,-0.449644,6.500,23.47,-11.95,
6432,20.653812,1.726441,6.210,65.45,-44.78,
6440,20.679228,-36.596466,6.710,58.33,-24.68,
6441,20.681185,4.738287,6.870,-32.11,-19.03,
6451,20.723235,11.366618,6.770,45.20,-46.94,
6477,20.821453,-33.548012,6.800,40.12,-4.20,
6480,20.825294,36.514673,6.800,29.83,-16.76,
6486,20.838635,58.143214,6.360,132.26,-90.68,
6492,20.853969,20.468990,5.970,-5.59,-9.30,
6502,20.879034,-30.945506,5.840,-15.51,-45.83,
6507,20.895602,-24.352775,6.660,-20.64,4.48,
6512,20.905466,34.245601,6.280,231.92,117.55,
6514,20.918983,37.714990,5.600,81.77,-19.64,
6522,20.945066,78.726048,6.070,-4.29,3.24,
6527,20.961761,17.818444,6.590,76.16,-41.17,
6537,21.006047,-8.182754,3.600,-78.38,-206.88,
6539,21.010139,-8.007252,6.210,179.74,-67.31,
6551,21.050790,-31.811777,6.850,165.45,-76.58,
6560,21.077818,43.142119,6.690,-1.53,-9.17,
6564,21.085354,-6.914669,5.920,31.05,5.12,
6589,21.166311,-15.660419,6.170,29.88,-20.19,
6591,21.167751,-34.140057,6.690,85.05,38.45,
6592,21.169889,-41.492459,5.420,16.95,-36.94,
6595,21.174677,-44.528528,6.260,-10.09,-19.40,
6605,21.202811,-2.848522,6.170,10.79,-28.02,
6624,21.252406,-5.946409,6.760,13.91,-7.58,
6631,21.271981,-64.369436,5.920,23.15,-17.10,
6649,21.329623,16.257082,6.990,6.14,-10.38,
6669,21.398568,23.511573,6.180,34.07,-22.18,
6670,21.405039,-14.598754,4.900,42.54,-17.25,
6679,21.419350,2.972085,6.990,33.60,-12.68,
6685,21.442927,70.979921,6.340,9.33,-13.89,
6686,21.452513,60.235403,2.660,297.24,-49.49,
6687,21.468037,-3.927327,6.500,60.72,-26.32,
6690,21.479868,-8.504337,6.570,12.93,-23.54,
6692,21.482934,68.129947,4.720,75.07,26.82,
6702,21.535909,34.579907,6.340,235.58,-84.99,
6706,21.563661,19.172321,5.350,-26.80,10.16,
6711,21.577496,43.457886,5.980,108.31,-60.45,
6714,21.598176,20.070902,6.440,55.53,-40.07,
6717,21.613826,-0.398986,6.420,50.11,-19.66,
6732,21.673529,19.240565,5.500,50.82,-58.73,
6733,21.679215,43.691971,6.900,134.34,-39.65,
6736,21.682424,27.246704,6.750,-8.29,-56.06,
6748,21.714818,-13.056534,5.510,14.53,9.01,
6751,21.723119,3.535686,6.590,6.14,-17.40,
6760,21.741790,-41.747369,6.670,51.95,-18.63,
6759,21.742084,-32.543100,6.570,-8.84,-33.51,
6771,21.770267,-30.235821,6.710,-30.43,-36.14,
6776,21.775895,34.377578,6.270,160.89,-10.75,
6789,21.847128,-22.338027,6.430,-1.66,-84.29,
6791,21.854793,-20.351861,6.890,12.25,23.06,
6794,21.861105,41.101098,6.420,9.84,24.67,
6797,21.867833,-9.297074,6.860,28.29,-31.80,
6799,21.872269,-45.846244,6.960,0.68,22.16,
6811,21.907173,66.076970,6.980,-5.29,-1.49,
6813,21.912855,45.406953,4.830,356.99,-109.32,
6819,21.928059,31.966761,6.780,-24.24,-87.08,
6822,21.943485,-10.901620,6.130,179.15,15.79,
6823,21.945352,40.335825,6.590,4.68,-8.93,
6835,21.997672,-22.036946,6.570,3.59,4.47,
6858,22.051564,44.049264,6.650,0.72,-8.03,
6859,22.066993,-12.245990,6.910,27.71,-20.79,
6861,22.078616,-49.005851,6.960,20.97,7.73,
6862,22.079648,30.557843,6.900,41.72,-61.28,
6867,22.091424,-43.317729,3.410,-18.21,-207.71,
6868,22.095206,7.961374,6.220,110.79,-8.59,
6869,22.101210,17.079342,6.600,117.54,-34.32,
6878,22.142992,42.267929,6.660,52.87,-99.04,
6888,22.181313,-33.763890,6.590,-33.85,-33.72,
6909,22.239303,-17.937343,6.660,70.14,-4.74,
6915,22.262970,7.294227,6.540,-27.29,-56.24,
6939,22.347886,25.275341,6.660,64.09,4.67,
6952,22.377238,-46.756462,6.250,2.37,16.72,
6957,22.384287,-9.489105,6.880,16.56,7.39,
6960,22.400418,-21.629347,5.110,55.64,3.22,
6966,22.421533,22.826232,6.770,10.42,-16.31,
6971,22.428293,-25.617780,6.370,37.75,12.76,
6974,22.444638,65.171066,6.710,-6.26,-0.32,
6981,22.470113,18.355675,6.010,59.05,-2.64,
6984,22.473586,-5.595861,6.690,56.79,-13.56,
6999,22.525425,47.007377,5.270,0.64,-42.53,
7007,22.545596,6.143933,4.840,293.23,-46.36,
7013,22.576215,59.782029,6.910,14.26,8.18,
7016,22.595320,-26.207855,5.920,43.67,1.40,
7050,22.716717,66.098115,6.150,74.83,-11.18,
7057,22.745683,49.343358,6.840,-45.62,-55.70,
7078,22.806327,70.264789,5.820,137.53,-76.00,
7083,22.812423,-49.073077,3.930,138.22,154.20,
7097,22.870808,15.345831,3.620,25.73,-3.29,
7100,22.874312,-29.985048,6.620,78.46,25.92,
7108,22.891540,-19.022896,6.850,-13.07,-36.78,
7115,22.912564,-45.575724,6.170,-11.58,4.82,
7118,22.930215,-30.282925,5.790,-4.43,-64.34,
7143,23.012720,16.947707,6.780,121.03,-196.55,
7147,23.031598,34.799975,6.390,-9.66,-5.32,
7166,23.101125,68.409064,6.820,108.72,-60.24,
7182,23.135542,70.019451,6.960,5.14,-12.25,
7189,23.151635,-49.727534,6.270,-28.24,-73.47,
7201,23.198800,35.842802,6.600,-5.29,-50.92,
7213,23.233551,-36.865182,5.490,0.09,-20.33,
7222,23.264631,-9.014679,6.600,23.74,6.85,
7235,23.315145,-24.177574,6.970,271.86,-159.50,
7243,23.326112,8.208815,6.310,18.89,-31.62,
7251,23.357116,58.327345,5.690,3.78,-4.66,
7253,23.359781,54.944869,6.920,-1.11,-1.09,
7271,23.413592,-78.504486,6.110,-30.96,-137.42,
7276,23.428054,-7.025143,5.750,176.82,-81.49,
7283,23.452150,89.015718,6.460,64.92,-32.43,
7289,23.476348,35.608212,6.930,50.86,-5.52,
7294,23.483025,59.232097,4.680,-43.06,-23.18,
7298,23.499376,-62.476213,6.910,-25.27,-1.45,
7321,23.569155,37.237198,5.900,12.62,-21.00,
7327,23.585685,-45.691374,6.920,96.97,85.49,
7330,23.597590,-28.236634,6.870,-17.80,-16.52,
7339,23.641163,68.947857,6.520,-379.06,115.05,
7345,23.657172,-15.676353,5.620,94.70,-2.67,
7357,23.703096,0.945425,6.900,209.47,-270.62,
7358,23.704176,20.172836,6.650,58.42,-43.74,
7359,23.704364,18.460672,5.900,30.10,-65.92,
7361,23.711802,-31.892214,6.110,-69.78,-42.29,
7362,23.713795,-3.523809,6.440,12.52,-33.28,
7363,23.714812,-23.699713,6.410,25.08,12.91,
7366,23.719041,8.274872,6.960,2.82,-8.16,
7370,23.742165,33.118190,6.740,-34.06,-134.22,
7387,23.811290,-58.139394,6.030,284.01,-33.05,
7399,23.850598,53.345576,6.860,8.79,-1.77,
7400,23.851225,63.081978,6.730,-9.98,-4.03,
7413,23.888982,72.442021,6.830,-17.05,2.40,
7421,23.909441,28.269599,6.890,24.96,5.19,
7436,23.943502,14.661441,6.230,3.89,-7.61,
7439,23.960305,33.835654,6.530,-43.15,-134.75,
7443,23.960832,-39.947007,6.430,-43.99,-48.95,
7444,23.968599,41.076419,6.390,144.44,0.69,
7447,23.977772,17.433790,5.950,149.18,21.16,
7450,23.995655,-15.400216,5.410,19.14,13.53,
7456,24.011916,7.645254,6.780,-20.61,19.38,
7463,24.035121,-29.907434,5.690,119.68,47.98,
7493,24.113393,48.722821,6.200,-16.36,-18.69,
7505,24.181347,7.831507,6.390,4.49,9.13,
7506,24.186542,-58.270968,6.180,23.38,0.83,
7513,24.199904,41.406385,4.100,-172.57,-381.01,
7514,24.201384,-48.803979,6.850,-9.36,30.57,
7535,24.274839,12.141511,5.540,-74.90,9.96,
7557,24.342431,74.300962,6.580,17.91,-3.03,
7564,24.355127,25.168274,6.990,-211.25,-207.66,
7568,24.365749,-84.769650,5.660,34.69,23.45,
7580,24.406489,-9.404052,6.240,249.38,111.02,
7585,24.420030,12.078366,6.770,123.20,6.59,
7588,24.428132,-57.236660,0.450,88.02,-40.08,Achernar
7589,24.434845,48.412733,6.770,149.01,5.90,
7593,24.446667,64.739356,6.490,-1.36,0.59,
7597,24.466889,-3.440652,6.430,26.34,-10.55,
7601,24.479084,-82.975289,5.880,122.30,120.70,
7607,24.497927,48.628486,3.590,60.90,-112.42,
7610,24.515340,-46.083858,6.970,49.72,15.03,
7617,24.531515,57.977645,5.550,2.98,-5.54,
7625,24.552692,62.351782,6.720,-7.98,0.19,
7632,24.582944,2.586073,6.940,20.62,-2.40,
7643,24.614559,-36.527953,5.940,-13.27,-122.36,
7649,24.628230,-42.927855,6.670,-35.62,-19.57,
7650,24.628921,73.040072,5.280,-11.81,-13.23,
7651,24.632657,45.399705,6.380,-16.21,0.59,
7658,24.655203,21.398232,6.660,36.00,-4.24,
7676,24.708303,-25.022214,6.690,3.87,6.61,
7679,24.715449,-21.275474,5.580,129.52,37.13,
7697,24.779874,61.079094,6.880,-1.53,-0.34,
7709,24.813388,16.625539,6.740,1.54,-21.53,
7710,24.814115,14.285626,6.740,89.07,-28.48,
7719,24.837579,44.386128,5.010,-20.49,14.95,
7721,24.839732,-33.564774,6.550,4.79,-1.27,
7734,24.899317,45.878327,6.600,216.82,-228.95,
7740,24.919866,16.405886,5.980,82.41,-11.56,
7751,24.946846,-56.196441,5.760,286.10,16.66,
7767,24.992134,41.666741,6.840,43.26,-2.39,
7775,25.018235,40.683822,6.670,-72.93,-24.37,
7786,25.054654,53.868289,6.350,-16.19,-4.63,
7812,25.129038,59.052870,6.970,11.45,-18.66,
7818,25.145017,40.577106,4.960,16.67,-23.50,
7819,25.145360,8.760765,6.340,68.29,1.86,
7825,25.164835,43.297764,5.630,111.06,-31.65,
7832,25.193152,-2.621776,6.740,7.39,-47.44,
7846,25.221004,77.969010,6.730,13.16,-8.66,
7874,25.326243,25.745811,6.200,118.38,-40.63,
7879,25.338688,-79.148254,6.330,59.76,22.13,
7884,25.357948,5.487604,4.450,-22.73,3.61,
7886,25.363685,-38.132964,6.200,50.23,56.51,
7906,25.413509,30.047135,5.970,-8.10,-6.50,
7911,25.421733,-50.038600,6.630,-14.44,-15.66,
7916,25.436659,-11.323668,5.750,60.10,-411.71,
7918,25.443815,42.613807,4.960,791.35,-180.16,
7921,25.449801,-60.789241,5.700,12.81,-40.52,
7939,25.512085,61.038251,6.690,8.26,-4.72,
7941,25.512563,-36.832264,5.700,-29.32,-16.70,
7943,25.514396,35.245767,5.630,49.41,-24.67,
7955,25.536023,-32.326858,5.250,-74.79,-46.35,
7956,25.539045,66.792348,6.960,12.73,-6.45,
7963,25.573692,58.627759,6.350,15.39,-8.22,
7965,25.585185,68.043046,5.570,53.08,-10.34,
7969,25.600319,32.961888,6.990,-5.56,-13.21,
7978,25.621463,-53.740575,5.520,166.97,-106.71,
7981,25.624791,20.270151,5.240,-302.12,-677.40,
7983,25.633222,-8.659561,6.990,50.66,22.11,
7989,25.653487,60.548073,6.980,7.51,-11.11,
7991,25.654529,40.377369,6.710,-32.22,-3.35,
7999,25.681320,-3.690117,4.980,-11.67,-34.38,
8016,25.732204,70.622559,5.180,76.62,-13.62,
8020,25.742988,61.421096,6.330,2.42,-9.32,
8034,25.796282,48.516777,6.820,-0.68,-4.59,
8044,25.818285,45.322636,6.330,139.04,5.06,
8046,25.832240,60.551371,5.780,13.57,-15.78,
8052,25.839067,59.632883,6.570,88.82,-51.43,
8063,25.900929,51.515826,6.660,-2.79,4.87,
8066,25.911558,52.885790,6.760,4.29,-3.52,
8068,25.915064,50.688766,4.010,24.08,-13.59,
8081,25.946074,55.877535,6.940,-23.96,-20.44,
8082,25.950105,74.604547,6.590,50.23,-17.53,
8086,25.958951,32.192011,6.320,-6.01,1.38,
8094,25.978376,-4.765440,6.200,-23.98,-30.81,
8102,26.021364,-15.939556,3.490,-1721.82,854.07,
8115,26.074641,57.536662,6.180,46.70,-18.39,
8122,26.094861,32.516041,6.730,64.06,-67.39,
8127,26.110554,46.139769,6.320,-7.11,-31.62,
8132,26.137243,-61.018690,6.790,26.72,-6.14,
8134,26.149853,3.223739,6.730,-20.31,-12.30,
8135,26.153239,-34.406021,6.820,10.41,-17.29,
8143,26.181960,-6.766176,6.450,11.07,4.71,
8148,26.192296,57.089222,6.250,18.08,1.84,
8159,26.232719,20.083406,6.270,-45.05,-105.39,
8160,26.239918,-28.726361,6.950,-22.38,-76.08,
8198,26.348286,9.157641,4.260,70.82,38.99,
8209,26.411060,-25.052434,5.290,159.48,-72.38,
8210,26.427204,8.559297,6.550,5.22,-24.39,
8211,26.432676,3.667246,6.990,-17.90,-9.78,
8225,26.479183,3.417578,6.830,-13.36,-10.45,
8230,26.496941,-5.733227,5.370,-9.09,-29.69,
8233,26.504143,-27.348722,6.380,97.86,-45.12,
8240,26.524692,-50.816213,5.490,43.66,-17.45,
8241,26.525579,-53.522181,5.040,126.45,59.04,
8271,26.646951,17.412693,6.550,51.62,1.18,
8296,26.743088,-13.888737,6.700,27.51,9.27,
8320,26.819558,-41.760045,6.180,12.10,48.81,
8321,26.824773,58.021237,6.760,11.46,-6.40,
8347,26.911740,-20.845062,6.550,27.26,-45.26,
8362,26.933601,63.853101,5.630,582.05,-246.83,
8366,26.944539,-80.176169,6.050,-71.73,-58.41,
8369,26.949034,-37.159533,6.330,0.81,20.40,
8370,26.950012,46.229885,6.330,12.84,-55.52,
8387,27.045428,16.955631,5.860,55.87,-32.97,
8404,27.108433,3.685404,5.910,-9.17,17.68,
8423,27.161841,37.952936,5.940,111.84,-27.04,
8433,27.173661,32.689487,5.780,-166.73,297.35,
8475,27.314840,47.896952,6.010,-20.22,-11.46,
8480,27.330676,-31.072423,6.350,85.62,-16.48,
8486,27.347624,-10.703316,6.720,-122.64,-100.38,
8490,27.363231,26.472670,6.900,-6.45,-13.50,
8497,27.396630,-10.686181,4.660,-148.90,-94.47,
8514,27.453594,-38.403483,6.370,2.10,282.37,
8544,27.535751,22.275357,5.830,-14.32,-7.55,
8549,27.565899,-12.886890,6.880,9.32,-3.60,
8552,27.583671,-47.816509,6.140,115.70,48.33,
8588,27.716725,11.043446,5.920,-69.33,-27.84,
8593,27.726995,-50.206127,5.940,-47.97,-4.30,
8598,27.737869,51.933698,5.960,41.16,-115.50,
8619,27.789394,20.514419,6.700,14.86,-19.24,
8626,27.820525,64.854960,6.540,-1.40,-3.30,
8641,27.859771,-39.835875,6.440,15.74,-24.70,
8645,27.865044,-10.334945,3.740,38.78,-38.04,
8664,27.907490,-6.874120,6.420,4.13,-9.39,
8672,27.917015,-13.233819,6.950,-9.21,-1.34,
8688,27.942043,-15.647484,6.440,13.42,1.47,
8689,27.946667,18.290285,6.590,-40.12,-117.23,
8690,27.949406,75.589705,6.940,79.50,-45.37,
8704,27.997114,55.147405,5.530,12.53,-8.25,
8714,28.038975,50.792864,5.700,18.39,-28.68,
8718,28.043169,24.117312,6.740,-10.10,12.98,
8734,28.093093,37.430092,6.890,-24.73,-125.92,
8751,28.144745,-67.944490,6.770,21.66,-5.84,
8771,28.211405,51.474853,6.280,-13.61,-6.84,
8778,28.217032,-16.929124,5.780,41.36,-51.94,
8796,28.270416,29.579397,3.420,12.02,-233.69,
8804,28.293935,28.818984,6.860,16.57,-26.20,
8814,28.322300,40.729800,5.420,-9.60,-4.17,
8820,28.346153,-38.594703,6.090,128.67,29.48,
8832,28.382355,19.294093,3.880,79.43,-99.10,
8833,28.388902,3.187478,4.610,23.69,23.90,
8837,28.411749,-46.302446,4.390,-92.38,-91.46,
8847,28.451933,55.597671,6.440,47.46,-12.98,
8856,28.475930,49.942969,6.870,-5.70,-2.52,
8859,28.490802,10.614721,6.770,-185.12,-285.60,
8882,28.591918,-42.496881,5.120,-34.32,-28.34,
8883,28.592266,8.781042,6.600,9.29,2.32,
8886,28.598681,63.670147,3.350,31.98,-18.66,
8903,28.659788,20.808299,2.640,96.32,-108.80,
8908,28.671446,78.196563,6.670,52.58,-36.67,
8914,28.687251,50.295841,6.830,9.92,-27.67,
8922,28.723957,40.702201,6.250,44.19,-68.47,
8928,28.733395,-67.647481,4.680,76.00,73.17,
8929,28.734885,56.582479,6.820,1.04,-1.35,
8930,28.740139,37.128335,6.280,37.21,-18.49,
8936,28.768117,-24.889745,6.920,-1.67,14.06,
8957,28.832061,-60.312386,6.430,-45.78,-40.39,
8962,28.864014,76.224552,6.970,-18.24,3.39,
8976,28.924461,-84.751164,6.970,16.41,3.40,
8979,28.926616,81.958988,6.850,37.10,-12.58,
8983,28.943608,-60.861137,6.070,14.17,66.77,
8985,28.950833,-55.072170,6.720,48.88,-1.66,
8986,28.951555,30.354781,6.850,99.00,-54.03,
8991,28.959378,-78.348677,6.150,103.01,53.05,
8993,28.962634,23.577343,5.760,12.06,-8.88,
8998,28.973914,1.849519,6.010,158.44,190.44,
9001,28.976974,37.277801,5.890,9.42,-6.27,
9007,28.986802,-51.609587,3.690,681.24,284.23,
9009,29.000016,68.685265,4.970,13.82,-9.73,
9021,29.038458,37.251804,5.690,182.88,10.54,
9022,29.039147,-49.836480,6.370,14.36,14.00,
9045,29.134063,41.892084,6.980,0.74,-3.20,
9049,29.144251,-32.138347,6.520,21.80,6.99,
9052,29.156350,-81.499289,6.930,66.95,22.11,
9061,29.167328,-22.526712,4.920,62.22,-30.19,
9085,29.248567,-51.766850,6.100,348.83,249.36,
9094,29.290937,-10.241836,6.420,-368.41,-243.15,
9095,29.291637,-47.385299,4.820,101.65,8.79,
9110,29.337639,17.817589,5.090,34.28,-23.71,
9112,29.350982,-36.057478,6.980,30.86,23.36,
9132,29.432231,27.804524,5.840,13.40,-58.83,
9147,29.471095,75.336138,6.620,-19.86,-26.69,
9149,29.472376,-65.424684,6.360,-24.59,-6.50,
9151,29.480758,40.760815,6.870,123.81,-86.89,
9153,29.482398,23.596096,4.790,-91.51,-14.45,
9158,29.484843,41.694573,6.770,5.10,-5.50,
9163,29.496792,47.095537,6.480,7.27,-6.75,
9165,29.497452,-2.059501,6.520,36.61,8.78,
9169,29.513530,49.642826,6.970,1.85,-35.44,
9171,29.515841,31.134492,6.940,-43.04,-45.96,
9188,29.577058,59.626002,6.650,36.69,-20.80,
9207,29.611160,-33.066738,6.370,4.19,-20.26,
9220,29.638408,61.697816,6.020,12.93,-11.41,
9222,29.639582,49.204252,5.700,6.26,41.23,
9236,29.691133,-61.569924,2.860,262.54,26.88,
9237,29.691479,-11.300740,6.460,72.23,-88.47,
9242,29.709181,73.152524,6.870,-57.67,-57.60,
9248,29.726865,18.358148,6.790,51.90,-23.34,
9258,29.752750,-22.919880,6.620,96.49,31.03,
9285,29.831403,-26.432264,6.790,70.25,12.50,
9295,29.857835,12.294957,6.090,7.90,-33.42,
9296,29.858684,-40.727139,6.930,-76.95,-27.97,
9300,29.879258,-13.872483,6.800,25.68,9.57,
9307,29.898313,21.058605,5.890,140.80,-14.35,
9312,29.908290,64.621639,5.290,35.76,-15.22,
9313,29.911893,-42.030289,5.570,-50.58,-99.76,
9318,29.921165,-66.066573,6.090,34.00,6.20,
9326,29.942451,-20.824575,5.430,17.93,15.20,
9343,29.993211,6.035532,6.750,60.91,-18.70,
9347,30.000937,-21.077772,3.990,133.01,-24.53,
9353,30.037603,3.097635,5.890,231.21,-255.20,
9358,30.061787,-3.368276,6.890,-36.79,-13.65,
9359,30.062499,44.420103,6.870,25.01,-36.90,
9362,30.070144,-55.012807,6.510,66.09,4.78,
9372,30.111549,-8.523826,5.430,86.73,-19.32,
9403,30.201804,59.959396,6.720,40.18,-24.92,
9406,30.205864,-8.471583,6.920,90.10,-55.85,
9414,30.236395,-78.870168,6.840,120.93,-57.67,
9438,30.306798,41.212355,6.850,15.23,10.95,
9440,30.311651,-30.001566,5.340,-108.68,-108.79,
9452,30.389326,23.395458,6.610,-91.63,-3.68,
9459,30.426677,-44.713390,5.150,-31.80,-48.79,
9469,30.458786,-63.622757,6.880,39.52,41.05,
9470,30.460027,15.067081,6.540,3.73,1.96,
9472,30.468016,-74.445692,6.800,1.30,-15.67,
9480,30.489791,70.907046,4.490,-54.46,-10.69,
9487,30.511669,2.763760,3.820,33.29,-0.42,
9493,30.532788,28.400227,6.570,83.68,-5.26,
9494,30.538622,75.502190,6.640,17.38,-9.78,
9505,30.575309,54.487549,4.990,33.79,-3.40,
9517,30.603871,12.685192,6.870,100.69,-40.85,
9521,30.617811,-29.665665,6.400,-15.71,9.52,
9533,30.646158,13.476728,5.970,-0.08,-4.99,
9534,30.646916,-21.965770,6.970,-6.11,-2.95,
9540,30.657443,-70.419544,6.890,-19.12,27.12,
9562,30.715670,-23.886551,6.300,-39.50,-32.04,
9563,30.717714,-2.377721,6.910,60.52,-31.92,
9564,30.718724,64.901494,6.000,-12.57,-11.69,
9568,30.737675,77.916275,6.040,-5.33,-5.03,
9569,30.739857,11.018760,6.530,9.09,-1.53,
9570,30.741529,33.284152,5.500,-15.99,-6.75,
9572,30.743973,-15.305950,5.870,25.62,7.32,
9573,30.750786,64.390023,5.590,-0.98,-1.95,
9576,30.756650,3.358281,6.880,220.25,138.03,
9586,30.793780,73.850565,6.120,-27.15,1.91,
9589,30.798357,0.128454,5.420,75.85,21.74,
9598,30.859126,72.421240,3.950,-44.00,22.51,
9621,30.913593,25.935449,5.640,125.66,9.27,
9622,30.918685,-4.103364,5.610,6.62,-62.67,
9627,30.927557,18.253288,6.240,-8.65,-20.79,
9631,30.950513,-0.340146,5.960,82.76,-43.09,
9640,30.974663,42.329848,2.100,43.08,-50.85,
9655,31.051814,-11.859762,6.430,55.35,-3.18,
9656,31.054743,51.967831,6.660,27.54,-18.07,
9677,31.122625,-29.296840,4.680,12.56,8.54,
9685,31.146008,-54.881629,6.450,75.79,-24.72,
9690,31.166131,65.103566,6.520,43.82,-26.10,
9706,31.212469,7.735665,6.440,29.54,-0.24,
9723,31.265839,55.622361,6.530,52.62,-42.98,
9727,31.279389,77.281457,5.270,138.90,-47.56,
9754,31.361917,50.643274,6.990,-2.26,-24.31,
9763,31.381574,76.115110,5.220,-12.19,-20.49,
9785,31.451777,7.028395,6.790,73.09,8.45,
9800,31.507178,41.532907,6.860,6.22,-16.84,
9807,31.544588,-10.276150,6.740,47.63,-27.92,
9809,31.551131,8.248142,6.270,-14.16,-11.55,
9819,31.584058,-15.446189,6.960,3.58,-31.06,
9827,31.621961,0.035369,6.290,64.17,6.46,
9829,31.625998,24.334351,6.890,6.37,-147.15,
9836,31.641302,22.648404,5.030,20.62,-35.84,
9858,31.704778,29.269419,6.750,-2.93,-5.93,
9859,31.705096,25.704589,6.010,18.57,-14.54,
9862,31.716505,-19.138781,6.390,148.40,-36.22,
9870,31.745514,-65.945720,6.710,5.97,-14.06,
9875,31.760456,-8.606308,6.640,54.98,-21.53,
9884,31.792858,23.462777,2.010,190.73,-145.77,Hamal
9911,31.893411,-0.616582,6.880,-249.84,-344.12,
9924,31.941563,18.029414,6.630,-20.34,11.75,
9926,31.946738,5.984898,6.990,15.25,-26.08,
9951,32.023739,-41.880393,6.500,-16.15,-11.27,
9966,32.082238,-10.041350,6.980,51.48,6.24,
9977,32.121441,37.859183,4.780,154.22,-43.64,
9981,32.132464,-6.678016,6.510,8.02,9.57,
9983,32.139783,44.459544,6.380,14.13,-47.38,
9990,32.169086,58.423605,5.660,-0.82,-1.63,
9999,32.190282,-17.779104,6.070,-10.90,-21.00,
10031,32.282062,71.552589,6.570,308.26,-239.61,
10035,32.288881,-43.516471,5.840,-48.33,-51.42,
10047,32.342838,5.986114,6.970,-34.48,36.65,
10050,32.345947,17.224649,6.400,136.08,-186.23,
10053,32.355359,25.939973,4.980,77.50,-33.10,
10054,32.356017,81.295928,6.050,-34.14,7.13,
10064,32.385504,34.987392,3.000,148.78,-39.13,
10069,32.395089,-24.345683,6.480,-31.06,-42.03,
10091,32.437960,-51.731010,6.930,156.88,58.74,
10096,32.451800,-40.866446,6.490,48.51,-22.51,
10099,32.463919,3.769361,6.790,25.75,-5.84,
10111,32.519876,-43.815557,6.320,50.21,-7.27,
10115,32.532188,53.843201,6.310,26.33,-45.12,
10137,32.599722,-76.623730,6.660,117.08,10.44,
10138,32.600007,-50.825315,6.120,2092.84,654.32,
10141,32.606085,59.979958,6.660,44.57,-57.73,
10144,32.624300,81.482016,6.840,32.51,-11.55,
10155,32.656425,19.500404,5.680,88.73,-27.10,
10176,32.720143,39.039578,6.090,-7.99,-21.52,
10179,32.722507,-75.958831,6.890,10.48,-3.31,
10180,32.723640,39.043334,6.820,-7.60,-19.97,
10194,32.767027,-15.070777,6.740,-16.96,-36.15,
10203,32.800251,25.936955,6.010,-8.85,-6.95,
10212,32.838177,8.570083,5.640,-141.20,-114.26,
10215,32.842678,-10.051746,6.000,-27.30,-171.15,
10220,32.854161,31.526422,6.240,35.40,-10.16,
10227,32.871643,57.645548,6.380,-0.72,-1.79,
10232,32.884663,-18.976717,6.650,-22.95,-17.60,
10233,32.889461,-17.743003,6.510,53.10,4.56,
10234,32.899340,-1.825349,5.940,-11.27,-33.24,
10242,32.930855,3.452717,6.670,19.43,-1.33,
10254,32.976336,-47.170258,6.820,-16.72,-42.84,
10273,33.065666,2.745522,6.490,13.18,12.15,
10280,33.093016,30.303215,4.940,-64.59,-61.07,
10296,33.156301,24.167794,5.960,41.64,-6.28,
10305,33.197180,-2.393460,5.650,374.41,-73.08,
10306,33.199933,21.210983,5.230,162.52,4.07,
10309,33.208258,79.691480,6.460,-22.24,24.50,
10320,33.226917,-30.723843,5.270,15.32,7.15,
10322,33.232392,57.205023,7.000,267.14,-217.05,
10324,33.250046,8.846752,4.360,-26.23,-14.40,
10326,33.253968,-21.000237,5.860,55.83,40.75,
10328,33.263522,15.279910,5.720,99.23,-20.94,
10340,33.305587,44.231689,4.840,-20.58,-15.25,
10350,33.337689,74.027810,6.250,47.07,-36.83,
10356,33.373861,5.012834,6.510,53.68,-48.10,
10361,33.389626,53.058592,6.500,1.19,-1.35,
10366,33.400082,51.066233,5.310,347.43,-170.79,
10379,33.423381,58.560587,6.430,-0.08,-0.54,
10390,33.465403,19.614432,6.880,24.92,4.92,
10396,33.473140,-9.064680,6.430,1.35,20.53,
10403,33.510536,47.484387,6.050,-82.13,-60.10,
10418,33.560428,-67.841552,5.570,25.19,45.66,
10422,33.578856,-76.357584,6.570,12.18,18.66,
10438,33.621265,66.524442,6.050,-6.91,-5.56,
10440,33.633174,-41.166701,5.910,-20.87,-26.12,
10446,33.657816,28.691426,6.350,159.02,-99.15,
10456,33.693085,46.687541,6.900,17.29,-20.52,
10462,33.718800,48.782429,6.740,4.83,-16.15,
10479,33.782071,55.088190,6.810,7.83,12.52,
10482,33.790007,0.720196,6.760,8.72,-12.40,
10505,33.850493,24.271765,6.800,460.71,-192.92,
10507,33.854936,-41.069033,6.990,16.64,22.07,
10512,33.867981,-9.466515,6.550,-7.56,-5.42,
10513,33.868993,-67.746335,5.670,43.01,-12.65,
10514,33.869551,52.511125,6.960,-15.67,-16.02,
10535,33.928477,25.043255,5.570,-88.69,-87.16,
10540,33.941399,25.783099,5.790,176.41,-66.38,
10559,33.984563,33.358976,5.250,-14.86,-33.25,
10562,33.990391,47.812058,6.370,45.16,-49.62,
10584,34.065453,-9.821153,6.910,264.04,-38.60,
10602,34.127085,-51.512111,3.560,90.75,-21.90,
10623,34.188628,83.561519,6.450,58.29,-42.97,
10633,34.215488,57.055248,6.480,-0.90,-0.77,
10642,34.245790,-6.421856,5.510,93.21,-106.93,
10644,34.260073,34.224830,4.840,1151.61,-246.32,
10657,34.293585,23.767931,6.530,-31.87,-40.65,
10670,34.328482,33.847321,4.030,44.91,-52.42,
10673,34.332328,-35.983071,6.700,164.74,46.85,
10680,34.355123,28.745220,6.990,94.34,-72.17,
10714,34.488816,29.007271,6.680,22.46,-7.62,
10718,34.499254,57.899808,5.750,60.79,5.04,
10721,34.503058,42.901225,6.890,-5.06,3.17,
10723,34.505110,1.756900,5.600,365.99,371.16,
10729,34.519165,57.516326,5.990,-13.48,-1.81,
10732,34.531443,19.901161,5.580,-16.07,0.90,
10776,34.673157,8.180696,6.840,7.95,-0.38,
10784,34.716895,12.992185,6.880,203.78,37.67,
10787,34.724433,-19.534569,6.870,-22.41,-26.08,
10793,34.737453,28.642674,5.290,6.72,-0.04,
10795,34.741491,23.167836,6.450,-17.70,-8.59,
10798,34.744358,-25.946768,6.330,-218.07,444.51,
10800,34.748972,85.735948,6.980,-9.72,85.51,
10805,34.768556,57.135502,6.570,-0.45,-1.99,
10810,34.786386,19.688012,6.820,-22.17,-125.56,
10814,34.795182,46.472290,6.210,-23.76,-11.99,
10816,34.808095,57.169235,6.650,-1.19,-1.44,
10819,34.820199,47.379988,5.310,-60.05,-6.06,
10826,34.836611,-2.977061,6.470,10.33,-239.48,
10830,34.844856,48.955287,6.440,-98.58,72.43,
10832,34.853177,-41.848435,6.360,4.86,27.62,
10848,34.905253,39.834981,6.630,26.07,-14.52,
10854,34.919828,-4.345581,6.500,31.58,3.25,
10856,34.935379,60.029566,6.940,-11.20,-9.39,
10871,34.976028,-55.944842,5.810,23.32,18.71,
10884,35.018517,30.188174,6.510,20.91,-35.66,
10890,35.037287,50.958191,6.640,24.49,-37.77,
10893,35.053649,64.336935,6.590,-22.87,5.61,
10907,35.095394,-56.784089,6.690,-31.89,-6.88,
10924,35.172927,47.310829,6.170,13.00,-10.37,
10926,35.178831,55.909081,6.760,-0.25,-0.99,
10944,35.242387,50.151542,5.570,38.84,-31.23,
10961,35.303836,54.510087,6.860,41.61,-3.74,
10963,35.307361,-19.915347,6.530,-3.49,-2.45,
10985,35.398646,44.599992,7.000,-16.95,-8.50,
11001,35.437596,-68.659424,4.080,-50.07,2.38,
11020,35.480985,57.242920,6.400,-1.20,-1.83,
11021,35.485979,0.395692,5.290,-13.41,-6.81,
11029,35.506002,-10.777335,5.430,153.43,-81.89,
11033,35.520738,-17.662028,5.890,9.02,-58.12,
11035,35.527621,22.873594,6.570,-13.34,-0.06,
11043,35.548759,-43.199917,6.300,60.73,43.52,
11046,35.551695,-0.884740,5.420,-17.62,-45.98,
11060,35.589309,55.845656,5.160,0.36,-1.19,
11072,35.635087,-23.816315,5.190,197.34,-4.39,
11075,35.638205,16.870296,6.780,44.34,-7.54,
11090,35.709842,41.396535,5.810,-74.20,-97.68,
11095,35.718642,-73.645821,5.990,-81.59,11.84,
11102,35.727727,-51.092289,5.900,22.09,66.01,
11108,35.739780,-18.354660,6.220,131.68,-132.68,
11115,35.751779,57.387009,6.990,-1.31,-1.13,
11121,35.777510,-37.576063,6.470,-6.49,-33.36,
11131,35.810793,-29.869086,6.960,-77.38,-97.45,
11138,35.833882,52.083134,6.640,45.55,-14.10,
11139,35.842688,-6.192659,7.000,-32.55,-33.30,
11143,35.847208,-26.995248,6.800,7.41,-52.38,
11153,35.869910,35.441078,6.750,-3.46,-7.82,
11174,35.965611,55.364868,6.290,-2.13,-2.75,
11185,36.011481,42.102300,6.720,-1.60,-2.29,
11192,36.039924,-16.254320,6.680,-22.88,8.70,
11212,36.083735,-25.847498,6.450,32.59,16.08,
11220,36.103725,50.006633,5.190,24.54,-35.79,
11222,36.108898,-37.361305,6.930,-39.42,-39.87,
11228,36.127037,9.713365,6.930,53.13,-62.34,
11231,36.140444,-40.840724,6.170,228.91,109.39,
11249,36.204353,10.610598,5.480,19.63,-13.60,
11258,36.224977,-60.311629,5.360,-71.08,-131.04,
11260,36.234524,-3.892666,6.890,-2.97,-63.56,
11261,36.243284,-2.780015,6.340,1.77,-6.56,
11279,36.316788,56.609824,6.250,-0.39,-0.65,
11293,36.360351,-66.494029,6.390,-20.67,1.21,
11296,36.361132,35.041923,6.850,-5.85,2.20,
11313,36.405837,50.278666,4.730,23.79,-14.35,
11318,36.417058,61.549678,7.000,14.74,-7.02,
11345,36.487551,-12.290452,4.880,-11.71,-11.37,
11348,36.501567,-15.341115,5.880,-44.31,-54.13,
11360,36.567476,6.292674,6.790,86.09,-50.13,
11380,36.639990,59.658976,6.970,94.78,-26.34,
11381,36.646517,-20.042864,5.890,86.18,101.46,
11390,36.690109,10.565330,6.700,35.50,-11.70,
11405,36.741763,26.040961,6.990,-13.05,-38.07,
11407,36.746271,-47.703827,4.240,19.97,-5.44,
11415,36.780233,27.012578,6.140,-28.45,-75.20,
11427,36.848183,10.198818,6.450,-294.97,-202.12,
11432,36.865784,31.801349,5.550,-23.81,-28.18,
11465,36.965621,50.570194,6.160,31.53,-90.46,
11474,36.999700,1.960880,6.450,-0.75,-14.22,
11477,37.007042,-33.811052,5.130,18.56,5.52,
11479,37.018080,-64.299783,6.350,34.24,6.15,
11484,37.039658,8.460089,4.300,41.72,-14.46,
11486,37.041626,29.669538,5.290,-14.81,-85.50,
11488,37.044603,-50.302783,6.960,66.71,25.97,
11524,37.147732,-31.102402,6.110,-36.49,-17.72,
11548,37.202244,29.931584,5.890,-65.37,72.52,
11569,37.266617,67.402384,4.460,-27.92,37.06,
11573,37.281102,37.329782,6.780,29.41,-18.75,
11578,37.306781,23.469078,6.200,85.41,-21.06,
11593,37.353857,55.536232,6.520,33.23,-12.84,
11602,37.396916,9.006312,6.950,10.03,11.22,
11603,37.397327,9.565624,6.090,-2.17,2.01,
11611,37.442085,46.032002,6.710,47.24,-76.97,
11622,37.480445,-22.683189,6.760,76.87,-3.33,
11623,37.482566,39.137112,6.780,-13.33,-16.60,
11644,37.556974,-25.186517,6.500,80.35,30.95,
11648,37.564679,-57.809490,6.760,36.44,24.69,
11651,37.568994,33.833842,6.260,69.98,-55.58,
11670,37.634642,25.235214,5.880,61.69,-72.93,
11671,37.636626,-22.545242,6.170,6.58,-31.40,
11678,37.659866,19.855388,6.140,81.00,-36.06,
11682,37.669717,40.167664,6.820,59.48,-37.12,
11687,37.688472,0.255876,6.000,-51.92,-52.15,
11696,37.710718,55.548637,6.970,81.85,-97.15,
11698,37.726576,17.704057,6.210,33.01,-82.75,
11733,37.862668,58.024805,6.610,-24.83,-6.45,
11738,37.875343,2.267207,5.270,22.75,-10.40,
11757,37.917170,-79.109250,5.270,137.14,-54.42,
11767,37.946147,89.264138,1.970,44.22,-11.74,Polaris
11765,37.958989,38.121908,7.000,28.57,-24.24,
11783,38.021988,-15.244320,4.740,-80.92,-146.84,
11784,38.025566,36.147231,5.150,47.82,16.43,
11791,38.039318,-1.034818,5.360,-26.47,-32.34,
11794,38.047195,-32.606324,6.590,68.84,-3.25,
11796,38.049504,55.458203,6.760,122.03,-42.67,
11802,38.061335,-36.427338,6.280,57.14,12.50,
11812,38.092959,40.272503,6.840,-6.28,-17.96,
11840,38.219409,34.542456,5.840,-54.69,-19.22,
11843,38.225625,15.034465,6.000,-15.48,36.89,
11867,38.279329,-34.649923,5.910,-17.41,-17.94,
11886,38.318001,-75.893574,6.860,92.38,30.64,
11889,38.328757,52.308978,6.660,-15.04,-9.85,
11900,38.389845,-62.586750,6.790,21.31,19.76,
11904,38.401986,18.879990,6.820,85.24,11.58,
11907,38.417690,-20.001727,6.190,-36.61,-79.86,
11909,38.431581,-72.349091,6.840,125.64,-13.37,
11918,38.461302,-28.232340,4.960,-12.69,-1.40,
11919,38.463492,-60.982739,6.730,138.05,14.88,
11925,38.477573,-51.093496,6.240,-8.66,-20.61,
11927,38.480707,-12.337045,6.890,7.95,-37.02,
11930,38.493144,71.294415,6.550,60.62,-65.66,
11932,38.494352,59.212164,6.980,3.41,-18.11,
11947,38.534579,38.735050,6.690,12.10,-7.85,
11956,38.559199,33.792826,6.700,-17.83,-6.77,
11971,38.608006,11.604882,6.980,36.85,-27.56,
11978,38.627152,76.718274,6.750,71.39,-50.90,
11997,38.667870,50.065775,6.980,-8.69,-4.28,
12002,38.677457,-7.859288,5.740,60.32,-64.45,
12022,38.767248,7.471296,6.170,-9.73,-124.49,
12030,38.780990,66.049393,6.930,29.60,-11.76,
12048,38.833417,-3.559540,6.830,-156.89,-437.06,
12057,38.866200,39.664462,6.360,16.30,-33.44,
12060,38.881256,-50.853349,6.960,35.84,-19.32,
12070,38.910150,-14.944963,6.840,-28.54,-79.15,
12072,38.911426,37.312291,5.720,-0.91,-11.38,
12083,38.932425,68.367801,6.640,43.83,-20.02,
12086,38.944989,34.687683,5.380,19.55,-51.20,
12091,38.958840,34.725376,6.730,4.97,-16.62,
12093,38.968704,5.593302,4.870,-28.89,-22.76,
12102,38.986432,-17.632669,6.930,-36.17,-11.51,
12107,39.000284,-7.831453,5.530,-33.57,-59.29,
12113,39.010465,6.432512,7.000,112.55,-38.30,
12114,39.015969,6.883364,5.790,1806.27,1442.50,
12122,39.038652,-30.044964,5.740,-15.95,-5.75,
12146,39.141556,-14.656660,6.910,-35.59,-28.52,
12148,39.146265,7.730078,5.810,-56.19,-21.21,
12151,39.150687,42.400578,6.800,18.89,-21.65,
12153,39.157286,12.447846,5.640,279.53,-85.40,
12160,39.179377,31.607666,6.070,-25.35,0.47,
12170,39.209128,-20.121838,6.830,-34.37,-40.67,
12181,39.237830,38.733983,5.910,145.04,-165.36,
12186,39.244254,-34.577345,5.780,-18.27,-259.92,
12189,39.251816,24.647257,6.480,137.08,-14.18,
12193,39.259648,34.264286,6.780,36.90,-7.40,
12200,39.277136,32.891017,6.230,82.80,30.70,
12218,39.336795,39.896127,6.540,12.55,-11.08,
12225,39.351104,-52.543088,5.300,111.29,1.05,
12232,39.366330,83.834539,6.670,-38.03,11.57,
12238,39.393106,20.574947,6.920,26.32,-7.92,
12239,39.400028,65.745358,5.800,42.97,-8.85,
12247,39.424073,-3.396068,5.650,38.95,-44.05,
12250,39.435076,-22.992003,6.770,2.92,41.92,
12269,39.493915,-67.300893,6.910,-2.79,-10.36,
12272,39.502924,7.695377,6.400,87.68,-41.53,
12273,39.508701,72.818215,5.170,-28.90,15.16,
12287,39.574410,37.726823,6.190,-38.47,-44.24,
12288,39.577482,-30.193883,5.840,98.67,-73.97,
12300,39.603126,-37.990394,6.480,114.20,-62.30,
12305,39.616435,38.089165,6.290,11.92,-9.72,
12313,39.639271,-20.456133,6.710,-13.64,-49.65,
12318,39.653265,3.443185,6.210,34.89,7.94,
12328,39.691207,33.419116,6.900,18.36,-11.65,
12332,39.704162,21.961445,5.450,-7.08,-15.12,
12338,39.721652,-70.679858,6.700,5.48,3.84,
12346,39.742881,62.591567,6.660,40.93,-24.11,
12350,39.752692,-8.927763,6.980,272.91,-51.80,
12354,39.764265,10.637190,6.680,52.34,-67.74,
12361,39.781215,-52.934928,6.780,73.32,49.85,
12363,39.787289,-9.831138,6.650,-30.20,-29.81,
12387,39.870618,0.328517,4.080,14.44,-2.53,
12389,39.882072,-64.281769,6.550,21.85,20.65,
12390,39.890549,-11.871582,4.830,172.01,-236.31,
12394,39.896765,-68.266948,4.120,87.40,0.56,
12413,39.949664,-42.891633,4.740,92.11,-15.07,
12435,40.010334,-30.633532,6.520,-12.93,-61.58,
12444,40.052099,-9.452684,5.790,-138.45,-78.69,
12447,40.065262,6.111953,6.260,51.42,-3.79,
12453,40.087213,49.560277,6.600,10.53,-9.67,
12460,40.110595,-14.449161,6.710,60.24,4.33,
12484,40.164916,-54.549924,5.210,32.76,5.24,
12486,40.166382,-39.855309,4.110,135.17,-27.34,
12485,40.166621,-69.232975,6.580,64.16,-12.10,
12489,40.170972,27.061009,5.300,64.49,-27.29,
12530,40.307795,-0.695348,5.720,218.94,-125.30,
12540,40.340021,4.427930,6.990,8.37,-63.09,
12555,40.376080,0.546062,6.690,-2.20,-17.96,
12562,40.392219,-14.549412,5.980,-5.85,55.86,
12584,40.451387,-3.213777,6.070,-11.04,-12.48,
12599,40.500453,10.544876,6.520,-25.96,-27.13,
12600,40.502820,30.935892,6.810,103.83,-44.57,
12608,40.527465,-38.383718,5.990,20.46,12.95,
12611,40.535147,-46.524212,6.090,9.99,-94.30,
12623,40.562204,40.194387,4.910,-16.84,-182.29,
12628,40.576925,34.294688,6.940,12.71,21.41,
12640,40.591344,20.011577,5.740,27.49,-46.08,
12647,40.620625,10.741781,6.320,-24.27,-23.37,
12653,40.638160,-50.800827,5.400,333.73,219.21,
12675,40.710357,-28.151305,6.790,-6.18,-8.26,
12686,40.747781,53.526182,5.850,57.18,-31.68,
12690,40.757715,48.265255,6.300,5.97,-4.01,
12692,40.761678,55.106071,5.760,34.78,-21.32,
12706,40.825519,3.236172,3.470,-146.43,-145.27,
12708,40.834267,-40.527940,6.350,14.73,14.11,
12715,40.852356,-69.160037,6.660,20.24,59.57,
12717,40.860272,-66.714056,6.230,98.55,-80.68,
12719,40.862960,27.707171,4.650,3.51,-9.97,
12720,40.870433,-2.531495,6.480,18.08,17.39,
12725,40.897141,43.538025,6.770,78.94,-23.79,
12732,40.915417,-33.045542,6.850,-7.59,9.93,
12744,40.963531,25.638332,6.350,-5.20,4.38,
12754,40.981459,-7.912328,6.540,23.40,-65.20,
12768,41.021492,44.297055,5.430,2.00,-6.08,
12770,41.030644,-13.858676,4.240,-7.58,-8.40,
12775,41.044148,-52.570561,6.150,-23.37,-14.76,
12777,41.048700,49.228666,4.100,334.03,-89.96,
12780,41.060453,-25.495519,6.960,164.51,51.88,
12784,41.079543,17.764015,6.400,36.53,-35.79,
12786,41.085501,-32.524662,6.210,25.29,-21.95,
12803,41.137380,15.311900,5.780,4.29,-15.63,
12804,41.137691,46.841715,6.900,77.85,-105.60,
12821,41.206959,67.824709,5.950,17.48,-32.55,
12828,41.234889,10.114220,4.270,285.17,-30.40,
12832,41.239614,12.445967,5.170,124.10,-84.80,
12843,41.274923,-18.572651,4.470,330.93,36.28,
12855,41.319440,-46.286973,6.840,12.69,-2.75,
12862,41.336940,4.711730,6.040,69.35,-41.63,
12871,41.364386,-63.704532,5.730,19.39,-8.81,
12876,41.385552,-67.616724,4.830,66.50,44.02,
12879,41.387301,-42.838525,6.860,-1.88,-72.10,
12884,41.403571,-71.235956,6.670,63.60,2.53,
12964,41.687736,-21.639562,6.480,76.06,16.84,
12982,41.742848,35.983533,6.270,53.10,-4.07,
12990,41.765011,35.554814,6.280,-39.11,-54.84,
13004,41.790313,60.570761,6.510,-0.95,1.53,
13008,41.796419,-22.485654,6.470,-18.93,-39.47,
13027,41.863952,19.372211,6.900,117.81,-160.26,
13028,41.865450,37.791097,6.900,4.72,-23.06,
13036,41.879809,44.272215,6.450,-0.18,-6.95,
13040,41.890751,-35.550535,6.510,-42.12,-35.04,
13055,41.948478,81.448666,5.800,18.78,-78.40,
13061,41.976839,29.247424,4.520,148.42,-125.76,
13063,41.980496,55.613617,6.920,26.07,-28.22,
13064,41.983015,-12.460532,6.630,-2.07,-48.35,
13069,41.997547,15.508086,6.670,6.26,-25.88,
13085,42.054942,-3.619155,6.850,27.47,-23.82,
13106,42.128984,-33.782973,6.800,-11.39,-34.83,
13108,42.133596,18.283870,5.830,42.54,-32.75,
13112,42.158265,-37.401137,6.660,81.14,55.60,
13118,42.181572,31.115614,6.940,212.44,-174.20,
13119,42.185136,-73.841569,6.940,-5.08,27.20,
13121,42.191122,25.188073,5.890,54.17,-3.92,
13133,42.231273,69.634199,6.260,2.89,37.47,
13139,42.246263,-45.089966,6.780,-10.05,-10.29,
13141,42.255696,-62.806592,5.250,94.53,29.02,
13143,42.260846,-4.224801,6.910,5.21,-13.17,
13147,42.272331,-32.406284,4.450,86.96,158.96,
13155,42.294461,47.217999,6.660,26.94,-22.19,
13160,42.309581,57.033276,6.860,12.01,-12.77,
13165,42.323157,17.464344,5.260,3.65,-14.61,
13176,42.362197,37.326419,6.450,-20.31,-3.21,
13178,42.378071,57.084322,6.250,-0.78,-1.53,
13183,42.407834,0.921035,6.820,21.11,-25.82,
13197,42.462475,-24.559999,6.140,-49.96,-128.23,
13202,42.475630,-27.942035,5.390,46.55,22.19,
13209,42.495789,27.260790,3.610,65.47,-116.59,
13210,42.501297,30.526329,6.720,41.46,-49.61,
13225,42.561445,-35.843686,5.920,51.52,20.27,
13241,42.608379,31.972999,6.580,31.84,-46.20,
13244,42.618904,-75.066881,4.760,-33.95,-27.18,
13254,42.645476,38.318908,4.220,195.68,-108.92,
13257,42.647076,36.948642,6.440,-8.37,-129.10,
13265,42.668350,-35.675717,5.480,3.86,-54.37,
13268,42.674137,55.895530,3.770,16.64,-13.76,
13269,42.677057,19.160652,6.630,183.97,-73.10,
13271,42.699062,-39.932199,6.360,42.30,-10.16,
13274,42.717519,-67.522386,6.570,8.73,0.91,
13275,42.719934,35.393903,6.510,46.93,4.39,
13288,42.759775,-21.003979,4.760,-39.00,-16.63,
13327,42.873200,15.082127,5.520,31.26,-23.29,
13328,42.878462,35.059894,4.560,9.29,-63.02,
13333,42.899802,-63.540614,6.580,-13.06,-24.69,
13339,42.923968,46.842002,5.860,-26.24,-25.75,
13347,42.941317,58.314297,6.460,-32.07,-2.39,
13351,42.947408,53.031832,6.910,43.70,-8.53,
13360,42.970316,44.894239,6.560,4.67,-13.04,
13363,42.984010,-30.814775,6.380,122.99,104.95,
13367,42.994785,68.888517,5.940,2.00,-8.17,
13378,43.047070,37.094128,6.930,11.93,-13.89,
13387,43.078942,-62.909598,6.030,61.96,6.27,
13393,43.093661,42.020975,6.840,-0.52,-5.60,
13394,43.094087,63.410066,6.780,177.99,-112.31,
13402,43.132878,-12.769254,6.050,398.11,-189.55,
13414,43.181420,-41.391998,6.670,41.97,-15.18,
13421,43.211142,-9.441332,6.310,110.03,39.62,
13424,43.216776,52.997390,6.350,0.22,-15.25,
13429,43.227699,-65.455255,6.470,-6.45,-14.69,
13448,43.298567,16.483613,6.300,64.47,-62.97,
13458,43.325955,-22.090748,6.590,-6.51,-14.25,
13462,43.337787,48.569985,6.230,3.57,-12.31,
13464,43.351610,31.644730,6.610,-16.81,-18.41,
13473,43.393138,-38.437087,5.930,58.88,34.27,
13479,43.396954,-22.376123,5.930,85.60,-76.11,
13482,43.409355,1.969683,6.740,-39.29,-150.13,
13490,43.427409,38.337679,5.340,47.62,-78.48,
13495,43.442450,9.335873,6.540,58.14,-23.78,
13512,43.504041,47.160923,6.780,8.72,-12.04,
13518,43.526966,-50.871419,6.220,-2.30,7.24,
13520,43.529455,-10.442291,6.950,-16.17,-1.53,
13528,43.558141,42.588985,6.880,199.01,-83.58,
13531,43.564427,52.762490,3.930,-1.99,-4.53,
13536,43.582749,-55.879360,6.610,46.02,61.27,
13537,43.586638,-64.435569,6.560,2.05,-3.52,
13540,43.595269,51.166992,6.550,-50.97,-20.82,
13554,43.653251,-30.890809,6.860,-9.23,-0.21,
13567,43.696460,-0.048319,6.530,12.30,32.57,
13568,43.697563,-64.002384,6.780,122.11,100.45,
13569,43.706440,-33.524896,6.900,14.36,15.84,
13571,43.707568,20.373079,6.960,35.70,-5.25,
13593,43.783960,3.486902,6.910,30.86,-10.35,
13609,43.841716,27.722421,6.840,3.24,-16.73,
13621,43.867531,73.371157,6.580,27.41,-12.28,
13626,43.873290,-25.304500,6.590,45.41,-63.94,
13629,43.881488,2.018300,6.600,10.70,-10.60,
13645,43.921975,31.043126,6.890,1.75,-12.82,
13654,43.952095,18.331676,5.760,-8.08,-14.91,
13665,43.986430,61.521063,5.590,145.07,30.84,
13679,44.057202,8.381778,5.970,69.83,-88.32,
13684,44.066427,29.164122,6.550,35.09,-21.55,
13700,44.102731,64.332444,6.170,-3.83,-1.01,
13701,44.106682,-8.897610,3.890,77.73,-219.99,
13702,44.108260,18.023651,5.580,281.23,-218.84,
13713,44.138769,47.164004,6.050,-2.78,1.05,
13717,44.156021,-3.712215,5.160,-35.75,-43.31,
13727,44.201919,-35.377796,6.580,-13.28,2.20,
13732,44.211080,51.261351,6.220,0.71,-27.70,
13756,44.269013,4.500971,6.150,20.77,24.44,
13765,44.293073,0.447805,6.630,28.62,-2.12,
13768,44.303802,-29.855275,6.290,-16.38,-5.53,
13775,44.322002,31.934294,5.100,3.02,-31.13,
13782,44.348755,-23.862077,5.440,101.47,-35.81,
13786,44.369189,16.293807,6.900,76.10,-39.81,
13789,44.385939,-38.190952,6.410,2.61,11.10,
13794,44.403008,-55.013348,6.740,43.71,45.28,
13828,44.493965,64.419085,6.630,-6.60,13.38,
13832,44.509716,38.614969,6.060,-5.01,-17.76,
13834,44.521147,20.668810,5.800,234.79,-31.64,
13835,44.523700,-23.606138,5.820,71.99,51.95,
13843,44.552260,-12.005796,6.510,10.79,-10.91,
13847,44.565482,-40.304735,2.880,-53.53,25.71,
13851,44.578148,32.460732,6.610,24.27,60.20,
13874,44.675390,-2.782724,5.220,-28.70,-62.96,
13879,44.690210,39.662827,4.680,25.88,-40.67,
13883,44.697113,-9.776466,6.140,-8.26,-16.38,
13884,44.699025,-64.071297,4.980,22.96,5.39,
13887,44.705596,43.364587,6.650,37.61,-38.52,
13892,44.721029,21.617770,6.690,40.49,-17.35,
13897,44.736810,77.080140,6.880,-42.02,-27.09,
13904,44.755608,-34.189051,6.690,9.11,-9.38,
13905,44.765457,35.183114,4.940,-46.49,5.81,
13907,44.777055,-28.907080,6.140,1.64,-54.67,
13909,44.784447,-55.565262,6.850,8.01,-37.94,
13914,44.803058,21.340445,4.630,-13.04,-6.55,
13939,44.893980,-53.908585,6.850,-5.01,12.82,
13942,44.900273,-25.274339,5.690,181.75,84.67,
13944,44.901622,-7.179849,6.620,0.49,-42.80,
13947,44.909582,-32.507221,6.320,7.30,9.67,
13949,44.916117,41.033053,5.890,14.69,-46.40,
13951,44.921510,-2.464901,5.560,-4.56,-20.82,
13954,44.928735,8.907401,4.710,9.22,-14.92,
13959,44.947382,61.289945,6.840,-2.70,-0.12,
13962,44.953010,57.663246,6.860,0.09,-2.77,
13965,44.957427,47.220639,5.470,11.87,22.35,
13997,45.049501,38.131808,6.110,18.15,-27.76,
14021,45.131278,18.005038,6.740,-2.61,-26.24,
14036,45.183722,10.870472,5.930,81.25,-34.38,
14040,45.211981,-2.878641,6.110,7.41,9.65,
14043,45.217434,52.351798,5.240,31.20,-21.99,
14047,45.222880,52.352087,6.640,31.99,-21.27,
14060,45.291527,-7.662836,5.750,97.77,-72.10,
14063,45.297595,40.796645,6.920,-37.47,-22.56,
14081,45.371070,32.412763,6.600,20.39,-14.36,
14086,45.406043,-28.090482,5.880,282.98,-440.90,
14104,45.467825,5.336104,6.240,43.23,19.71,
14107,45.471689,38.878226,6.640,-14.64,1.52,
14109,45.475627,26.462342,5.910,-13.85,4.93,
14110,45.483722,-9.961393,5.840,43.54,-5.52,
14124,45.538451,-6.494194,6.200,80.54,-143.75,
14131,45.564156,-71.902495,5.510,27.18,15.95,
14135,45.569913,4.089925,2.540,-11.81,-78.76,Menkar
14143,45.593784,4.352870,5.620,16.70,5.64,
14146,45.598305,-23.624336,4.080,-145.96,-55.76,
14150,45.607809,26.609649,6.620,234.19,-168.25,
14168,45.676080,-7.685463,5.320,26.33,-3.55,
14181,45.717560,47.110697,6.720,66.69,-60.36,
14187,45.732674,-46.975042,5.810,24.77,2.42,
14228,45.867384,6.226824,6.720,-11.76,-54.70,
14232,45.875471,28.269956,6.380,66.87,-20.64,
14240,45.903766,-59.737620,5.120,-72.81,-63.89,
14258,45.961162,6.133180,6.920,231.78,48.42,
14262,45.980077,-43.898067,6.690,13.93,19.95,
14264,45.986460,47.848495,6.480,-8.76,-6.13,
14286,46.036455,61.707516,6.640,721.02,-693.41,
14287,46.039182,38.079513,6.860,1.48,-7.71,
14293,46.068655,-7.600899,5.260,65.43,17.41,
14303,46.116009,40.292834,6.910,3.94,-18.46,
14315,46.158548,1.863606,6.050,26.17,-0.68,
14318,46.169383,15.856246,6.370,-11.92,-91.94,
14328,46.199126,53.506450,2.910,0.50,-4.19,
14345,46.246743,-74.319955,6.810,65.40,58.95,
14354,46.293738,38.840533,3.320,128.69,-106.61,
14355,46.296919,-8.274302,6.300,61.13,22.33,
14365,46.337623,40.582191,6.060,-25.04,-4.29,
14376,46.361197,25.255199,5.450,3.99,-10.10,
14382,46.385107,56.705548,4.770,-13.49,70.34,
14387,46.397798,36.798788,6.990,11.13,-27.29,
14392,46.417289,56.069025,6.100,17.36,-24.31,
14402,46.443314,43.702479,6.900,-3.16,-3.01,
14417,46.533134,79.418510,5.490,-34.64,10.28,
14439,46.598698,13.187403,5.640,-3.31,-62.68,
14455,46.638999,-10.251944,6.690,22.63,-12.65,
14456,46.639534,-6.088542,5.230,7.12,-5.11,
14468,46.680349,-72.024918,6.990,-18.76,18.67,
14494,46.803452,-1.802712,6.950,-18.05,-15.41,
14501,46.827416,-13.761150,6.970,-7.99,-260.71,
14502,46.829237,64.057602,5.890,-13.65,-3.18,
14514,46.857029,17.879972,6.130,-23.54,9.30,
14521,46.882920,-78.989423,5.670,79.07,73.56,
14544,46.947251,47.308706,6.380,3.96,1.53,
14547,46.954162,-69.264957,6.120,-37.41,15.10,
14551,46.961687,-27.831101,6.180,65.72,-20.57,
14566,47.015960,52.213564,6.330,23.53,-21.57,
14576,47.042207,40.955651,2.090,2.39,-1.44,
14586,47.087857,18.795087,6.240,37.88,-14.33,
14592,47.106793,57.013181,6.640,129.59,-107.40,
14607,47.161640,8.470891,6.280,-3.40,73.32,
14619,47.209023,-64.565456,6.800,83.51,79.50,
14626,47.225762,62.384596,6.470,-1.98,-0.22,
14632,47.262014,49.613500,4.050,1262.29,-91.53,
14649,47.333750,20.761151,6.410,51.46,-11.77,
14655,47.342309,64.299699,6.840,3.70,-19.51,
14666,47.367581,37.301550,6.950,-44.14,-37.33,
14668,47.373455,44.857889,3.790,173.01,-142.05,
14672,47.394196,19.380751,6.860,27.38,-7.52,
14677,47.403032,29.077112,5.740,22.14,-13.22,
14709,47.513601,-63.913634,6.650,41.59,11.96,
14719,47.536783,27.819889,6.420,17.62,-50.91,
14739,47.580105,-74.297772,6.900,52.30,280.25,
14748,47.612682,26.896071,6.020,2.76,66.86,
14749,47.613482,-48.734096,6.110,16.73,-25.01,
14757,47.647297,-23.738623,6.370,60.38,31.18,
14764,47.661564,11.872693,5.970,30.74,-26.98,
14765,47.663509,-57.809803,6.630,10.44,4.99,
14773,47.678448,-39.051574,7.000,-19.32,9.99,
14778,47.704739,10.005871,6.950,30.08,10.35,
14786,47.730960,2.315912,6.780,1.56,-27.25,
14791,47.753351,64.896302,6.500,-48.97,-14.77,
14797,47.771949,-13.264304,6.360,26.92,8.14,
14814,47.819769,-16.024940,6.250,-25.66,-11.14,
14817,47.822506,39.611571,4.610,-26.21,4.78,
14819,47.828245,-3.811555,6.080,-4.25,-16.65,
14821,47.841367,13.047803,6.110,-15.66,17.08,
14838,47.906957,19.726698,4.350,154.61,-8.39,
14844,47.928552,81.470712,5.920,-45.62,-0.93,
14845,47.928665,52.163521,6.900,24.70,-23.65,
14851,47.954514,-29.162668,7.000,30.27,-63.70,
14862,47.984327,74.393869,4.850,14.46,-86.21,
14868,47.990124,-39.365853,6.980,80.85,-15.68,
14871,47.995096,46.128662,6.960,53.82,-24.53,
14879,48.017833,-28.989106,3.800,371.49,612.26,
14887,48.039763,42.375947,6.150,16.44,-17.23,
14893,48.059327,27.257013,5.780,11.77,-18.34,
14913,48.106996,-44.419654,5.920,82.73,-2.61,
14914,48.109820,47.726081,6.320,73.30,-84.85,
14915,48.109875,6.660886,5.550,-8.09,-1.26,
14925,48.128804,-32.396668,6.970,109.85,20.09,
14930,48.138083,-57.321582,5.710,18.65,13.55,
14954,48.193015,-1.195933,5.070,193.43,-69.23,
14970,48.250010,-20.027094,6.740,134.59,61.66,
14972,48.256209,-35.943707,6.290,-0.84,7.74,
14988,48.294005,31.069097,6.940,11.66,-18.89,
15004,48.349410,48.176999,5.930,16.89,-18.75,
15024,48.408063,-29.804122,6.170,15.47,-3.14,
15039,48.459111,-38.809282,6.880,-37.82,-43.46,
15048,48.478625,18.973311,6.510,25.67,10.51,
15072,48.571322,22.953789,6.760,59.19,-8.35,
15073,48.571643,74.243109,6.840,4.58,-10.97,
15092,48.666950,-35.557707,6.880,34.98,17.19,
15108,48.720934,-59.513509,6.750,34.10,0.80,
15110,48.725478,21.044629,4.870,-29.83,-77.15,
15118,48.735608,42.503619,6.070,52.72,7.23,
15125,48.751155,-26.100406,6.250,-10.70,-21.75,
15131,48.777085,-45.665167,6.750,-132.56,141.62,
15135,48.781496,73.868218,6.570,-7.47,-29.80,
15140,48.796124,-64.443743,6.620,-27.17,-57.26,
15154,48.835198,30.556675,5.610,-16.56,6.01,
15173,48.882300,-8.770065,6.610,10.82,-12.34,
15187,48.939253,80.130486,6.700,-24.73,-57.61,
15191,48.946451,32.856666,6.300,-8.95,19.02,
15192,48.949886,57.140625,5.790,-1.95,-2.00,
15193,48.952704,50.955976,6.460,30.43,-35.30,
15197,48.958445,-8.819840,4.800,-3.82,45.52,
15201,48.988992,-77.388605,5.510,113.20,62.00,
15203,49.003538,-5.918697,6.170,9.79,-3.59,
15204,49.007631,34.688609,6.250,41.49,-39.41,
15209,49.018467,45.346215,6.150,31.94,-33.74,
15218,49.047047,-30.827493,6.640,24.26,10.25,
15219,49.050853,50.937711,5.040,-1.31,-19.23,
15230,49.090462,-5.730415,6.300,22.06,-20.18,
15232,49.103701,66.380337,6.700,35.82,-28.62,
15241,49.146635,32.184219,5.980,-4.10,-83.07,
15244,49.149021,-9.154746,6.140,1.48,28.93,
15279,49.287397,6.799966,6.960,48.41,-31.95,
15282,49.297693,40.483054,6.440,13.90,-31.11,
15291,49.322531,-23.520282,6.610,-1.69,5.36,
15296,49.340066,78.875001,6.760,-12.79,-1.50,
15305,49.360842,-47.751738,5.840,-6.90,30.31,
15309,49.381418,65.658350,6.410,-10.33,6.88,
15323,49.417151,31.127185,6.400,-103.09,-56.65,
15330,49.435288,-62.576899,5.530,1337.83,648.71,
15334,49.440572,39.283414,5.970,22.23,-16.69,
15338,49.447216,44.025082,5.490,26.61,-23.72,
15353,49.495789,-66.926885,6.030,57.15,13.07,
15357,49.510383,-28.797036,5.930,155.37,-16.12,
15371,49.546404,-62.507935,5.240,1331.10,646.84,
15382,49.592065,-22.511150,4.860,12.55,13.07,
15383,49.592828,-0.930141,5.620,251.68,-60.59,
15399,49.635510,44.719619,6.950,33.65,-27.11,
15404,49.657170,50.222235,5.160,22.45,-25.10,
15411,49.671135,-18.559640,5.720,124.90,-63.27,
15416,49.682600,34.222674,4.850,1.29,-8.68,
15444,49.781744,50.095028,5.050,22.38,-25.26,
15457,49.839745,3.369971,4.840,268.88,93.53,
15474,49.879040,-21.757942,3.700,51.35,32.20,
15479,49.895430,-24.122847,5.630,5.94,-22.68,
15510,49.971770,-43.071549,4.260,3038.08,726.34,
15514,49.982554,27.071307,5.910,-24.74,-71.10,
15520,49.996903,65.652327,4.740,11.27,-14.32,
15523,50.007668,1.483617,6.730,-10.34,2.44,
15534,50.028877,69.731330,6.600,15.04,-7.41,
15547,50.081585,77.734901,5.440,64.90,-66.20,
15549,50.084859,29.048498,4.470,-8.21,-16.42,
15555,50.097187,19.872714,6.900,2.82,0.32,
15557,50.106527,25.662966,6.140,11.35,-93.32,
15582,50.185671,-26.288144,6.920,37.46,141.06,
15585,50.188236,-26.606562,6.400,41.60,22.84,
15597,50.214415,20.509486,6.780,5.89,-23.20,
15615,50.263709,73.699157,6.870,8.73,-11.32,
15619,50.278211,3.675681,5.700,56.05,-25.17,
15627,50.306712,21.147141,5.270,21.68,-22.41,
15634,50.329379,61.999216,6.760,2.51,-12.55,
15643,50.350106,-23.635089,5.500,-24.17,-18.93,
15648,50.360863,43.329652,4.960,-60.43,-0.38,
15655,50.389279,-47.776629,6.400,7.04,-13.03,
15660,50.424617,-20.324615,6.690,39.02,-14.92,
15669,50.468216,49.071059,5.940,180.91,-63.45,
15692,50.539024,-46.763189,6.900,-22.41,-70.89,
15696,50.549544,27.607577,5.550,4.42,-9.88,
15700,50.567844,-25.587804,6.360,5.11,0.66,
15702,50.568438,-21.100076,6.730,-13.21,-25.60,
15737,50.688634,20.742105,5.100,-49.22,-14.88,
15770,50.804902,49.213330,5.320,20.70,-24.96,
15775,50.822251,-17.439556,6.700,-15.22,31.12,
15776,50.823748,-7.793564,6.200,2.11,-219.54,
15795,50.886677,58.722066,6.580,1.50,-18.38,
15799,50.896793,-40.076492,6.900,40.65,42.21,
15800,50.901282,0.910311,6.470,-5.10,-92.18,
15807,50.912474,4.882112,6.370,-6.83,-2.56,
15816,50.935862,-32.707093,6.510,19.73,1.77,
15819,50.947113,48.604479,7.000,25.02,-25.53,
15838,51.003749,19.907043,6.830,11.42,8.10,
15840,51.009483,-69.624651,6.140,22.08,18.35,
15843,51.017063,74.171358,6.930,184.21,-151.50,
15850,51.042143,12.629642,6.030,25.97,-21.32,
15861,51.076937,24.724188,5.500,15.72,-51.42,
15863,51.080619,49.861243,1.790,24.11,-26.01,Mirfak
15869,51.102533,-13.992958,6.870,8.84,2.91,
15870,51.108812,20.803513,6.070,2.55,-9.84,
15876,51.123663,33.536018,5.780,31.87,-22.99,
15882,51.143616,22.040361,6.910,23.14,-18.17,
15884,51.150873,-51.062705,6.500,-7.37,19.71,
15886,51.154113,-76.746118,6.800,-36.76,-70.37,
15890,51.169005,64.585996,5.130,-3.24,0.13,
15900,51.203490,9.029065,3.610,-74.25,-80.31,
15925,51.289137,41.257286,6.520,-8.25,6.31,
15943,51.326063,58.694504,6.850,-37.55,13.98,
15946,51.334616,-4.655269,6.990,5.52,6.24,
15968,51.401056,-69.336594,5.960,-0.41,64.81,
15979,51.449381,53.921624,6.510,46.80,-41.66,
15987,51.482564,-35.920874,6.390,36.34,-4.74,
15988,51.489003,49.120823,6.090,22.75,-27.12,
16015,51.549038,-41.637005,6.330,19.61,27.01,
16029,51.593832,-27.317609,5.930,7.67,53.45,
16042,51.647339,28.715341,6.470,41.35,-104.29,
16075,51.759615,34.429501,6.760,0.51,1.40,
16077,51.763320,18.756548,6.540,35.70,2.41,
16079,51.771449,48.205570,6.850,22.90,-24.83,
16083,51.792170,9.732772,3.730,53.61,-38.12,
16095,51.827796,12.735307,6.290,11.44,-7.54,
16112,51.889024,-35.681339,5.710,76.73,6.38,
16118,51.912293,49.599981,6.930,21.63,-26.15,
16128,51.932290,-43.855955,6.730,41.64,28.23,
16142,52.003950,-11.286487,5.740,-1.48,-46.39,
16143,52.005820,20.464273,6.720,2.61,-4.73,
16147,52.012709,49.062931,4.990,21.94,-26.83,
16156,52.047912,-35.853418,6.490,35.67,-3.29,
16163,52.071964,-57.882191,6.690,-2.51,-15.64,
16165,52.075964,44.377254,6.520,-14.62,-7.38,
16168,52.086167,33.807697,5.720,28.13,-57.43,
16177,52.098184,60.255726,6.490,23.10,-22.31,
16181,52.110696,22.804277,6.030,0.02,-111.40,
16193,52.151435,11.390607,6.740,-5.43,-32.13,
16210,52.217946,49.848446,5.580,22.51,-25.55,
16226,52.265852,3.248687,6.410,-2.39,7.27,
16228,52.267227,59.940335,4.210,-0.82,-1.85,
16244,52.341793,49.509019,4.670,22.16,-29.18,
16245,52.342444,-62.938434,4.710,383.05,373.11,
16252,52.359434,46.937938,6.210,22.36,-28.61,
16261,52.395842,-23.475810,6.880,75.32,36.16,
16263,52.400094,-12.674749,5.570,7.74,4.95,
16266,52.413282,-6.804239,6.010,-84.93,-89.94,
16274,52.454412,-22.505517,6.790,4.09,17.16,
16281,52.478108,58.878752,4.550,-1.94,-1.14,
16285,52.479979,-42.634253,5.760,-59.48,-1.45,
16290,52.495524,-78.351785,5.680,-11.26,-26.72,
16292,52.500960,55.451837,5.090,-45.38,-11.77,
16303,52.545548,59.366069,6.140,14.07,-50.27,
16308,52.555066,-11.646108,6.770,90.89,-85.08,
16310,52.556615,-41.369518,6.120,-10.40,-172.75,
16319,52.580789,71.863897,6.370,3.85,0.10,
16322,52.601983,11.336481,5.140,-11.71,-16.08,
16325,52.609877,10.458818,7.000,1.94,-21.35,
16335,52.643676,47.995172,4.360,1.56,18.13,
16339,52.653743,-47.375174,5.980,64.60,20.03,
16340,52.653884,48.103655,5.820,21.23,-24.00,
16341,52.654374,-5.075163,4.740,13.31,7.34,
16350,52.669049,-9.730328,6.860,31.89,34.04,
16357,52.687595,42.202484,6.920,93.42,-18.84,
16358,52.689146,6.188744,5.930,42.38,-16.79,
16368,52.715344,-66.489718,5.810,16.99,1.70,
16369,52.718196,12.936682,4.140,18.94,-1.55,
16370,52.718640,-62.007990,6.790,39.01,18.21,
16389,52.766631,-0.481148,6.640,-11.26,-22.56,
16410,52.832786,27.571857,6.990,42.48,-21.52,
16411,52.836364,27.571881,6.610,41.23,-23.84,
16414,52.838046,17.938176,6.790,-14.19,-0.05,
16424,52.872303,49.209774,6.290,-14.85,-1.32,
16425,52.876150,40.760036,6.500,25.20,-41.93,
16430,52.887987,47.862481,6.770,20.35,-26.70,
16447,52.954330,49.401095,6.410,-1.68,-0.98,
16449,52.973384,-25.614113,6.380,53.46,-14.98,
16450,52.974697,48.735218,6.620,21.21,-30.18,
16470,53.035754,48.023534,5.470,22.84,-23.78,
16478,53.049682,11.542525,6.790,31.18,-40.99,
16487,53.073264,40.920762,6.730,24.71,-12.75,
16489,53.082146,84.911363,5.620,62.36,-133.04,
16499,53.109601,46.057043,5.300,-52.77,-74.74,
16509,53.144652,-50.378849,5.670,94.26,83.16,
16511,53.149708,9.373558,5.760,32.55,-49.15,
16516,53.162404,44.855775,6.420,1.12,-6.38,
16518,53.166757,35.461720,5.910,-6.72,3.66,
16531,53.214435,-61.016988,6.420,77.48,47.37,
16537,53.235090,-9.458306,3.720,-976.44,17.97,
16570,53.336968,47.950143,6.600,114.51,-24.14,
16572,53.338329,13.782464,6.900,-9.89,-19.84,
16587,53.384125,58.765351,6.450,13.07,-45.58,
16591,53.395927,39.899590,5.790,17.06,-45.98,
16599,53.412925,54.974861,5.980,-41.31,-1.63,
16602,53.421805,57.868636,6.370,7.00,36.75,
16611,53.446866,-21.632816,4.260,44.91,-27.47,
16628,53.486722,-31.080300,6.200,-35.15,76.40,
16641,53.534668,17.833583,6.140,95.50,-310.56,
16661,53.603118,-65.764258,6.740,50.06,14.97,
16664,53.610930,24.464475,5.950,2.70,-33.96,
16672,53.639910,-31.874798,6.390,15.36,-1.10,
16677,53.656080,-9.868273,6.250,20.11,4.99,
16682,53.659750,-62.557352,6.970,38.87,25.39,
16690,53.678511,-54.322395,6.840,53.71,50.30,
16695,53.704564,6.417733,6.490,-23.43,-17.03,
16697,53.718219,-25.582906,6.480,51.50,33.44,
16712,53.754314,60.041377,6.430,-22.58,21.52,
16713,53.754849,32.016873,6.660,54.98,-41.96,
16725,53.801226,73.346987,6.560,8.60,-24.53,
16757,53.907635,31.680443,6.860,63.88,0.06,
16779,53.988541,-5.124944,6.490,-5.41,-4.08,
16780,53.990217,-11.193978,5.560,23.65,80.60,
16782,53.993629,47.091091,6.890,21.34,-25.18,
16803,54.072467,-17.467041,5.240,33.35,-9.65,
16810,54.091294,55.886866,6.810,6.73,-12.25,
16815,54.104290,-79.098643,6.840,-14.42,-24.38,
16826,54.122334,48.192701,4.320,21.41,-27.58,
16827,54.125766,-78.323089,6.290,-14.30,6.53,
16835,54.165798,29.224044,6.530,49.92,-5.40,
16843,54.195449,34.347672,6.880,26.95,-33.93,
16846,54.197120,0.588155,5.820,-32.98,-163.45,
16851,54.214120,-33.780712,6.930,42.25,16.88,
16852,54.218829,0.402833,4.290,-232.69,-482.00,
16859,54.241811,23.211114,6.720,-15.42,-18.36,
16870,54.273659,-40.274511,4.570,2.77,-14.23,
16900,54.366765,31.120175,6.960,-139.60,20.19,
16914,54.421240,-74.822567,6.890,-51.88,-1.37,
16917,54.433959,56.739386,6.530,-3.37,-0.19,
16924,54.449244,15.430623,6.400,22.43,-29.51,
16938,54.500693,42.582903,6.410,19.10,-24.59,
16959,54.542532,-59.776486,6.960,25.54,43.29,
16974,54.582103,56.932798,6.290,26.90,-34.89,
16986,54.612187,49.205715,6.870,13.51,-15.99,
16989,54.621893,-7.391709,5.860,-1.06,-63.16,
17000,54.669617,22.659722,6.710,19.34,-45.29,
17007,54.698573,-27.943117,6.010,21.55,25.85,
17022,54.738916,42.538598,6.730,-194.77,-132.90,
17026,54.750262,20.915848,6.500,-4.67,-34.27,
17027,54.754690,-5.625707,5.970,-13.53,-207.06,
17049,54.821024,13.891736,6.670,12.57,-99.41,
17056,54.854564,75.739602,6.250,-5.71,8.65,
17057,54.855926,-10.437026,6.190,-26.50,-103.70,
17058,54.857199,16.536766,6.180,40.42,-33.28,
17075,54.886009,59.445422,6.900,-7.89,4.99,
17082,54.902994,-17.365048,6.860,-5.58,-17.18,
17086,54.909809,-3.392842,6.220,-14.30,-68.94,
17089,54.913466,-56.234627,6.850,6.85,15.90,
17098,54.938166,56.383041,6.530,17.80,-2.28,
17099,54.939427,-40.352234,6.550,20.97,8.15,
17101,54.946496,-6.777210,6.960,39.12,17.63,
17103,54.963099,3.056843,5.550,-36.61,8.32,
17108,54.972730,-28.511223,6.940,-22.61,-109.88,
17118,54.994352,63.870761,6.810,129.42,-143.11,
17120,54.998123,-1.121211,6.120,33.46,-6.42,
17129,55.030169,34.116460,6.820,-74.37,6.24,
17135,55.044857,-9.039132,6.920,52.48,0.82,
17136,55.047665,-15.226500,6.350,-3.76,-14.11,
17138,55.051987,-19.592862,6.910,-4.92,14.60,
17147,55.090257,-3.216461,6.680,689.67,-214.34,
17155,55.116824,5.125893,6.610,7.62,-8.90,
17167,55.159721,-5.210697,5.530,0.14,-3.64,
17168,55.161482,28.773429,6.860,20.58,-40.66,
17170,55.167325,-19.473012,6.820,86.09,28.55,
17181,55.192931,25.329526,6.110,9.58,-13.95,
17183,55.196725,-2.332147,6.960,374.09,-220.87,
17203,55.282672,37.580264,5.550,22.86,-27.30,
17211,55.299567,58.845086,6.840,38.62,-64.00,
17214,55.307293,-11.802490,6.490,81.07,29.82,
17220,55.326611,28.702792,6.880,7.80,-14.91,
17223,55.343313,-19.584397,6.580,-8.73,2.91,
17256,55.439872,-47.775808,6.960,-21.40,30.88,
17257,55.450707,62.648451,6.990,1.53,-4.65,
17276,55.496224,-24.652152,6.770,163.15,-32.46,
17296,55.538946,63.216759,5.060,-16.97,19.34,
17298,55.541318,-45.957921,6.500,-72.55,13.51,
17304,55.562080,-31.938396,4.990,5.16,14.23,
17309,55.578937,19.700286,5.680,5.82,-13.24,
17313,55.594348,33.965039,4.970,4.39,-5.21,
17320,55.615083,32.939458,6.770,28.00,-92.15,
17328,55.636208,-85.262023,6.400,20.99,24.32,
17342,55.678059,59.969385,5.740,0.56,2.75,
17347,55.688214,69.845720,6.980,13.86,-28.36,
17351,55.708842,-37.313345,4.590,-90.81,-71.42,
17358,55.731175,47.787653,3.010,23.83,-41.93,
17364,55.769300,-50.644299,6.970,140.66,502.47,
17378,55.812317,-9.765199,3.520,-91.71,742.23,
17395,55.890994,-10.485611,5.590,-7.97,-20.23,
17408,55.946423,19.665170,6.130,115.75,-56.56,
17436,56.026501,-40.660086,6.450,25.07,-83.56,
17437,56.026781,48.523685,6.060,0.02,-12.02,
17439,56.037574,-38.282473,6.990,209.08,288.19,
17440,56.048145,-64.807094,3.840,308.39,78.72,
17448,56.079693,32.288273,3.840,8.11,-10.32,
17453,56.117445,20.928770,6.090,26.61,-13.80,
17457,56.127117,-1.163078,5.240,3.62,-5.26,
17460,56.130820,36.460204,5.600,48.24,-41.44,
17464,56.141103,-54.274186,6.290,25.49,65.50,
17470,56.155059,27.897634,6.750,-48.00,-76.60,
17475,56.170461,46.099871,6.100,-1.55,-23.73,
17482,56.187081,27.921460,6.860,157.80,-160.10,
17489,56.200842,24.289577,5.450,20.73,-44.00,
17493,56.210275,-48.061118,6.490,20.00,-74.20,
17499,56.218848,24.113448,3.720,21.55,-44.92,
17506,56.235261,-0.296716,5.560,60.54,-1.86,
17519,56.261319,2.621401,6.650,-1.87,-54.95,
17523,56.279556,74.542534,6.710,13.00,18.40,
17527,56.290528,24.839373,5.660,19.03,-46.64,
17529,56.298514,42.578544,3.770,-14.59,1.75,
17531,56.302009,24.467379,4.300,19.35,-41.63,
17534,56.316163,-47.359454,5.720,-3.07,-9.03,
17543,56.348733,-71.658237,6.260,21.15,42.99,
17549,56.379349,42.006997,6.890,24.22,-31.42,
17553,56.388078,-25.915477,6.970,-23.70,0.40,
17558,56.404635,38.676219,6.450,-30.02,17.90,
17563,56.418460,6.050029,5.340,20.61,-15.61,
17572,56.453342,23.147257,6.850,21.06,-44.49,
17573,56.456638,24.367858,3.870,21.09,-45.03,
17575,56.460677,55.063877,6.830,6.90,-28.51,
17579,56.476933,24.554621,5.760,19.44,-45.36,
17584,56.496855,45.681944,5.660,17.51,-18.44,
17585,56.503399,67.201881,5.790,82.08,-113.37,
17587,56.509719,63.345068,4.780,-0.94,-8.41,
17588,56.512032,24.528006,6.430,19.83,-44.38,
17593,56.535427,-12.101735,4.430,55.59,60.03,
17595,56.539016,6.803655,5.910,-1.82,-55.42,
17601,56.555302,-9.882805,6.870,6.49,9.91,
17602,56.557856,71.618107,6.970,-5.37,8.17,
17608,56.581501,23.948462,4.140,21.17,-42.67,
17617,56.609329,13.509166,6.880,24.62,-27.24,
17618,56.614266,-29.338166,5.910,7.18,3.80,
17631,56.670273,32.290208,6.680,8.08,-8.03,
17651,56.712454,-23.248438,4.220,-159.86,-528.54,
17664,56.747431,24.520234,6.830,21.47,-45.43,
17675,56.794093,51.706570,6.900,59.14,-75.38,
17678,56.809298,-74.239243,3.260,51.07,115.27,
17684,56.821517,23.726813,6.980,-34.04,-25.39,
17688,56.832242,-50.753879,6.580,-23.86,-57.58,
17689,56.832767,-29.901588,6.540,166.15,-56.95,
17692,56.837319,23.803454,6.990,19.78,-43.97,
17693,56.842814,-29.468530,6.930,24.91,-48.24,
17702,56.871101,24.105242,2.850,19.35,-43.11,Alcyone
17704,56.872674,24.288453,6.830,17.84,-44.94,
17707,56.883832,55.922049,6.090,27.11,-36.61,
17717,56.915085,-23.874796,5.240,48.02,49.01,
17732,56.954320,32.195498,6.260,-23.69,-34.29,
17734,56.956683,-36.105829,6.210,12.52,18.34,
17735,56.969428,33.599883,6.570,4.41,-4.45,
17738,56.983429,-30.167321,5.520,26.20,-231.06,
17744,56.995284,-2.861422,6.980,-21.54,2.35,
17745,56.996082,-26.328616,6.970,-18.20,4.32,
17759,57.027327,24.988485,6.440,-27.81,-28.15,
17771,57.067717,11.143366,5.080,28.25,-29.82,
17772,57.075337,50.736772,6.180,-7.58,-1.99,
17776,57.086684,23.421364,5.440,19.14,-46.80,
17785,57.103305,-54.293806,6.890,17.55,17.27,
17791,57.125349,24.345629,6.960,17.70,-43.20,
17792,57.128020,9.645923,6.680,72.36,10.28,
17798,57.148846,-20.902936,5.810,-29.81,-16.70,
17797,57.149262,-37.620129,4.300,75.83,-10.69,
17805,57.162151,0.227871,5.910,65.55,-6.01,
17832,57.237130,23.857272,6.470,46.92,-56.45,
17838,57.251120,-26.032550,6.950,-37.64,-17.48,
17846,57.283845,43.963023,5.950,-7.03,29.53,
17847,57.290547,24.053524,3.620,17.77,-44.70,
17851,57.296684,24.136826,5.050,18.71,-46.74,
17854,57.307087,70.871202,5.400,20.91,-62.70,
17856,57.329385,-1.453160,6.550,92.92,-39.77,
17858,57.332190,57.118327,6.460,28.30,-24.42,
17861,57.339348,-36.092487,6.750,13.14,-0.08,
17862,57.340575,24.381064,6.620,18.34,-44.53,
17874,57.363670,-36.200113,4.170,-49.42,-56.63,
17877,57.364879,52.655408,6.730,-1.91,-4.32,
17884,57.380356,65.526006,4.390,-2.50,-13.98,
17886,57.386260,33.091381,5.140,-18.15,0.30,
17891,57.402588,63.297104,5.820,-17.80,-56.65,
17900,57.431332,23.711963,6.170,16.50,-44.53,
17907,57.443662,9.407555,6.770,25.82,-24.40,
17921,57.479408,22.244263,6.050,23.88,-45.90,
17923,57.491846,23.848803,6.730,18.74,-44.35,
17925,57.510855,-45.385388,6.930,0.28,2.83,
17930,57.514231,37.873999,6.610,78.59,-49.94,
17932,57.518548,44.967921,5.650,-37.80,-26.82,
17943,57.555142,34.820299,6.770,44.05,-79.77,
17950,57.567101,-1.522635,6.470,102.33,25.09,
17951,57.568959,-32.285417,6.930,19.43,12.43,
17954,57.578812,25.579649,5.240,36.37,-117.95,
17959,57.589483,71.332368,4.590,18.27,-42.00,
17963,57.604475,52.481908,6.970,-1.95,-2.81,
17982,57.656455,-36.425620,6.860,-4.24,11.23,
17988,57.674776,1.563947,6.600,-9.53,-0.56,
17999,57.718402,23.961581,6.950,16.80,-45.76,
18033,57.816073,13.046132,6.300,20.62,-22.18,
18046,57.855417,25.162957,6.790,-8.97,-11.50,
18052,57.879829,-21.280959,6.590,-1.04,-63.16,
18059,57.902552,22.031429,6.710,16.16,-30.54,
18067,57.923960,68.507536,6.310,15.92,-20.89,
18066,57.924113,-47.316934,6.700,30.73,30.68,
18081,57.973818,34.359129,5.780,4.28,-4.22,
18088,58.000278,60.336532,6.910,11.21,15.82,
18089,58.000935,6.534914,5.660,7.60,-2.80,
18094,58.018559,31.168666,6.220,-12.36,-36.30,
18104,58.036194,-1.148770,6.770,-10.94,-13.16,
18106,58.047817,25.163477,6.770,-121.53,-163.78,
18109,58.071182,-0.655614,6.820,47.76,2.88,
18113,58.086157,62.344820,6.730,-12.20,-6.72,
18122,58.128556,-5.054212,6.740,6.92,31.77,
18138,58.165359,32.408589,6.730,42.90,-16.49,
18141,58.173558,-5.361242,5.480,3.24,-7.10,
18169,58.284858,-6.633739,6.560,2.36,-2.00,
18170,58.291494,17.327156,5.970,143.97,-29.93,
18173,58.303868,-18.434450,6.210,2.80,1.17,
18190,58.375882,2.119191,6.720,26.56,-23.74,
18192,58.377301,-14.970542,6.930,2.34,-4.48,
18199,58.388766,-46.893589,5.930,17.65,-35.18,
18201,58.393600,25.682966,6.350,21.06,-34.22,
18212,58.411125,48.650568,5.760,37.72,-30.08,
18213,58.412184,-34.732295,5.110,31.99,-0.81,
18216,58.427846,-24.612213,4.640,30.93,-7.18,
18217,58.429969,57.975369,5.800,85.08,-93.81,
18235,58.496879,-23.136349,6.680,336.31,-297.71,
18246,58.532994,31.883658,2.840,4.41,-9.15,
18254,58.572123,-27.668929,6.990,39.01,34.85,
18255,58.572861,-2.954733,4.460,26.42,1.49,
18262,58.596577,-40.357029,5.700,-22.06,8.30,
18267,58.616254,16.616456,6.810,217.11,-165.59,
18275,58.641397,-52.690330,6.460,26.97,-39.20,
18286,58.656255,-46.416873,6.900,-14.27,-5.08,
18292,58.677006,2.089934,6.800,9.09,11.10,
18337,58.814771,-38.759238,6.810,-6.19,-1.74,
18339,58.817391,-12.099051,5.990,-76.94,-22.14,
18350,58.846161,31.045848,6.790,-1.99,-4.51,
18353,58.853548,49.040597,6.850,4.93,-1.15,
18366,58.904974,52.226556,6.820,-118.78,108.90,
18370,58.910088,52.641327,6.740,-0.21,-1.52,
18383,58.943094,56.919096,6.920,25.72,-30.94,
18396,58.992325,47.871470,5.390,17.57,-20.62,
18401,59.016242,-63.463847,6.140,70.38,52.83,
18413,59.049371,59.641500,6.530,-284.06,159.32,
18428,59.115239,-13.597541,6.370,9.30,4.19,
18432,59.119162,-25.180660,6.880,106.83,-279.82,
18434,59.119534,35.080908,5.490,2.56,-3.96,
18437,59.122307,-38.962169,6.890,29.96,0.47,
18438,59.126391,71.821631,6.310,-52.27,-10.00,
18440,59.131484,-10.853184,6.560,77.00,18.89,
18451,59.151364,74.080010,6.750,-14.00,9.83,
18453,59.151816,50.695692,5.280,94.13,-127.90,
18455,59.157923,-9.750857,6.180,51.10,5.43,
18471,59.216803,22.478250,5.620,69.43,-114.82,
18481,59.257068,6.040132,6.090,37.24,-67.99,
18482,59.257382,-40.036964,6.970,7.39,10.00,
18485,59.265841,23.175591,6.050,8.95,-16.98,
18488,59.284553,61.108917,4.990,-3.40,-14.06,
18490,59.297041,21.323581,6.840,-6.40,-12.78,
18499,59.317928,41.880660,6.840,-18.81,-14.16,
18505,59.355981,63.072249,4.950,7.58,6.01,
18508,59.359938,24.461955,6.190,-5.99,-7.33,
18518,59.396174,36.491537,6.980,77.89,-101.41,
18532,59.463421,40.010273,2.900,12.61,-24.06,
18543,59.507209,-13.508245,2.970,60.51,-111.34,
18545,59.511234,72.724577,6.630,-6.06,-1.20,
18547,59.513029,34.814049,6.540,24.00,-33.24,
18554,59.563408,-49.610086,6.940,16.85,37.79,
18565,59.621392,38.840350,6.320,40.99,-39.30,
18592,59.678641,-57.102388,6.050,25.85,11.55,
18597,59.686406,-61.400151,4.560,9.79,-14.39,
18602,59.707606,57.450977,6.960,31.72,-35.41,
18606,59.718422,-5.469524,5.850,-46.75,-174.03,
18614,59.741249,35.791027,3.980,1.92,2.30,
18634,59.832138,13.975190,6.770,-9.77,-59.60,
18635,59.834446,-43.917450,6.830,22.19,-9.39,
18647,59.875552,-12.574332,5.610,-1.40,-38.11,
18656,59.905946,-56.472928,6.820,29.92,43.99,
18657,59.916593,38.820389,6.510,-11.68,-3.44,
18658,59.918394,10.330411,6.350,133.06,-3.50,
18673,59.981150,-24.016257,4.620,11.41,17.08,
18677,59.997195,-61.894785,6.700,15.99,-4.71,
18688,60.043529,40.013718,6.890,-4.47,4.40,
18691,60.064693,-51.564981,6.510,4.74,9.66,
18717,60.153694,17.296735,6.310,2.57,-30.81,
18723,60.169264,-30.490710,5.930,47.49,5.15,
18724,60.170086,12.490376,3.410,-8.15,-11.98,
18729,60.181819,-71.166881,6.600,24.61,33.70,
18735,60.202858,18.194069,5.890,129.49,-28.27,
18744,60.224188,-62.159369,4.480,1.80,34.95,
18748,60.236709,23.201576,6.520,15.01,-35.07,
18762,60.279001,20.199351,6.760,31.67,-79.25,
18769,60.311814,36.989484,6.390,-6.13,-2.72,
18772,60.325296,-61.079051,4.970,66.66,94.51,
18788,60.383474,-1.549626,5.280,27.96,-13.79,
18805,60.442221,9.998014,5.670,5.59,1.13,
18824,60.513258,-34.482122,6.730,377.44,-15.13,
18844,60.610655,-61.357205,6.740,337.78,109.25,
18847,60.616726,-78.633080,6.630,21.36,-11.83,
18850,60.621733,3.847248,6.910,3.73,-7.52,
18859,60.652736,-0.268311,5.380,151.20,-252.03,
18863,60.660260,-0.801021,6.930,9.14,-9.67,
18875,60.696035,-22.594249,6.900,7.59,-86.47,
18893,60.747723,9.208885,6.910,93.22,-162.79,
18894,60.749209,-48.368820,6.950,7.36,14.64,
18907,60.789070,5.989309,3.910,5.52,-1.63,
18911,60.794080,8.882629,6.650,9.78,6.49,
18913,60.796511,78.202810,6.980,-8.05,-17.65,
18923,60.842169,48.840897,6.970,-3.02,-16.65,
18926,60.853114,-20.143793,6.470,-0.20,-1.40,
18939,60.891195,-25.847882,6.570,-17.24,-5.21,
18950,60.914165,-47.861919,6.620,-9.40,12.99,
18957,60.935849,5.435638,5.320,1.23,-5.40,
18975,60.985438,8.197201,5.450,168.35,27.98,
18990,61.036043,-16.588578,6.360,93.93,-61.63,
18993,61.040782,2.827253,5.360,149.52,-125.67,
19009,61.090307,24.106026,5.460,-0.31,-13.82,
19011,61.094610,-12.792339,5.620,15.85,17.95,
19018,61.113182,59.155508,5.000,-1.79,-0.38,
19030,61.154058,55.066563,6.550,21.06,-38.94,
19036,61.165072,17.517579,6.640,-44.79,7.99,
19037,61.170383,-20.381830,6.120,17.14,-13.78,
19038,61.173574,22.082068,4.360,91.73,-58.52,
19039,61.179438,32.571229,6.870,6.58,-10.54,
19070,61.309788,-1.011733,6.970,18.22,-34.52,
19076,61.333956,22.009222,5.900,172.61,-130.08,
19089,61.400106,34.239310,6.640,41.07,-59.85,
19091,61.402633,-31.050912,6.940,38.30,-21.49,
19095,61.405433,-27.652036,5.590,200.52,94.21,
19103,61.423300,10.037112,6.720,-14.18,6.31,
19111,61.444700,-20.512536,6.340,-27.24,-10.81,
19121,61.485390,-8.856084,6.270,22.85,-8.62,
19127,61.508783,46.925687,6.770,46.83,-48.55,
19129,61.513210,68.679965,5.880,7.29,3.00,
19139,61.533603,62.101836,6.760,-0.52,-0.46,
19167,61.646064,50.351350,4.250,-13.03,-36.37,
19171,61.651658,27.600025,5.180,22.13,-50.18,
19172,61.652428,54.008884,6.310,55.34,-90.98,
19174,61.653759,-18.050772,6.600,8.83,-14.25,
19177,61.661719,65.520860,6.140,20.25,-25.47,
19196,61.713235,-49.628554,6.860,56.02,21.64,
19201,61.732604,33.446385,6.700,4.41,-6.55,
19202,61.742161,-21.994033,6.650,15.20,-12.14,
19205,61.752156,29.001288,5.210,-94.03,4.90,
19206,61.752643,-10.000110,6.880,-127.56,-141.56,
19222,61.794678,74.000517,6.490,26.52,-65.22,
19226,61.815587,-9.757804,6.770,-10.72,-9.42,
19233,61.838719,-64.223110,6.370,185.91,336.76,
19242,61.855174,-42.916810,6.590,1.20,13.65,
19243,61.857160,74.636654,6.800,26.24,-46.51,
19249,61.871978,-6.007431,6.910,-1.47,21.71,
19256,61.905966,-37.061950,6.710,3.40,-0.67,
19261,61.924609,15.162843,6.020,127.06,-22.75,
19272,61.964143,62.330108,6.950,0.13,-2.25,
19284,61.997548,17.339921,5.890,7.66,-10.06,
19298,62.054600,43.191184,6.570,9.20,-18.93,
19302,62.064424,37.727972,6.070,-100.33,-197.03,
19331,62.140912,-45.864857,6.580,70.36,23.86,
19335,62.152062,38.040228,5.520,163.93,-203.52,
19343,62.165305,47.712594,3.960,20.19,-33.26,
19348,62.175404,10.099443,6.790,-20.03,-36.13,
19356,62.197158,50.200483,6.950,-14.99,-7.00,
19361,62.215499,23.871165,6.970,52.10,-11.03,
19363,62.222900,23.098646,6.870,17.33,-25.93,
19370,62.236754,41.504015,6.980,-11.44,-0.18,
19376,62.256503,13.398298,5.940,14.76,-7.30,
19388,62.291252,19.609294,5.510,107.44,-31.64,
19398,62.324318,-16.385877,5.450,-1.08,0.99,
19400,62.342339,54.829088,6.250,71.89,-93.20,
19402,62.343445,73.570318,6.760,-47.75,38.35,
19411,62.363366,6.725188,6.740,26.97,-56.72,
19412,62.364900,59.908076,6.290,-4.17,-2.05,
19428,62.411713,31.651956,6.880,65.63,70.56,
19434,62.429320,3.322845,6.490,-50.92,-60.89,
19440,62.454730,-3.573528,6.840,8.49,8.20,
19453,62.495618,-25.041918,6.950,53.68,19.64,
19454,62.500933,86.626352,5.840,142.70,-87.62,
19461,62.511607,80.698674,5.100,-11.57,3.00,
19483,62.593833,-6.923823,5.440,3.44,-11.99,
19504,62.676201,18.423329,6.610,123.92,-31.41,
19509,62.691189,-35.273724,6.430,-20.06,-26.02,
19511,62.698902,-8.819821,5.700,48.06,2.84,
19513,62.707837,26.481039,5.390,-30.81,-36.10,
19515,62.710138,-41.993741,4.930,199.09,69.10,
19525,62.745925,33.586814,5.750,-1.52,-8.91,
19529,62.764145,16.646979,6.970,3.30,2.49,
19550,62.805168,41.747558,6.980,37.19,-71.36,
19554,62.834149,5.523035,5.710,146.86,5.00,
19569,62.881853,-0.422497,6.590,3.87,-1.77,
19571,62.900731,-20.356278,5.800,45.73,49.83,
19587,62.966388,-6.837779,4.040,11.92,81.28,
19590,62.983751,-8.837502,6.450,61.57,6.96,
19601,63.001082,-17.274600,6.410,21.02,-54.17,
19611,63.038670,0.735556,6.620,-10.23,15.28,
19619,63.056666,79.030005,6.920,40.81,4.80,
19626,63.084821,-4.410284,6.700,-15.44,5.75,
19641,63.130519,17.277507,6.090,49.14,-19.59,
19642,63.131606,-44.368249,6.700,34.09,4.77,
19666,63.200180,-23.821169,6.610,-7.19,-2.73,
19672,63.213530,22.413484,6.140,-3.69,-10.57,
19673,63.216147,68.501133,6.330,-33.32,8.91,
19677,63.234290,-6.388040,6.760,16.49,-116.56,
19679,63.243531,32.532771,6.690,-5.92,-17.19,
19690,63.263801,-23.128279,6.780,-34.83,-25.10,
19704,63.312292,-70.420585,6.990,46.28,56.49,
19718,63.380192,8.890355,6.520,3.00,-27.38,
19719,63.387942,7.716034,5.290,-3.99,4.45,
19720,63.393978,10.212519,6.240,26.34,-25.19,
19721,63.398804,-40.357839,6.360,10.69,30.91,
19725,63.408941,-1.149726,6.450,4.63,-4.66,
19727,63.421215,49.093941,6.920,15.12,-7.28,
19730,63.436697,72.126230,6.050,8.51,-34.13,
19736,63.457625,12.753741,6.250,11.60,-16.60,
19740,63.484962,9.263898,4.840,-9.42,-30.60,
19741,63.488553,-37.030366,6.990,0.37,-13.38,
19743,63.495015,-32.042031,6.980,-8.97,-15.03,
19746,63.498875,37.967136,6.470,-49.28,4.58,
19747,63.500339,-42.293873,3.850,41.89,-203.65,
19758,63.539787,-46.132214,6.770,160.08,-91.94,
19767,63.575371,12.348245,6.740,341.22,-59.45,
19769,63.582638,-38.260156,6.920,32.48,50.63,
19777,63.598721,-10.255889,4.870,-7.61,-162.11,
19780,63.605963,-62.473979,3.330,41.64,49.72,
19785,63.610100,23.696454,6.770,-1.75,-12.96,
19799,63.650992,10.011439,5.220,-6.57,-13.44,
19805,63.702288,-62.192049,5.450,-2.96,97.94,
19810,63.716973,37.542680,6.310,-8.90,-4.28,
19811,63.722126,40.483724,4.670,9.72,-21.58,
19812,63.724407,48.409373,4.120,5.04,-17.35,
19820,63.751264,-16.180655,6.940,-21.32,-31.63,
19823,63.757493,57.460363,6.060,-3.09,-0.49,
19836,63.796142,-37.196901,6.760,-20.53,2.59,
19849,63.823492,-7.644558,4.430,-2239.33,-3419.86,
19855,63.857696,6.199925,6.940,-101.62,-112.85,
19856,63.861476,-16.445178,6.870,-5.63,1.85,
19859,63.870270,6.187121,6.320,-109.37,-108.35,
19860,63.883522,8.892410,4.270,20.39,-21.75,
19877,63.942560,15.400749,6.310,114.38,-22.07,
19878,63.942884,-23.237805,6.730,37.46,31.23,
19881,63.965379,-22.151333,6.930,-13.07,-34.75,
19890,63.995641,-84.181348,6.990,78.46,48.82,
19893,64.006214,-51.487096,4.260,100.57,184.23,
19917,64.087178,-60.948543,6.340,43.73,25.01,
19921,64.121181,-59.301748,4.440,-47.99,-167.81,
19949,64.179604,53.611803,5.200,-16.99,-1.68,
19960,64.202932,16.214446,6.570,-23.64,-25.09,
19968,64.223117,61.850041,5.690,6.07,-21.36,
19983,64.283634,57.860477,5.720,24.16,-50.06,
19985,64.297573,5.024607,6.910,-11.34,-16.48,
19986,64.301286,50.865824,6.590,1.46,-3.77,
19990,64.315359,20.578740,4.930,-40.88,-61.45,
19996,64.330129,-6.472160,5.950,-15.13,-7.31,
20004,64.337899,57.178286,6.710,-19.42,-13.41,
20020,64.417772,-63.255492,5.880,5.48,35.53,
20025,64.429109,13.836486,6.900,65.11,43.63,
20037,64.461423,67.088702,6.890,16.16,-37.57,
20039,64.466026,80.535761,6.390,-11.62,9.28,
20042,64.473411,-33.798331,3.550,62.31,-6.75,
20049,64.496569,-80.214181,5.670,28.26,61.02,
20063,64.533719,42.141246,6.220,23.04,-35.77,
20069,64.559261,-14.638784,6.860,-5.48,-3.70,
20070,64.560731,50.295639,4.600,46.59,-56.43,
20075,64.566975,-20.715306,6.000,4.85,19.17,
20087,64.596424,21.579379,5.640,96.42,-33.92,
20089,64.602672,9.487201,6.540,-2.22,-16.17,
20106,64.656080,-22.969828,6.090,51.96,43.85,
20109,64.666587,-52.860275,6.080,45.84,73.10,
20138,64.762041,-33.904628,6.360,-2.11,4.53,
20144,64.776489,-79.520977,6.960,-11.56,15.30,
20155,64.804612,42.381332,6.980,-20.17,-56.69,
20156,64.804926,50.048838,5.460,62.89,-58.65,
20161,64.819355,-44.267830,5.330,63.14,-36.63,
20171,64.858662,21.142411,5.500,29.49,-42.73,
20179,64.879105,-8.119563,6.950,-5.01,-2.33,
20186,64.902862,21.773592,5.340,29.77,-41.39,
20188,64.905945,10.121536,6.310,-16.92,-40.90,
20194,64.926665,-25.024823,6.860,13.09,-0.95,
20205,64.948058,15.627700,3.650,115.29,-23.86,
20212,64.973405,-12.399140,6.720,19.73,5.15,
20215,64.978269,16.522677,6.850,121.27,-36.65,
20219,64.990145,14.035250,5.580,115.42,-19.91,
20225,65.011407,78.079607,6.950,7.84,-8.13,
20229,65.037767,-16.437244,6.800,21.03,-11.82,
20231,65.041451,31.953207,6.160,-1.12,-13.23,
20234,65.047968,50.920951,5.550,0.57,-7.56,
20241,65.060072,41.808153,5.950,16.12,-34.45,
20243,65.063704,-2.628542,6.890,24.35,-2.53,
20250,65.088478,27.350941,4.970,-29.04,-76.97,
20252,65.102734,34.566742,4.930,-24.95,-7.00,
20255,65.104316,18.742725,6.110,119.59,-48.17,
20257,65.120469,-1.316320,6.780,-14.87,-27.27,
20261,65.151020,15.095504,5.260,108.79,-20.67,
20263,65.160783,-6.245859,6.150,92.46,-55.70,
20264,65.162488,-20.639599,5.380,26.13,-9.40,
20266,65.168187,65.140453,5.260,-28.52,-4.70,
20268,65.171889,6.130907,5.760,-13.06,-44.79,
20269,65.172214,-16.830004,6.970,24.37,11.41,
20271,65.178466,-7.592491,5.850,4.47,-1.10,
20281,65.204343,9.224789,6.520,58.54,11.78,
20284,65.219406,13.864471,6.150,105.29,-17.97,
20297,65.241798,-81.580227,5.780,9.07,126.08,
20330,65.331615,76.106150,6.740,11.12,-18.75,
20341,65.362709,-0.097867,5.860,-19.81,-124.66,
20347,65.380380,-25.728457,6.080,37.06,-50.38,
20349,65.381598,21.039965,6.790,105.20,-36.00,
20350,65.384168,18.417659,6.800,111.05,-31.69,
20354,65.388119,46.498963,4.800,21.41,-34.97,
20357,65.394717,14.409836,6.600,105.19,-19.11,
20360,65.406296,-6.284138,6.450,5.14,-13.89,
20372,65.440293,-37.781740,6.530,-8.07,-42.14,
20373,65.442907,2.390448,6.920,19.58,-141.73,
20376,65.448263,60.735902,5.400,56.70,-113.66,
20380,65.465922,56.506300,5.910,-14.56,7.06,
20384,65.471732,-63.386815,5.240,85.20,174.37,
20400,65.514374,14.077251,5.720,114.04,-21.40,
20417,65.594713,20.821418,5.910,-1.99,-1.04,
20430,65.645544,25.629358,5.380,20.37,-17.88,
20440,65.683765,15.056140,6.970,111.98,-19.88,
20446,65.712844,-82.899089,6.770,-13.43,4.65,
20455,65.733447,17.542584,3.770,107.75,-28.84,
20456,65.741282,59.616289,6.180,35.93,-44.13,
20465,65.773587,-24.892119,5.810,19.59,-15.64,
20467,65.782325,-35.544840,6.380,-1.62,10.27,
20472,65.820135,11.378007,6.640,25.85,-35.07,
20484,65.854160,16.777327,5.640,105.09,-27.62,
20493,65.884820,20.982130,6.000,15.93,-35.07,
20498,65.899163,42.427992,6.250,21.03,-34.14,
20507,65.920335,-3.745332,5.170,-47.92,-56.73,
20522,65.965990,9.460984,5.100,-21.02,-6.65,
20529,65.982586,-66.737266,6.980,28.73,61.18,
20533,65.998996,24.301023,6.340,4.54,-12.94,
20535,66.009022,-34.016986,3.970,73.77,57.57,
20542,66.023724,17.444212,4.800,109.99,-33.47,
20552,66.051331,-57.071157,6.280,-104.32,-73.73,
20556,66.058142,51.937117,6.840,-15.94,-9.37,
20558,66.060304,12.158041,6.420,15.83,-22.23,
20567,66.092551,17.079019,6.960,99.08,-27.93,
20579,66.121420,34.130841,5.730,20.50,-34.17,
20586,66.136625,50.845331,6.870,3.90,-64.48,
20591,66.155934,33.959888,5.770,54.69,-83.07,
20613,66.235219,-34.757195,6.550,-3.79,-116.25,
20614,66.237749,19.042092,5.970,110.73,-32.50,
20619,66.272334,-61.238246,5.940,-18.82,21.69,
20630,66.329572,-44.161057,6.380,27.33,65.64,
20635,66.342078,22.293981,4.210,105.49,-44.14,
20641,66.353936,22.200112,5.270,112.45,-47.06,
20648,66.372156,17.927989,4.300,108.26,-32.47,
20650,66.373556,-53.111885,6.910,42.00,28.13,
20661,66.405223,15.941080,6.440,104.62,-28.83,
20667,66.415022,-1.410870,6.760,-10.64,-18.54,
20675,66.426291,-9.926626,6.660,3.22,-3.03,
20698,66.505563,4.373490,6.370,22.87,-16.01,
20704,66.526073,31.439207,5.290,76.70,-121.54,
20711,66.576645,22.813694,4.280,108.66,-45.83,
20713,66.586132,15.618346,4.480,114.66,-33.30,
20715,66.587920,8.590282,6.060,3.43,-5.46,
20727,66.627069,-32.816322,6.810,35.57,9.80,
20732,66.651570,14.713858,4.690,-7.57,-31.15,
20735,66.657054,-40.529426,6.700,0.51,19.70,
20756,66.712985,17.028760,6.860,27.27,-52.56,
20761,66.721507,-18.656188,7.000,92.70,15.31,
20765,66.737226,-24.081288,6.110,-6.88,-14.09,
20771,66.752731,2.079560,6.230,73.76,-61.95,
20772,66.753601,57.585330,6.280,7.47,-16.75,
20776,66.762061,80.824210,5.420,12.94,-20.90,
20780,66.770243,18.207580,6.940,2.83,-17.77,
20781,66.774654,-46.946836,6.100,66.47,-275.40,
20784,66.776894,-62.799656,6.870,-6.50,13.73,
20789,66.822699,22.996369,5.530,-0.35,-13.25,
20791,66.826166,36.520354,6.760,5.43,-28.10,
20800,66.852646,46.853889,6.720,82.48,-302.13,
20804,66.869875,11.212332,5.870,-2.51,-13.20,
20825,66.941846,-62.521214,5.740,-11.73,3.50,
20829,66.947922,-11.124353,6.970,-7.00,10.13,
20836,66.980741,-21.503945,6.750,-19.31,-48.75,
20842,67.003007,21.620006,5.720,98.82,-40.59,
20848,67.015088,1.858582,6.140,28.61,9.55,
20852,67.022231,8.154821,7.000,-1.31,-7.57,
20854,67.029911,-15.180411,6.690,-9.18,33.13,
20856,67.039480,-41.959839,6.410,-14.68,2.56,
20860,67.055398,83.807763,5.510,-4.23,11.25,
20873,67.097236,14.741026,5.900,109.72,-21.27,
20877,67.109855,16.359629,4.960,8.12,17.79,
20884,67.133789,1.380874,5.530,17.66,-21.97,
20885,67.143468,15.962217,3.840,104.76,-15.01,
20889,67.153889,19.180521,3.530,107.23,-36.77,
20892,67.162560,-19.458598,5.950,37.76,-113.46,
20894,67.165312,15.870947,3.400,108.66,-26.39,
20901,67.208754,13.047639,5.020,105.17,-15.08,
20904,67.216569,30.361541,6.380,23.05,-20.33,
20916,67.248822,16.159154,6.590,90.28,-25.47,
20922,67.278855,-13.048367,5.610,0.30,-0.95,
20933,67.332611,27.404294,6.530,11.09,-29.04,
20934,67.333510,-46.515359,6.130,51.93,36.72,
20948,67.376191,17.863243,6.900,105.72,-32.56,
20953,67.385885,-26.275934,6.780,33.49,29.08,
20958,67.412210,5.164308,6.930,17.36,-16.62,
20963,67.428566,10.521855,6.770,0.04,2.06,
20974,67.466316,69.378398,6.630,13.33,-35.12,
20982,67.502495,83.340131,5.470,-46.72,101.95,
20985,67.509603,10.262405,6.470,-25.03,-78.44,
20995,67.535554,15.637899,5.580,107.59,-23.92,
20997,67.541637,-13.592374,6.220,17.90,0.60,
21010,67.583185,28.131772,6.510,139.28,47.91,
21029,67.639871,16.194076,4.780,104.98,-25.14,
21032,67.640632,-23.024384,6.830,-0.82,-1.60,
21036,67.655411,13.724450,5.400,108.06,-19.71,
21038,67.660010,32.457815,6.180,7.97,-19.24,
21039,67.661778,15.691938,5.470,104.17,-24.29,
21042,67.668039,-35.653580,5.950,1.51,31.23,
21053,67.694736,16.148751,6.500,98.20,-22.75,
21060,67.708740,-44.953744,5.070,2.44,-2.48,
21062,67.720359,44.603056,6.990,-9.72,-46.72,
21078,67.767159,6.791549,6.780,-67.19,-90.66,
21082,67.779854,15.105165,6.280,42.72,-52.75,
21108,67.850409,40.010215,6.250,0.83,-9.09,
21110,67.857756,-13.644120,6.250,-17.46,-42.03,
21135,67.960164,5.764496,6.680,16.54,-20.40,
21137,67.965388,15.851639,6.010,107.59,-32.38,
21139,67.969456,-0.043991,4.910,-3.76,-8.17,
21144,67.987264,36.742853,6.350,4.23,-67.69,
21147,67.999207,-20.699401,6.760,12.65,-29.79,
21148,68.007679,53.910845,5.780,-3.19,-5.99,
21152,68.019759,5.410020,6.370,114.15,6.17,
21167,68.071794,37.043265,6.800,28.76,-9.18,
21192,68.156428,-3.209500,5.760,17.97,-16.69,
21218,68.276412,-12.543301,6.670,-28.90,-35.92,
21219,68.279623,67.631493,6.940,9.93,-25.08,
21236,68.329288,64.169723,6.860,4.97,27.51,
21238,68.339955,43.032067,6.800,24.38,-59.97,
21239,68.342027,-10.785407,6.060,-0.82,30.04,
21242,68.353746,43.063880,6.090,5.65,5.34,
21247,68.377590,72.528826,5.940,29.36,-90.83,
21248,68.377623,-29.765832,4.490,-114.35,-271.56,
21249,68.381837,-6.988141,6.600,-8.65,23.49,
21251,68.387673,18.016763,6.240,12.44,-16.74,
21253,68.392082,-62.823631,5.790,-117.21,-19.34,
21257,68.408661,16.323380,6.580,14.41,-16.56,
21258,68.410377,-8.255651,6.630,-8.82,-5.02,
21264,68.435036,-5.309513,6.660,-2.85,-63.77,
21267,68.444085,13.251927,6.620,101.77,-17.93,
21269,68.450745,9.413623,6.010,-6.14,-22.96,
21273,68.461897,14.844487,4.650,103.69,-25.94,
21278,68.478041,-6.738896,5.710,-2.65,-4.76,
21281,68.498827,-55.045006,3.300,58.06,12.73,
21287,68.511051,-28.449554,6.850,-17.96,-38.09,
21295,68.534484,5.568635,5.670,-15.58,-7.77,
21296,68.548507,-8.231359,5.200,-22.42,2.88,
21297,68.549132,-8.969985,5.240,-36.27,-112.18,
21298,68.559196,-6.837717,6.090,-23.27,-37.78,
21300,68.564327,-73.208917,6.800,-0.57,57.30,
21315,68.645489,-72.733832,7.000,29.59,50.89,
21323,68.658300,28.961204,5.880,-0.64,-21.87,
21324,68.658885,-24.040544,6.370,14.91,18.05,
21341,68.689231,22.692382,6.780,40.31,-28.79,
21363,68.752697,-19.921521,6.120,103.00,56.28,
21365,68.759885,17.201235,6.730,-5.66,-1.29,
21369,68.772231,57.420631,6.650,53.03,-102.61,
21377,68.808742,-9.736334,6.740,33.78,-16.11,
21381,68.823757,-24.532963,6.690,88.48,0.18,
21386,68.850379,85.527007,6.550,13.52,9.02,
21393,68.887799,-30.562310,3.810,-48.92,-12.75,
21402,68.913473,10.160917,4.250,44.89,-52.42,
21408,68.927390,19.881831,6.330,-21.88,-16.50,
21410,68.931396,59.400846,6.780,1.41,-11.25,
21421,68.980002,16.509762,0.870,62.78,-189.36,Aldebaran
21426,69.002268,55.512219,6.910,3.29,-55.20,
21428,69.006967,-3.611622,6.340,1.10,-7.86,
21444,69.079752,-3.352448,3.930,1.73,-4.54,
21446,69.081720,11.412519,6.740,2.95,-7.52,
21447,69.086319,61.362342,6.910,7.60,-1.28,
21452,69.100969,64.261620,5.910,-26.03,-7.37,
21459,69.121115,23.340986,6.010,109.97,-53.86,
21468,69.158048,36.952930,6.620,3.88,-57.42,
21474,69.169437,15.869385,6.640,93.78,-23.02,
21476,69.172640,41.264855,4.250,-5.42,-19.19,
21479,69.190324,-62.076981,5.590,-68.46,-71.22,
21486,69.212251,-30.716795,6.280,-13.58,6.65,
21502,69.273489,-30.429313,6.900,-1.43,25.53,
21515,69.306984,0.998327,5.320,-4.91,-5.34,
21517,69.311585,18.543048,6.490,-3.76,-6.77,
21525,69.330201,-41.873064,6.400,24.76,49.44,
21547,69.400444,-2.473392,5.220,43.32,-64.23,
21575,69.476395,7.317633,7.000,2.83,-3.05,
21583,69.524400,46.233706,6.980,25.69,-21.57,
21585,69.531631,-58.203877,6.610,-25.90,27.23,
21588,69.539068,16.033389,5.780,113.05,-40.40,
21589,69.539174,12.510874,4.270,101.73,-14.90,
21594,69.545296,-14.303587,3.860,-77.86,-178.06,
21601,69.562686,60.884252,6.640,4.31,-21.74,
21604,69.565994,20.684742,5.850,-13.89,-8.23,
21611,69.590602,-77.655978,6.050,-7.03,-10.49,
21619,69.622864,26.939424,6.560,42.99,-66.05,
21634,69.705334,-62.378609,6.780,-2.44,30.67,
21642,69.722208,42.240040,6.890,-2.27,-30.18,
21644,69.723307,-12.123078,4.990,-65.10,-17.68,
21666,69.767870,-51.672796,6.450,13.58,18.12,
21670,69.775429,7.870988,5.380,91.87,-4.56,
21673,69.788322,15.800034,5.080,32.40,-77.67,
21683,69.818549,15.918024,4.670,82.40,-19.53,
21685,69.831825,-14.358887,5.460,121.08,-125.41,
21689,69.846406,25.218303,6.210,16.82,-11.73,
21718,69.946703,-1.052438,6.110,22.83,-8.78,
21727,69.977863,53.079574,5.070,-7.38,-15.95,
21730,69.991807,53.473236,5.360,35.88,-88.79,
21735,70.014243,12.197641,5.450,-1.29,-12.98,
21743,70.028526,-24.482411,5.560,-69.92,17.70,
21749,70.046095,40.789064,6.580,-66.81,-22.13,
21756,70.073837,-58.944334,6.530,30.97,174.81,
21760,70.094372,29.972320,6.800,50.42,-38.69,
21763,70.110391,-19.671257,4.320,28.21,-97.09,
21770,70.140930,-41.863570,4.440,-141.18,-74.95,
21771,70.142573,-48.538299,6.900,5.81,25.01,
21819,70.332232,28.615067,5.730,37.35,-30.04,
21823,70.350372,48.300989,5.660,44.67,-44.20,
21837,70.425146,-12.475822,6.640,-6.94,14.96,
21843,70.442272,-47.260024,6.770,55.01,98.10,
21847,70.458654,38.280420,5.970,241.54,-97.88,
21861,70.514360,-37.144766,5.040,46.90,193.14,
21869,70.533968,-37.613495,6.930,-14.04,10.25,
21881,70.561265,22.956975,4.270,-2.84,-20.33,
21882,70.562467,9.633979,6.760,36.17,-65.16,
21893,70.592563,-23.177943,6.800,-12.02,-10.66,
21894,70.594095,-0.929855,6.730,-18.75,-18.71,
21914,70.693569,-50.481418,5.300,-35.90,34.63,
21915,70.698468,38.426645,6.660,-36.51,-7.34,
21928,70.726245,43.365265,5.300,34.70,-52.07,
21942,70.747172,14.814544,6.690,-24.30,11.59,
21949,70.766445,-70.931112,5.530,9.30,34.77,
21958,70.788808,-30.765395,5.660,-30.32,-66.45,
21961,70.807281,24.088964,6.180,15.62,-18.30,
21966,70.824008,59.521235,6.510,6.94,-41.20,
21972,70.839994,49.973826,5.860,-5.18,-15.33,
21986,70.894699,-8.794246,5.980,28.84,-29.27,
21998,70.934432,-41.064813,6.240,11.21,10.47,
21999,70.934792,-52.263412,6.620,53.33,49.12,
22003,70.951137,32.865567,6.490,-45.70,-44.52,
22006,70.956585,-48.327642,6.900,4.48,276.59,
22013,70.975006,22.944450,6.910,-1.12,-16.27,
22024,71.022158,-8.503574,5.780,4.44,1.51,
22028,71.033124,-18.666543,5.530,52.09,-17.64,
22034,71.054214,40.786511,6.090,11.13,-23.13,
22036,71.063677,-27.577822,6.760,16.61,-23.69,
22040,71.087997,-59.732841,5.280,29.32,44.19,
22041,71.089190,48.175934,6.780,30.70,-73.33,
22044,71.107373,11.146169,5.390,98.87,-13.47,
22055,71.147220,38.254978,6.740,131.60,6.39,
22075,71.229474,52.339684,6.880,-12.38,-3.36,
22081,71.241306,-63.229708,6.460,-9.57,-3.01,
22086,71.267294,-21.283341,5.720,16.86,-17.14,
22093,71.310687,79.656897,6.670,-7.17,11.47,
22109,71.375588,-3.254625,4.010,17.27,-13.51,
22128,71.426923,23.628036,6.340,9.41,-16.78,
22136,71.456821,-34.005045,6.850,42.34,17.11,
22144,71.481229,-39.356573,6.040,-58.13,-18.99,
22152,71.501609,76.611373,6.460,74.96,-136.15,
22157,71.507087,11.705608,5.350,67.48,-7.09,
22176,71.569933,18.734862,5.990,73.03,-69.79,
22189,71.600632,-2.954398,6.330,20.19,-55.09,
22190,71.602088,64.810426,6.850,33.65,-53.17,
22192,71.607302,-28.087488,6.180,-4.04,18.19,
22196,71.612184,42.348389,6.530,-4.78,70.78,
22220,71.685299,40.312680,5.990,8.99,-37.10,
22240,71.778531,-59.137119,6.800,14.20,13.70,
22245,71.824645,5.788264,6.770,14.49,-17.34,
22263,71.900884,-16.934867,5.490,130.41,169.20,
22279,71.956339,53.301277,6.770,15.86,-77.88,
22280,71.956491,-30.020597,6.350,28.97,92.79,
22287,72.000903,56.757539,5.290,53.02,-146.40,
22300,72.028930,55.602846,6.320,79.29,-96.37,
22309,72.079377,29.235880,6.890,38.66,-61.62,
22312,72.081016,67.763498,7.000,57.02,-81.64,
22319,72.115216,2.715138,6.510,4.94,80.79,
22325,72.135536,-16.329581,5.760,7.09,39.68,
22329,72.140738,-43.980040,6.720,11.44,24.81,
22336,72.150843,-5.673439,5.770,312.68,-249.28,
22349,72.175092,18.710366,6.950,190.15,-384.90,
22354,72.185940,3.588564,6.040,-1.25,-15.39,
22358,72.195943,-60.258937,6.960,0.73,-0.74,
22361,72.209430,75.941544,5.960,37.56,-133.28,
22381,72.269852,-56.666632,6.590,-11.48,21.92,
22391,72.298970,-34.311770,6.810,11.15,-26.20,
22393,72.303479,31.437625,5.570,16.81,-102.84,
22407,72.329414,32.588268,5.840,25.80,-31.74,
22439,72.426319,-13.769250,6.270,-119.98,-172.43,
22441,72.433665,15.904238,6.090,3.90,-6.92,
22449,72.458909,6.961247,3.190,463.44,11.62,
22453,72.477777,37.488181,4.890,-38.40,38.48,
22461,72.515066,8.407855,6.850,-3.23,-4.13,
22467,72.528329,-15.804259,6.720,3.94,-28.59,
22476,72.541759,63.625533,6.880,16.70,-49.17,
22479,72.548288,-16.217283,5.030,44.95,51.26,
22488,72.567430,-41.321010,6.060,-3.02,66.56,
22508,72.651607,70.941577,6.360,1.71,-20.20,
22509,72.653009,8.900253,4.350,-0.87,-31.57,
22520,72.689108,1.147817,6.660,3.12,-21.80,
22531,72.730776,-53.461721,5.580,-79.08,87.79,
22534,72.735746,-53.459904,6.420,-87.35,84.89,
22545,72.789016,48.740758,5.640,-43.00,-30.30,
22549,72.801525,5.605101,3.680,-3.62,1.03,
22550,72.802006,11.068047,6.790,87.60,-8.72,
22552,72.805640,68.168796,6.540,-4.37,-5.20,
22563,72.836939,-68.069799,6.810,-60.06,60.18,
22565,72.843389,18.839941,5.080,79.66,-32.76,
22570,72.862621,-51.725588,6.550,-3.34,11.37,
22573,72.867495,-34.906232,5.820,24.68,-22.43,
22576,72.872617,35.815426,6.780,20.67,-117.91,
22596,72.930176,45.835530,6.940,376.09,-564.90,
22597,72.930759,9.975096,6.110,2.38,-7.30,
22607,72.958017,13.655194,6.300,106.84,-16.00,
22611,72.975783,-34.238681,6.680,75.89,9.10,
22616,72.988211,9.872774,6.820,20.57,-29.64,
22626,73.021539,63.505650,5.470,38.15,-94.28,
22633,73.044010,31.164425,6.710,-19.86,-105.19,
22647,73.084736,36.642065,6.800,38.12,-34.49,
22650,73.089458,45.940043,6.690,51.00,-54.30,
22667,73.133182,14.250778,4.710,-2.62,-56.13,
22678,73.158330,36.703196,4.790,-25.97,-3.89,
22697,73.196198,27.897572,5.970,44.73,-35.83,
22699,73.199023,42.586626,5.680,-11.07,0.11,
22701,73.223668,-5.452756,4.360,-18.01,25.03,
22717,73.273892,-72.408338,6.280,-46.17,270.71,
22720,73.290813,52.841185,6.400,-14.03,-12.40,
22724,73.320403,-38.144280,6.950,28.35,14.54,
22730,73.344814,2.508265,5.330,29.67,-16.40,
22737,73.377040,-66.675439,6.430,4.54,10.35,
22743,73.392086,23.315655,6.550,2.17,3.57,
22744,73.394839,36.805880,6.690,1.10,-26.37,
22754,73.415460,61.481828,6.640,23.83,-44.58,
22774,73.482512,1.569389,6.610,5.73,-8.13,
22783,73.512544,66.342660,4.260,0.49,7.31,
22786,73.517134,-38.162886,6.750,-10.83,7.87,
22797,73.562899,2.440671,3.710,1.43,0.23,
22812,73.616499,-3.225913,6.520,26.46,-1.77,
22833,73.695444,11.425973,5.180,-16.31,13.63,
22834,73.699141,7.779163,5.330,-21.74,-27.14,
22840,73.711285,0.467178,5.980,-0.49,-4.89,
22842,73.713436,44.060998,6.060,21.34,-56.40,
22844,73.720516,-58.547818,6.110,100.99,68.25,
22845,73.723767,10.151145,4.640,40.08,-128.37,
22847,73.728409,-39.628661,6.110,-6.24,22.28,
22848,73.734937,8.600002,6.860,-15.02,-2.00,
22850,73.743011,19.485457,6.360,63.32,-28.41,
22854,73.763091,55.259130,5.520,-16.14,-8.60,
22860,73.778420,-16.740648,5.710,4.88,-8.94,
22871,73.796415,-74.937002,5.470,27.60,61.88,
22881,73.827675,-16.417855,5.710,11.79,36.48,
22897,73.875715,-25.727812,6.710,14.60,22.12,
22913,73.958984,15.040306,5.790,-4.54,-11.54,
22923,73.993175,5.399058,6.500,-18.89,-13.98,
22926,74.004275,1.625084,6.880,6.24,43.63,
22936,74.029487,52.869717,5.750,-2.59,18.06,
22938,74.037602,7.904800,6.420,-92.81,-42.94,
22949,74.064966,24.592253,6.330,-22.30,-14.19,
22955,74.083695,36.168546,6.100,0.12,-3.86,
22957,74.093004,13.514578,4.060,-77.77,-45.97,
22958,74.100789,-5.171351,5.500,-5.67,-2.32,
22994,74.206194,55.824174,6.650,-9.07,-24.33,
23011,74.244705,-8.458888,6.890,18.53,2.45,
23015,74.248401,33.166135,2.690,3.63,-18.54,
23020,74.260245,49.922361,6.950,54.72,-118.24,
23029,74.281150,-58.069872,6.810,-1.53,96.83,
23033,74.289828,59.120364,6.550,-3.70,-22.16,
23037,74.314240,61.753108,6.760,2.47,3.51,
23041,74.321718,-1.067192,6.250,-36.30,-27.09,
23040,74.321752,53.752083,4.430,-24.17,7.53,
23043,74.343114,17.153707,5.510,-11.16,-12.30,
23047,74.381518,65.278378,6.720,17.92,-35.98,
23060,74.436188,-14.231890,6.150,-0.23,-12.22,
23068,74.452690,23.948585,5.790,2.61,-9.37,
23081,74.508275,-58.208236,6.870,-5.48,-4.33,
23088,74.539068,25.050521,5.790,26.23,-47.62,
23090,74.543478,-16.780202,6.670,8.93,8.11,
23092,74.545436,-2.212769,6.340,12.31,12.71,
23116,74.608976,-3.733004,6.970,78.36,48.37,
23117,74.618556,37.329155,6.740,30.31,-48.71,
23123,74.637095,1.714035,4.470,-1.59,-7.93,
23148,74.712447,-82.470523,5.840,-5.10,4.12,
23161,74.747529,14.543245,6.140,6.17,-2.05,
23166,74.755991,-16.376337,5.650,-121.61,127.52,
23179,74.814064,37.890482,4.930,46.26,-97.81,
23183,74.829964,-32.239259,6.700,28.12,31.29,
23196,74.873503,-49.458099,6.990,21.17,-2.38,
23213,74.928274,41.873160,6.660,-28.31,16.79,
23214,74.934460,15.916805,6.750,87.21,-29.19,
23216,74.943089,53.155478,6.090,-13.21,-11.22,
23221,74.960170,-10.262993,5.390,19.49,-136.75,
23228,74.973913,27.325657,6.950,17.38,-21.93,
23231,74.982138,-12.537204,4.780,40.37,-86.89,
23251,75.055367,-78.300012,6.290,-18.53,1.03,
23261,75.076447,39.394704,5.950,-10.93,-1.21,
23265,75.086321,81.194021,5.090,0.99,27.47,
23268,75.096728,39.654660,6.460,0.77,-2.73,
23286,75.140711,14.383683,6.750,40.45,52.03,
23287,75.141364,3.615815,6.650,10.35,-27.39,
23296,75.165899,-2.066025,6.310,-12.94,-3.10,
23303,75.177599,10.913449,6.800,-0.45,-8.71,
23310,75.196678,4.567725,6.690,84.73,-35.94,
23311,75.202822,-5.750979,6.220,550.74,-1109.30,
23335,75.289236,-74.340871,6.900,12.86,10.48,
23362,75.356491,-20.051881,4.910,36.68,-15.47,
23363,75.356876,-0.696846,6.760,9.49,-25.17,
23364,75.359771,-7.173978,4.800,-0.23,5.16,
23377,75.393859,-39.718126,6.020,-4.39,33.25,
23380,75.400099,61.078432,6.030,16.40,-179.31,
23395,75.434489,26.671062,6.790,-2.32,43.47,
23405,75.448434,-10.933891,6.760,-5.06,13.66,
23408,75.459793,0.722167,5.910,4.84,-22.75,
23416,75.492225,43.823314,3.030,0.18,-2.31,
23419,75.500113,1.608841,6.450,-5.37,9.84,
23422,75.504031,-5.500971,6.640,15.30,-30.43,
23430,75.540692,-26.274843,5.010,85.79,-76.63,
23442,75.582450,74.269269,6.050,11.83,40.76,
23446,75.595038,-31.771540,5.920,-6.44,85.28,
23453,75.619500,41.075890,3.690,8.88,-21.43,
23457,75.631197,7.424072,6.860,-22.90,-16.66,
23467,75.679187,-71.314326,5.300,-3.54,10.68,
23474,75.687269,-22.795088,5.740,61.22,14.58,
23475,75.689042,-4.210126,5.860,42.23,2.02,
23482,75.703022,-49.151473,5.370,-43.96,27.18,
23484,75.709746,66.823789,6.200,67.57,-335.17,
23493,75.758195,-8.663144,6.860,-12.23,-3.31,
23495,75.758666,-42.497868,6.950,6.55,-18.15,
23497,75.773767,21.590062,4.620,68.94,-40.85,
23511,75.827657,41.441653,6.110,-1.11,-2.86,
23522,75.854572,60.442281,4.030,-6.11,-14.78,
23539,75.928472,-2.540008,6.730,34.55,9.85,
23551,75.967182,-14.370238,6.420,1.23,3.12,
23554,75.971897,-24.388057,5.610,25.69,-38.42,
23555,75.974730,-41.745337,6.300,22.82,159.17,
23560,75.985693,-14.556196,6.710,39.57,-0.21,
23582,76.053198,73.763933,6.210,14.17,-18.80,
23583,76.060654,30.494620,6.140,12.06,-13.19,
23585,76.067391,45.779504,6.510,19.06,-63.33,
23586,76.074994,-6.031315,6.930,-3.27,7.12,
23589,76.089915,21.277992,6.200,15.18,-25.17,
23595,76.101299,-35.482871,4.550,126.17,-44.36,
23596,76.108902,-35.705208,6.320,28.46,40.58,
23607,76.142243,15.404181,4.650,18.40,-30.99,
23611,76.153829,32.320437,6.590,-5.40,-68.33,
23614,76.158112,27.696123,6.620,27.23,-40.61,
23617,76.165221,74.066994,6.100,7.03,-15.94,
23621,76.174178,14.859104,6.780,2.92,-30.31,
23643,76.227191,-3.039672,6.040,1.61,-0.98,
23649,76.241469,-49.577830,5.050,68.74,-3.03,
23653,76.252525,-54.407417,6.260,-0.01,6.54,
23668,76.317455,-26.152240,5.710,10.48,-62.10,
23680,76.348810,1.177636,6.100,3.88,-3.81,
23684,76.363713,46.916388,6.600,-4.36,-3.99,
23685,76.365217,-22.370857,3.190,19.27,-72.35,
23693,76.377877,-57.472989,4.710,-31.87,117.42,
23695,76.383778,19.806753,6.480,-10.61,-12.36,
23699,76.407156,23.061069,6.690,-1.12,-7.98,
23712,76.472557,26.429958,6.600,-0.43,-10.23,
23724,76.503875,35.936420,6.490,-17.02,-13.03,
23730,76.525284,68.972619,6.680,-10.38,-18.39,
23734,76.535249,58.972391,5.220,-6.16,-7.67,
23737,76.538584,-73.037824,6.260,17.48,62.26,
23743,76.550581,59.021403,6.080,-1.83,-26.15,
23766,76.623567,61.169941,6.000,41.94,-75.92,
23767,76.628621,41.234641,3.180,30.60,-68.41,
23777,76.653048,-13.122658,6.040,20.17,14.81,
23783,76.669410,51.598143,4.980,-29.31,-173.95,
23794,76.690195,-4.655163,5.120,10.05,0.00,
23799,76.706494,43.174709,6.200,-3.97,-1.64,
23818,76.790747,-19.392524,6.470,-41.74,269.68,
23824,76.826306,-83.860258,6.800,58.04,147.61,
23831,76.853675,-12.491009,5.970,136.07,-107.12,
23833,76.858010,-44.821720,6.910,6.17,12.09,
23834,76.859479,-8.653162,7.000,-9.03,4.48,
23835,76.861150,18.645007,4.910,536.05,18.51,
23840,76.891713,-63.399570,5.190,12.57,-44.74,
23852,76.909652,9.472709,6.150,-5.61,-382.35,
23865,76.942325,55.759193,6.920,27.03,-12.35,
23871,76.951786,20.418455,5.280,-49.12,-31.33,
23874,76.957587,-12.592442,6.330,-21.91,-88.90,
23875,76.962641,-5.086263,2.780,-83.39,-75.44,
23879,76.970305,8.498573,5.330,34.96,-59.49,
23883,76.980978,21.704836,5.840,1.75,-6.24,
23896,77.020841,7.898762,6.660,-30.88,-147.74,
23900,77.027593,24.265188,5.500,1.74,-5.29,
23908,77.055244,-15.095358,6.380,-1.82,1.87,
23910,77.061405,-35.718286,6.510,-0.53,1.33,
23916,77.084116,-8.665274,5.800,3.68,-20.78,
23926,77.124852,-41.214370,6.750,-75.06,283.57,
23933,77.147243,28.273458,6.960,-1.38,-2.25,
23941,77.181945,-4.456246,5.110,55.62,16.03,
23949,77.210120,19.859894,6.510,6.24,-13.86,
23957,77.233988,3.218788,6.510,-6.80,-26.15,
23964,77.268345,49.121893,6.640,-15.45,2.61,
23972,77.286596,-8.754076,4.250,0.00,-2.01,
23983,77.331685,9.829598,5.430,63.54,-7.87,
23995,77.373940,-2.135042,6.590,8.26,9.51,
24002,77.401788,38.685526,6.910,9.74,2.73,
24003,77.402575,69.639556,6.430,60.42,-63.55,
24009,77.417583,62.479831,6.630,-16.20,-50.39,
24010,77.424831,15.597272,4.810,-7.12,-16.14,
24016,77.431885,29.798639,6.670,58.98,-5.42,
24017,77.435541,64.919933,6.370,-16.75,-182.20,
24019,77.437731,28.030608,5.930,55.86,-60.57,
24038,77.510040,-40.559522,6.890,11.52,23.12,
24041,77.513585,-0.565199,6.110,2.14,-50.78,
24046,77.515585,27.556722,6.970,197.69,-88.54,
24059,77.543524,13.548473,6.690,-64.01,-42.50,
24072,77.578355,37.301851,6.020,2.62,1.05,
24100,77.645731,30.797549,6.710,-0.97,-3.69,
24108,77.677720,63.597410,6.740,33.65,-81.55,
24109,77.678629,46.962435,5.670,57.35,-150.22,
24114,77.685804,-25.910527,6.400,-1.45,26.48,
24130,77.741562,-2.253748,6.240,85.61,-150.55,
24162,77.829705,-2.490786,5.890,81.46,1.44,
24169,77.845218,-11.849227,5.600,31.76,56.93,
24172,77.864827,30.805339,6.620,-13.59,-4.16,
24189,77.899344,-37.395305,6.570,-6.86,9.91,
24193,77.909624,29.903636,6.420,7.69,-23.09,
24196,77.922275,0.514570,6.680,6.93,1.69,
24197,77.923173,16.045658,5.180,3.46,6.32,
24203,77.938960,1.037055,5.880,0.95,-11.12,
24205,77.943097,4.403873,7.000,180.83,-137.32,
24239,78.062362,40.101575,6.970,3.11,-5.16,
24244,78.074531,-11.869143,4.450,24.95,-31.22,
24252,78.089818,26.454971,6.780,-74.62,-147.17,
24254,78.093540,73.946744,5.440,4.31,-28.83,
24256,78.107057,-81.541854,6.510,16.25,50.07,
24294,78.200484,-6.057114,5.900,21.87,-31.50,
24305,78.232805,-16.205429,3.290,45.66,-16.13,
24313,78.261791,61.850035,6.170,-12.19,1.82,
24327,78.307854,-12.941288,4.360,-12.22,-1.32,
24331,78.322832,2.861253,4.460,3.05,4.94,
24332,78.323133,37.337637,6.480,-144.76,-135.10,
24340,78.357215,38.484674,4.820,-18.66,-72.41,
24348,78.380381,62.691130,6.490,-37.36,0.83,
24349,78.381472,1.967684,6.080,6.06,-0.05,
24372,78.439279,-67.185350,4.810,18.18,38.96,
24373,78.443018,-35.825300,6.980,15.08,-37.52,
24377,78.446870,0.560466,6.330,9.14,-17.69,
24379,78.455217,37.032756,6.860,1.57,-35.97,
24384,78.472224,-52.030721,6.030,0.20,-13.99,
24394,78.499760,-14.606867,6.220,11.49,-1.83,
24426,78.620158,-35.977031,5.750,11.33,14.20,
24430,78.627214,-26.208535,6.930,56.23,-64.46,
24436,78.634464,-8.201639,0.180,1.87,-0.56,Rigel
24440,78.648096,76.472769,6.360,-8.58,-3.27,
24441,78.653933,-0.562832,6.890,17.74,-4.01,
24445,78.660814,63.126956,6.890,-6.64,-6.89,
24447,78.664351,31.402029,6.630,-14.07,-42.38,
24449,78.672128,-7.071642,6.700,-8.74,-10.10,
24450,78.683551,5.156129,5.500,-7.01,8.74,
24451,78.684473,53.213948,6.160,-1.91,0.31,
24474,78.786508,-36.652895,6.750,1.44,2.43,
24479,78.797413,59.405718,6.150,20.13,-12.80,
24488,78.814077,47.170987,6.910,92.05,-105.73,
24493,78.827178,-1.409061,6.150,-35.52,8.78,
24505,78.851522,-26.943437,5.060,10.88,-29.41,
24504,78.851715,32.687570,5.010,-27.05,12.47,
24507,78.853680,-73.588489,6.490,-22.29,5.85,
24512,78.865250,22.284875,6.260,-9.97,-6.64,
24520,78.911668,-52.182230,6.480,14.56,21.14,
24528,78.932956,-22.894373,6.760,-13.28,5.12,
24532,78.946100,-34.926752,6.660,-17.46,30.14,
24555,79.017247,11.341370,5.520,-8.52,-6.54,
24560,79.043995,-11.352564,6.450,-0.30,4.45,
24575,79.075635,34.312212,5.990,-4.05,43.22,
24577,79.099383,-33.537789,6.950,-13.39,-14.29,
24607,79.171027,1.947344,6.420,-10.86,-6.61,
24608,79.172065,45.999029,0.080,75.52,-427.13,Capella
24618,79.201095,-17.142352,6.550,1.32,5.18,
24642,79.314446,28.905011,6.760,1.84,-3.89,
24649,79.342928,-17.774814,6.760,5.35,2.51,
24658,79.364876,60.182001,6.960,-9.75,-132.99,
24659,79.370931,-34.894390,4.810,93.71,-336.53,
24663,79.379840,20.132071,6.690,-14.34,-94.09,
24665,79.382450,24.009862,6.850,-21.27,-76.28,
24670,79.397917,-15.219573,6.980,1.80,3.10,
24674,79.401662,-6.844386,3.590,-15.31,-9.57,
24679,79.417693,-13.519708,5.480,-7.59,-48.49,
24727,79.543950,33.372004,4.540,29.86,-160.98,
24732,79.555220,73.268136,5.810,-7.94,-26.82,
24738,79.565345,42.792185,5.550,18.11,-30.50,
24740,79.578703,33.767419,6.150,15.09,-29.06,
24766,79.635927,48.923574,6.930,15.42,-29.88,
24771,79.668014,40.465157,6.220,3.48,-13.65,
24786,79.709316,-18.130199,5.960,385.00,61.32,
24793,79.730819,41.095564,6.690,-15.23,-26.56,
24799,79.750080,33.748466,5.380,13.62,-29.63,
24813,79.783660,40.100667,4.690,519.39,-664.79,
24817,79.796790,2.595936,5.340,-18.14,-53.30,
24820,79.811304,20.134660,6.120,-34.12,-26.54,
24822,79.819124,22.096691,4.960,19.62,-81.08,
24825,79.822649,-18.519941,6.370,2.26,8.98,
24827,79.826298,-18.509583,6.530,-0.86,9.78,
24829,79.842141,-50.606520,5.440,23.00,227.39,
24831,79.848696,-27.368864,5.980,-3.46,-8.09,
24832,79.848850,33.985431,6.490,26.56,-4.32,
24836,79.866043,58.117409,6.130,6.26,-18.30,
24840,79.879933,-25.124119,6.940,-6.82,-28.43,
24845,79.893858,-13.176777,4.290,-2.49,-4.74,
24847,79.897012,-1.411896,6.330,2.16,1.64,
24864,79.954255,2.513852,7.000,30.52,-99.17,
24873,79.995962,-12.315605,5.290,-12.12,7.97,
24877,80.002939,32.785693,7.000,17.41,-38.91,
24879,80.003838,33.958063,5.050,0.02,-3.68,
24881,80.009659,44.425430,6.490,0.19,-19.25,
24902,80.061182,41.086339,5.460,-18.10,-52.22,
24906,80.076217,19.578262,6.650,5.98,-12.94,
24909,80.086276,-34.698851,6.340,4.39,-2.29,
24914,80.094227,62.653717,5.640,-3.00,-2.34,
24925,80.110038,-5.367517,6.400,-4.11,-4.72,
24927,80.112132,-21.239739,4.700,10.78,-9.91,
24943,80.153880,-43.534050,6.600,17.05,39.34,
24948,80.159732,71.714718,6.570,-25.23,-15.39,
24951,80.163194,46.963805,6.540,-4.70,-8.95,
24955,80.169547,66.746819,6.390,-7.59,24.29,
24957,80.179499,37.438677,6.790,0.75,-4.72,
24960,80.182265,2.544730,6.430,31.60,20.48,
24967,80.217697,2.928814,6.770,0.06,24.07,
24971,80.221771,9.724567,6.620,-1.23,34.73,
24977,80.235905,19.814369,6.200,-3.80,-9.04,
24984,80.247267,27.957297,6.350,-14.92,-14.55,
25001,80.302868,29.569885,5.660,-1.54,-0.19,
25007,80.320252,-34.345066,6.050,0.57,6.20,
25008,80.322282,54.252482,6.630,-8.05,26.06,
25011,80.330449,4.011978,6.490,-1.62,-12.18,
25017,80.346040,-51.575400,6.670,24.19,31.65,
25028,80.382682,-0.416494,5.680,-0.28,1.18,
25041,80.431507,8.428563,5.780,-2.20,-2.97,
25044,80.440615,-0.382469,4.720,0.45,1.67,
25045,80.442782,-24.772950,5.060,-20.55,-12.99,
25048,80.451688,41.804663,5.220,13.42,-37.38,
25053,80.462463,-13.755702,6.620,0.11,6.73,
25059,80.480442,-17.603647,6.470,6.06,6.33,
25064,80.487820,42.286004,6.980,-5.87,-3.64,
25092,80.577571,-8.666107,6.820,48.18,-5.50,
25098,80.592300,-56.134454,6.100,-5.02,21.84,
25107,80.634728,-73.801466,6.860,-13.98,13.96,
25110,80.640739,79.230757,5.080,-78.60,161.13,
25136,80.690531,2.796330,6.710,3.63,-47.06,
25142,80.708339,3.544448,4.990,-2.00,1.80,
25143,80.709685,41.029253,5.540,-12.49,2.94,
25180,80.799918,-26.705489,6.490,21.51,22.95,
25184,80.802558,47.021644,6.810,14.93,-10.86,
25187,80.827131,-8.415588,5.990,-1.73,-2.91,
25192,80.845258,28.936839,6.450,14.50,-31.92,
25194,80.850019,-39.678436,5.730,26.66,5.04,
25197,80.865944,57.544531,5.240,14.94,-55.97,
25202,80.875649,-13.927350,5.250,1.07,-0.92,
25205,80.879514,5.323046,6.340,-30.42,16.63,
25216,80.907176,16.699352,6.090,-27.50,-21.87,
25221,80.911947,-37.336706,6.800,11.01,6.47,
25223,80.926286,-0.159813,5.690,1.21,-2.09,
25226,80.930414,56.088883,6.850,12.61,6.33,
25238,80.963592,36.398435,6.830,2.96,-10.49,
25240,80.963888,-0.866624,6.130,-5.64,0.95,
25247,80.986818,-7.807956,4.130,-13.91,-44.80,
25278,81.105460,17.383552,5.000,250.40,-7.42,
25280,81.118619,-16.975742,5.640,34.67,-15.86,
25281,81.119238,-2.397138,3.350,-0.54,-3.21,
25282,81.120463,-0.891669,5.070,-5.03,140.19,
25288,81.150420,2.353167,6.330,-0.30,-1.01,
25290,81.160184,31.223933,6.300,-30.23,-8.74,
25291,81.160527,31.143163,5.940,-10.61,-6.20,
25292,81.163092,37.385375,5.020,-0.27,-12.13,
25293,81.168256,-2.497844,6.920,-4.98,-1.29,
25298,81.176364,-52.312975,6.790,-7.70,-27.57,
25301,81.186671,36.199967,6.490,-0.22,-8.97,
25302,81.186777,1.846446,4.890,0.12,-0.60,
25303,81.192883,-52.316178,6.260,-5.18,-27.66,
25317,81.231579,-44.225705,6.090,-2.00,8.59,
25322,81.247637,73.707200,6.480,-8.16,-1.00,
25329,81.257259,-10.328845,5.600,3.16,-17.09,
25336,81.282784,6.349735,1.640,-8.75,-13.28,Bellatrix
25337,81.293233,20.583735,6.750,-0.50,-3.26,
25343,81.303931,34.855155,6.550,-11.21,-49.36,
25353,81.333945,-12.554012,6.550,-0.50,-32.71,
25363,81.374995,34.186361,6.660,-1.16,-2.93,
25365,81.379506,-0.543938,6.550,-1.69,-2.89,
25368,81.402072,-1.491292,6.440,1.46,-0.54,
25378,81.445905,0.520244,6.180,2.33,0.04,
25397,81.499263,-19.695353,5.780,3.43,-19.06,
25399,81.503789,-32.209194,6.860,8.61,4.13,
25401,81.509834,-5.518504,6.240,7.48,1.11,
25410,81.523843,16.700173,6.230,0.35,-5.07,
25416,81.544902,78.414550,6.680,9.62,5.35,
25428,81.572908,28.607873,1.650,23.28,-174.22,Elnath
25429,81.580321,-58.912599,5.140,-8.22,32.22,
25443,81.630077,2.935921,6.520,-1.89,-5.85,
25453,81.661767,6.868737,6.410,9.64,-32.53,
25471,81.703347,34.391828,5.920,-0.22,-7.33,
25473,81.709284,3.095677,4.590,0.34,-1.11,
25475,81.713648,33.262288,6.180,9.85,-12.08,
25476,81.726367,35.457302,6.170,-14.54,-11.99,
25480,81.746513,-2.360646,6.620,1.15,-0.81,
25482,81.749252,-68.622496,6.020,-10.85,-19.76,
25486,81.769804,-11.900844,6.300,17.19,-49.30,
25488,81.772158,-40.943773,5.860,3.27,108.48,
25489,81.776487,-44.862132,6.810,10.57,29.18,
25492,81.784470,30.208614,5.690,0.27,-4.54,
25493,81.784595,3.855549,6.740,0.04,-0.75,
25499,81.792036,17.962268,5.400,7.88,-21.06,
25502,81.807908,15.257655,6.180,-5.49,-10.08,
25504,81.810985,-34.614352,6.940,-25.50,-4.68,
25505,81.814159,2.341205,6.360,5.87,-2.02,
25532,81.902038,-21.375791,6.080,18.41,32.16,
25539,81.908683,21.936982,4.880,1.75,-6.96,
25541,81.912031,34.475986,5.080,-1.44,-38.81,
25542,81.913329,43.367938,6.760,-4.97,-6.49,
25544,81.914697,-60.415769,6.990,-148.89,-92.83,
25553,81.936867,-39.221919,6.860,1.07,-1.74,
25555,81.940024,15.874104,5.520,4.39,-21.26,
25562,81.960632,-32.417588,6.820,-2.72,-26.29,
25569,81.977909,48.226728,6.510,4.56,-35.37,
25580,82.003845,33.764212,6.410,20.14,-209.31,
25582,82.006128,1.298248,6.410,-0.25,1.11,
25583,82.006669,17.239242,5.770,16.53,-46.15,
25589,82.038606,16.439148,6.850,-36.18,-53.96,
25606,82.061360,-20.759232,2.810,-5.03,-85.92,
25608,82.063862,-37.230931,5.560,11.90,67.75,
25616,82.087975,-22.434285,6.780,-136.68,147.17,
25622,82.107307,0.020360,6.660,-3.00,-8.47,
25624,82.109991,34.697481,6.560,8.39,-10.57,
25630,82.124763,74.307519,6.990,12.77,-22.99,
25638,82.144865,13.679016,6.350,10.32,-15.07,
25646,82.177069,-8.376679,6.750,-13.39,2.94,
25647,82.186595,-65.448937,6.880,32.14,150.97,
25648,82.188692,1.643936,6.910,0.47,0.60,
25653,82.199739,78.300589,6.720,17.14,-87.74,
25662,82.214919,12.551353,6.710,81.49,-218.40,
25667,82.237131,-3.307412,6.390,-3.29,-6.96,
25674,82.254497,42.270590,6.580,34.18,-30.43,
25685,82.277885,-30.116748,6.750,-11.59,9.07,
25695,82.318720,25.150306,5.470,11.44,-37.36,
25700,82.322154,-62.314204,6.600,4.07,-21.51,
25702,82.329795,18.365712,6.740,-12.93,-3.69,
25708,82.348757,-3.446371,5.800,-28.01,-9.45,
25712,82.355856,-7.260882,6.690,-0.10,-1.26,
25714,82.356892,77.977546,6.530,12.23,-14.62,
25727,82.406493,-0.021224,6.870,-4.32,-13.77,
25730,82.419312,29.186578,6.200,28.97,-46.89,
25732,82.423305,-0.802417,6.490,48.34,-39.16,
25733,82.427711,35.375028,6.780,0.72,-1.57,
25735,82.431814,35.108790,6.880,7.98,-15.94,
25737,82.433256,-1.092176,4.710,0.19,-26.08,
25746,82.458805,-47.076270,6.640,27.27,-6.78,
25748,82.464587,60.268599,6.860,10.96,-11.17,
25751,82.478221,1.789261,5.770,1.64,-0.34,
25768,82.539424,-47.077334,5.460,20.84,-131.94,
25769,82.542540,63.067232,5.430,-5.92,-4.77,
25776,82.558049,-84.785212,6.180,-6.84,44.27,
25781,82.566109,-63.927830,6.190,4.42,59.28,
25785,82.582972,4.204856,6.210,17.38,-25.34,
25786,82.586471,-7.434812,6.330,0.66,0.18,
25790,82.609056,15.360543,5.930,-13.48,-38.58,
25806,82.680502,22.462305,6.290,42.87,-20.54,
25807,82.686553,-57.160033,6.960,-42.47,-7.87,
25810,82.687778,39.826003,6.380,23.37,-35.63,
25813,82.696033,5.948218,4.200,6.57,-32.45,
25816,82.702707,41.462078,5.990,2.01,-34.37,
25840,82.749355,-10.080319,6.950,160.27,-316.26,
25853,82.781765,-20.863555,5.530,5.07,-43.02,
25856,82.793456,-42.299938,6.700,27.59,58.63,
25859,82.803065,-35.470436,3.860,28.36,-34.11,
25861,82.810549,3.292135,5.460,1.28,-0.89,
25869,82.837051,-6.708382,6.230,1.62,1.13,
25877,82.861356,38.319695,6.880,1.35,-47.12,
25886,82.898857,14.928917,6.690,4.36,-6.13,
25887,82.899952,-45.925405,5.860,18.57,36.13,
25893,82.913271,18.244204,6.770,2.90,-38.61,
25902,82.931967,-3.216464,6.690,0.70,-3.97,
25911,82.949994,85.938715,6.500,17.27,-76.90,
25918,82.969424,-76.341663,5.180,143.20,287.75,
25922,82.981673,-16.675876,6.990,-21.48,-233.18,
25923,82.982751,-7.301526,4.620,-0.54,-4.44,
25930,83.001666,-0.299093,2.250,1.67,0.56,
25945,83.053130,18.594245,4.320,-0.34,-4.51,
25950,83.058936,17.058154,5.500,-4.23,-10.85,
25964,83.085796,49.393482,6.720,3.72,-29.77,
25973,83.140333,57.221617,6.440,112.04,-224.63,
25976,83.158202,0.011962,6.150,18.85,-12.12,
25980,83.172310,-1.591833,5.340,-2.03,0.74,
25981,83.174319,-16.319302,6.680,13.83,45.83,
25984,83.181976,32.192031,4.710,-1.81,-4.00,
25985,83.182558,-17.822292,2.580,3.27,1.54,
25993,83.214070,-38.513346,5.450,50.43,-10.57,
26001,83.248020,-64.227514,5.340,33.10,-1.27,
26008,83.262119,68.013432,6.820,2.63,-190.31,
26019,83.280485,-35.139308,5.750,100.02,-28.13,
26020,83.280606,-1.717361,6.530,1.10,1.23,
26034,83.314704,32.289406,6.620,8.17,-24.31,
26035,83.317497,-34.303994,6.870,5.70,-0.36,
26054,83.364188,32.801319,6.500,-4.42,-57.35,
26057,83.369667,42.108965,6.550,4.86,-3.07,
26062,83.378143,24.628913,6.970,8.15,-41.88,
26063,83.381029,-1.156072,5.360,-0.55,-0.49,
26064,83.381791,18.540231,5.670,0.15,0.01,
26066,83.393620,-57.083235,6.760,20.21,40.95,
26069,83.406318,-62.489856,3.760,1.06,12.56,
26070,83.407174,-3.463156,6.750,-8.37,-6.45,
26071,83.409272,34.725604,6.270,-14.60,-14.11,
26072,83.411818,20.474235,6.190,2.92,-7.47,
26077,83.429568,32.748958,6.540,19.23,-11.88,
26079,83.434572,-54.902315,6.420,65.95,10.37,
26091,83.466610,-29.849235,6.520,-0.43,4.50,
26093,83.476188,14.305592,5.600,-1.96,-5.74,
26098,83.489938,1.407647,6.580,3.37,-0.07,
26104,83.510332,-7.023652,6.450,-12.36,-40.49,
26106,83.516205,-1.035719,6.240,2.94,-2.89,
26108,83.516898,-1.470205,5.920,-13.93,-19.99,
26120,83.562112,-2.881661,6.690,1.82,-2.00,
26122,83.565910,-18.811999,6.720,-4.31,-6.90,
26126,83.569959,3.766934,5.320,-29.35,-15.82,
26128,83.570875,41.123425,6.870,0.71,-3.21,
26137,83.600308,-4.804357,6.800,13.49,7.92,
26140,83.603044,-52.629048,7.000,18.87,32.08,
26149,83.622036,-0.012337,6.250,-4.53,-3.24,
26166,83.680661,5.660866,6.710,-0.96,6.34,
26169,83.686593,-73.741367,5.790,0.06,37.09,
26173,83.700020,-7.200370,6.690,3.55,-7.06,
26174,83.700823,-0.953727,6.980,-11.92,37.21,
26176,83.705158,9.489585,4.390,-1.24,-2.49,
26182,83.724865,-4.110417,6.740,-5.56,-0.32,
26190,83.739340,-61.175983,6.320,-7.48,-26.73,
26197,83.754193,-6.009269,5.670,1.02,-0.27,
26199,83.761172,-6.002029,4.780,0.59,0.68,
26200,83.761457,-58.871193,6.690,-10.45,19.91,
26201,83.764856,24.290799,6.820,6.59,-12.33,
26207,83.784490,9.934163,3.390,-1.03,-1.86,
26213,83.803278,-0.735358,6.970,0.34,1.72,
26212,83.803315,9.613269,6.720,-0.36,-2.52,
26215,83.805162,10.240102,5.600,1.45,-3.76,
26219,83.814395,-33.080009,5.760,28.70,117.16,
26220,83.815929,-5.387315,4.980,-0.92,0.13,
26221,83.818609,-5.389696,5.130,-0.92,0.13,
26224,83.821660,-5.387681,6.710,-0.92,0.13,
26233,83.841106,-4.494175,6.570,2.12,0.94,
26234,83.842984,-4.424324,6.240,-0.48,1.52,
26235,83.845416,-5.416063,4.980,1.68,1.50,
26237,83.846507,-4.838340,4.580,4.29,-7.15,
26241,83.858255,-5.909900,2.750,2.27,-0.62,
26243,83.860716,-15.737952,6.820,-0.91,7.94,
26245,83.861587,-33.269486,6.740,-42.54,105.71,
26248,83.863002,24.039638,5.370,14.98,-20.22,
26257,83.879486,-4.364049,6.560,3.78,1.07,
26258,83.880683,-5.267388,6.750,1.76,1.66,
26263,83.899600,-3.252838,6.400,0.85,-1.00,
26264,83.900544,-78.820883,6.040,12.55,18.18,
26268,83.914521,-4.856086,5.240,-1.44,8.05,
26291,83.981322,27.662423,6.270,-27.05,-31.47,
26300,84.011889,-47.313727,6.100,-8.71,-7.97,
26309,84.042827,-28.708006,6.260,25.52,-3.92,
26311,84.053386,-1.201917,1.690,1.49,-1.06,Alnilam
26314,84.062613,-5.647920,6.560,0.82,-1.02,
26315,84.066446,47.715338,6.100,14.38,-19.63,
26328,84.110044,21.993314,6.880,-44.21,-84.81,
26332,84.125735,25.940101,6.520,0.56,26.61,
26344,84.146770,54.428684,5.740,-7.14,-10.59,
26345,84.148723,-6.064752,5.710,0.00,0.35,
26348,84.151398,-35.061347,6.880,11.13,57.28,
26363,84.218414,40.182385,6.080,-4.33,-4.18,
26366,84.226378,9.291412,4.090,96.84,-304.18,
26368,84.229115,-66.560314,6.280,-6.11,10.81,
26380,84.257202,-73.699082,6.690,138.79,-107.29,
26382,84.265457,17.040409,5.530,42.90,-34.86,
26386,84.268131,11.035044,5.970,52.25,-16.18,
26395,84.286501,-11.775460,6.100,20.52,-22.66,
26394,84.286636,-80.471675,5.650,311.97,1050.19,
26396,84.286826,26.924528,5.830,11.11,-22.68,
26408,84.312784,64.154851,6.150,1.06,-66.45,
26410,84.316879,66.696715,6.260,-19.69,-9.45,
26412,84.318722,-27.871199,6.150,20.78,-67.08,
26414,84.330460,8.951880,6.110,-0.59,-2.28,
26420,84.340709,-38.022893,6.900,11.82,14.65,
26427,84.363984,-5.938386,6.030,2.51,-2.18,
26451,84.411184,21.142593,2.970,2.39,-18.04,
26460,84.436013,-28.689794,5.280,-37.99,42.58,
26463,84.440813,33.559155,6.360,16.61,4.98,
26466,84.450359,-34.689683,6.570,2.00,-4.92,
26474,84.467215,71.654474,6.620,6.40,-41.53,
26477,84.472446,-4.814036,6.160,-2.46,0.87,
26487,84.504635,7.541455,5.870,11.39,-14.74,
26495,84.528778,-27.210747,6.530,-3.86,-0.59,
26508,84.557230,-1.169173,6.840,0.09,-1.32,
26510,84.563686,-4.108188,6.860,16.47,-18.68,
26515,84.572587,-50.641041,6.430,-0.72,19.10,
26518,84.590569,8.487325,6.720,-1.12,-6.33,
26535,84.658220,-6.573958,5.960,0.39,-0.42,
26536,84.658748,30.492441,5.400,-21.15,-11.98,
26545,84.681361,-40.707358,5.810,-2.31,21.19,
26546,84.682633,41.839313,6.590,51.43,-37.65,
26548,84.685124,70.364531,6.970,9.93,-30.30,
26549,84.686522,-2.600068,3.770,4.61,-0.40,
26551,84.690101,-2.599692,6.810,4.61,-0.40,
26563,84.721216,-7.212708,4.770,-15.00,-49.55,
26569,84.736447,49.416216,6.850,12.86,-2.89,
26571,84.739014,26.618094,6.450,13.55,-10.52,
26592,84.786335,41.358853,6.440,-30.68,-119.51,
26594,84.796441,4.121467,4.500,0.76,0.07,
26602,84.817617,-17.849415,6.400,-6.97,2.78,
26606,84.826304,29.215230,5.980,-1.48,-7.25,
26616,84.862943,21.763007,6.420,2.87,-32.09,
26623,84.878490,-9.706607,6.490,5.51,-8.86,
26624,84.879805,-3.564709,5.990,-3.88,2.10,
26632,84.903344,37.988889,6.960,-2.20,-0.81,
26633,84.908287,0.833882,6.910,1.62,-13.84,
26634,84.912250,-34.074049,2.650,-0.10,-24.05,
26638,84.932172,75.043810,6.190,-7.31,25.39,
26640,84.934136,25.897149,5.180,9.75,-23.79,
26642,84.936300,-20.435202,6.890,-5.73,8.70,
26648,84.954511,1.491740,6.900,3.58,-5.04,
26649,84.957714,-32.629139,5.440,-15.92,-31.62,
26661,84.997190,-85.914343,6.770,-20.70,6.90,
26666,85.012171,43.324457,6.960,-17.64,-40.42,
26668,85.016623,-1.425479,7.000,-2.54,3.83,
26682,85.055643,69.981842,6.920,18.82,4.49,
26692,85.078547,15.350154,6.980,8.61,-30.90,
26700,85.120881,61.948888,6.860,-11.10,7.63,
26712,85.149628,31.358219,6.040,-5.00,-8.87,
26713,85.155395,-2.825241,6.220,1.70,1.95,
26718,85.175209,31.920618,6.230,0.46,-4.28,
26727,85.189687,-1.942578,1.740,3.99,2.54,Alnitak
26728,85.192468,-10.408664,6.460,-1.59,-0.03,
26736,85.211316,-1.128786,4.950,-1.85,-0.68,
26740,85.227595,-11.199937,6.860,37.56,-48.25,
26742,85.234869,-1.507186,6.990,3.11,2.09,
26744,85.240936,32.895994,6.740,-0.20,-1.21,
26762,85.273285,0.337686,5.930,12.30,27.76,
26774,85.312850,33.918956,6.930,13.83,-16.61,
26777,85.323814,16.534183,4.840,5.42,-14.54,
26779,85.334721,53.482330,6.210,2.70,-523.61,
26781,85.337360,29.487481,6.400,16.34,-25.72,
26786,85.344181,17.522191,6.970,-1.55,-4.51,
26795,85.361534,3.778024,6.820,34.52,6.16,
26796,85.362174,-33.400712,6.350,4.96,-12.26,
26808,85.396443,-15.337519,7.000,-39.31,-17.16,
26814,85.402933,60.623020,6.990,8.58,-31.78,
26820,85.417951,-2.896515,6.410,50.55,23.66,
26821,85.422971,-16.725843,6.220,-3.83,5.38,
26836,85.478147,23.326273,6.570,11.02,-18.30,
26838,85.486346,35.631330,6.850,-15.61,1.10,
26842,85.489720,-62.913778,6.890,-3.98,9.96,
26853,85.516607,22.660386,6.350,-0.36,-25.09,
26862,85.548262,-30.535462,6.180,-5.74,8.08,
26865,85.558160,-22.373737,5.880,-0.16,8.88,
26866,85.560360,-17.530389,6.150,-16.77,5.16,
26868,85.563296,-34.667937,5.290,5.06,51.30,
26870,85.573405,2.367186,6.670,-3.09,-3.55,
26882,85.610201,65.697701,5.620,-0.27,-21.48,
26885,85.619435,1.474665,4.900,-55.34,-14.85,
26893,85.637146,-0.016060,6.850,2.80,-18.40,
26925,85.723654,18.980389,6.660,-6.74,-11.71,
26926,85.724616,-6.796315,5.970,12.26,60.59,
26930,85.742101,14.178521,6.720,-46.14,-8.25,
26931,85.742736,33.314608,6.910,-2.88,-24.14,
26940,85.753132,73.985769,6.770,-8.08,11.57,
26942,85.756906,56.581453,6.050,16.09,28.70,
26953,85.788816,-1.613178,6.310,4.86,-29.07,
26957,85.807291,41.696546,6.810,62.30,-100.62,
26959,85.810485,-33.424985,6.830,-1.52,4.08,
26964,85.831244,23.204410,6.230,6.41,-15.78,
26966,85.840245,-18.557443,5.730,18.45,-13.20,
26969,85.845062,29.200280,6.620,3.08,-24.13,
26971,85.849655,5.358654,6.730,-1.92,-7.28,
26981,85.875621,-39.406917,6.250,48.43,3.90,
26998,85.912752,25.439552,6.810,-1.52,-2.91,
27001,85.921328,-45.833101,6.380,24.48,97.57,
27011,85.943751,-21.428634,6.680,3.65,-10.04,
27015,85.954010,85.668328,6.690,-10.52,11.39,
27025,85.986208,66.626314,6.820,55.54,-78.63,
27027,85.994168,54.864866,6.950,-11.13,-17.55,
27046,86.035251,61.476533,6.170,-11.08,1.07,
27072,86.116562,-22.447487,3.590,-292.42,-368.45,
27075,86.118359,-20.126663,6.340,-18.24,37.05,
27083,86.138297,-6.864275,6.760,16.14,5.69,
27091,86.172615,12.415380,6.950,13.55,-26.14,
27100,86.193413,-65.735541,4.340,-28.38,6.12,
27103,86.211130,-21.659225,6.790,-0.17,-1.96,
27106,86.221853,16.086113,6.990,1.19,-10.37,
27116,86.255418,12.888365,6.470,-19.76,-13.51,
27118,86.257493,4.008194,6.090,-11.00,-34.02,
27123,86.278014,33.626464,6.780,-2.00,-78.05,
27129,86.298013,18.704369,6.670,-2.22,-3.18,
27133,86.304569,-31.669318,6.830,-15.79,1.03,
27164,86.373301,31.324869,6.500,6.18,-18.05,
27165,86.374124,52.161504,6.850,86.98,-178.32,
27181,86.414211,20.695053,6.870,-1.12,-6.52,
27192,86.456369,40.507243,6.570,-30.07,-3.26,
27196,86.475203,49.826283,5.460,-11.18,-11.31,
27204,86.499554,-32.306380,5.180,3.01,-22.62,
27212,86.511928,-4.268318,6.240,9.51,-68.35,
27227,86.552603,64.769009,6.660,-6.73,-0.79,
27229,86.558184,-23.644399,6.540,10.45,17.19,
27243,86.614025,-46.597220,5.310,7.80,16.33,
27244,86.616472,-53.218983,6.630,38.24,-140.62,
27249,86.626539,56.115718,5.930,20.18,-58.91,
27253,86.645661,1.168538,5.950,-80.05,-141.79,
27259,86.675379,-36.231311,6.840,-0.24,-18.69,
27265,86.689556,15.822504,6.000,5.36,-3.04,
27280,86.717310,9.522500,5.780,-33.29,-64.54,
27283,86.727489,56.923993,6.790,8.57,-27.78,
27288,86.738957,-14.821947,3.550,-14.84,-1.18,
27293,86.750232,51.520967,6.470,-14.08,-39.77,
27303,86.769087,-28.638939,6.220,-5.31,10.32,
27308,86.782543,-16.238055,6.180,-9.13,-9.69,
27314,86.792852,58.785513,6.560,16.62,5.90,
27316,86.804790,14.488425,5.720,3.84,-42.30,
27317,86.805521,-54.360732,6.190,5.50,1.33,
27319,86.811166,42.526959,6.300,6.93,-86.59,
27321,86.821181,-51.066713,3.850,4.65,81.96,
27325,86.827873,-35.674220,6.290,-3.71,59.87,
27338,86.859156,17.729153,5.470,-2.05,-4.79,
27341,86.862074,-10.532917,6.040,-11.46,-16.97,
27344,86.872861,-41.590183,6.780,-6.47,-11.41,
27346,86.884397,63.598800,6.490,-11.23,19.70,
27353,86.894434,25.568640,6.480,1.84,-7.11,
27355,86.904765,54.494693,6.580,-10.72,-11.59,
27364,86.928770,13.899632,5.280,3.52,-13.27,
27366,86.939116,-9.669602,2.070,1.55,-1.20,Saiph
27369,86.950613,-72.702310,6.540,-6.80,24.48,
27378,86.983893,24.686848,6.770,-2.00,-5.46,
27380,86.984672,35.159280,6.550,-4.55,-1.91,
27383,86.991989,-40.653011,6.620,3.29,14.96,
27386,87.000966,6.454210,5.260,4.05,-22.20,
27390,87.008652,12.418426,6.680,-4.64,-8.91,
27404,87.047750,30.535246,6.970,6.32,-19.87,
27415,87.082033,-33.431736,6.860,-13.98,-39.39,
27421,87.093178,20.869524,6.030,8.19,-17.88,
27435,87.145434,-4.094087,5.970,62.39,-230.65,
27444,87.165347,-14.314350,6.740,-7.55,-0.95,
27446,87.170870,-1.785564,6.940,0.16,-0.56,
27453,87.197142,11.997225,6.930,-0.11,-8.17,
27458,87.215911,39.533667,6.800,1.32,-25.84,
27468,87.253998,24.567555,4.880,12.07,-8.16,
27472,87.269488,62.808196,6.180,-18.84,-2.37,
27479,87.280421,-32.504348,6.890,-8.97,-6.58,
27483,87.293581,39.181133,4.510,-28.42,-25.55,
27511,87.387264,12.651366,4.890,-21.63,-17.35,
27512,87.392205,-44.875408,6.380,-3.13,5.76,
27517,87.402312,-14.483550,5.490,-20.98,-47.58,
27530,87.456570,-56.166489,4.500,81.61,-71.77,
27533,87.472956,-22.971924,5.870,-15.31,21.41,
27534,87.473140,-66.901231,5.100,-22.10,18.08,
27537,87.475805,-30.621130,6.630,21.04,-9.18,
27538,87.481383,31.785745,6.870,10.56,-16.42,
27549,87.511153,9.871222,5.790,14.82,-1.68,
27555,87.538960,-32.809220,6.840,-7.22,-17.82,
27560,87.554418,4.423499,5.960,7.86,-38.28,
27566,87.569997,-79.361523,5.460,-4.50,65.95,
27583,87.620120,-52.767905,6.320,-7.54,10.65,
27581,87.620431,14.305699,5.540,4.42,-37.43,
27588,87.625106,2.024717,5.970,0.51,-6.94,
27592,87.641226,56.918948,6.530,-18.98,-3.76,
27614,87.702735,14.443395,6.750,5.09,-13.45,
27618,87.714104,14.048030,6.590,18.65,11.71,
27621,87.721744,-52.108687,5.160,2.42,-76.29,
27625,87.734233,51.514699,6.290,165.61,-47.53,
27628,87.739803,-35.769292,3.120,55.74,404.68,
27629,87.742133,27.967833,5.600,-3.08,11.56,
27634,87.754583,65.754059,6.610,-3.72,4.10,
27639,87.760043,37.305682,4.720,36.96,-44.76,
27641,87.763601,11.498863,6.940,-5.51,11.64,
27642,87.769277,18.551318,6.760,0.53,-6.25,
27654,87.829803,-20.877514,3.760,228.96,-647.96,
27658,87.841597,-7.518003,5.360,0.75,-0.18,
27660,87.846255,-64.033606,6.350,-7.98,16.77,
27661,87.857270,32.124696,6.280,7.44,-0.97,
27666,87.866074,18.444251,6.990,5.39,-11.54,
27670,87.869236,-22.926843,6.160,-4.02,-42.45,
27673,87.872469,39.148479,3.970,8.48,0.39,
27696,87.961093,23.382844,6.970,-8.41,-20.87,
27700,87.980724,-41.105315,6.710,0.76,11.49,
27705,87.998284,-29.449399,6.470,-1.57,-10.96,
27712,88.031497,-25.943339,6.860,196.50,42.07,
27713,88.032211,-9.041979,5.950,-2.97,32.31,
27723,88.057802,38.560181,6.930,7.43,-27.52,
27731,88.071899,58.964139,6.140,-1.53,-20.97,
27737,88.084092,-57.156000,5.930,17.99,-78.63,
27743,88.092926,14.171794,5.600,-17.46,-2.88,
27747,88.097538,19.867856,5.960,-5.57,-3.14,
27749,88.102177,-52.055163,6.820,7.29,-21.47,
27750,88.110178,1.855158,4.760,-7.09,-9.91,
27751,88.112014,6.209474,6.900,-7.43,-18.97,
27766,88.138177,-37.630991,5.620,30.75,-29.76,
27777,88.165277,39.574722,6.400,-0.94,-7.31,
27778,88.167001,33.917441,6.040,18.21,8.50,
27787,88.198807,-38.525970,6.690,0.22,-11.88,
27788,88.204979,-34.560467,6.640,-14.32,-38.57,
27795,88.231199,68.471651,6.220,3.36,-45.10,
27810,88.278685,-33.801440,4.880,-4.52,32.40,
27818,88.289858,-47.955239,6.750,2.82,20.30,
27822,88.311341,-61.839417,6.810,-5.01,0.24,
27829,88.329266,20.299131,6.700,-2.88,-10.14,
27830,88.331848,27.612285,4.560,3.82,-9.58,
27835,88.345195,-42.921357,6.550,5.88,10.90,
27844,88.369442,37.338850,6.700,-43.96,83.88,
27876,88.489982,-19.638772,6.680,-5.75,-12.58,
27890,88.524584,-63.091021,4.650,120.11,573.43,
27892,88.528140,-35.903025,6.780,-58.06,13.45,
27896,88.544698,-50.363884,6.530,93.52,548.66,
27897,88.549748,-64.482401,6.620,-1.78,64.20,
27900,88.555626,10.586421,6.130,0.00,-7.41,
27901,88.558521,-29.147102,6.340,-32.60,-42.55,
27902,88.565514,3.225768,6.300,60.22,-52.32,
27913,88.596183,20.276415,4.390,-163.17,-98.92,
27920,88.623346,-8.412562,6.610,52.20,-34.76,
27924,88.634371,11.763301,6.590,27.41,-41.71,
27929,88.644562,-4.064709,6.570,2.33,-1.80,
27935,88.663216,-26.660378,6.850,-19.62,41.87,
27937,88.671349,-49.627043,6.110,-5.23,13.82,
27938,88.681606,-11.774261,5.620,75.57,28.25,
27939,88.683493,0.968615,5.990,-2.90,0.01,
27947,88.708785,-52.636073,5.290,-17.21,243.54,
27949,88.711608,55.706905,4.960,-3.65,17.20,
27955,88.718725,-39.957910,5.550,-12.71,21.58,
27961,88.729991,14.219889,6.630,-16.55,-24.99,
27962,88.731046,5.860814,6.800,0.99,-16.21,
27965,88.736194,19.749624,5.920,0.39,-4.14,
27971,88.740938,59.888412,5.200,2.00,-18.50,
27973,88.745918,31.701933,5.900,-45.10,-179.84,
27989,88.792872,7.407036,0.450,27.33,10.86,Betelgeuse
28010,88.874543,-37.120609,4.970,36.65,-24.08,
28011,88.875648,-4.616496,5.870,27.05,-20.54,
28019,88.897403,-4.788515,6.280,-13.93,-29.49,
28047,88.970266,-21.689186,6.770,12.89,-101.29,
28054,88.985916,41.323378,6.640,-25.04,-24.64,
28060,88.995373,-31.532052,6.730,-8.55,17.44,
28066,89.013370,13.926088,6.600,373.03,-483.84,
28081,89.044363,-21.122629,6.890,13.24,32.22,
28085,89.059151,-22.840055,5.950,117.77,32.79,
28086,89.060251,51.804007,6.620,-5.96,-8.14,
28098,89.087262,-31.382455,5.520,1.39,5.94,
28103,89.101326,-14.168038,3.710,-42.23,139.02,
28110,89.116815,9.509420,5.970,0.32,-9.91,
28117,89.140699,28.942271,6.350,1.19,-2.21,
28118,89.143458,-23.215383,6.370,12.62,30.02,
28138,89.204184,-31.976278,6.440,3.25,12.68,
28139,89.205781,11.521196,5.890,105.96,-56.71,
28149,89.228032,-8.384032,6.880,-0.26,1.84,
28150,89.228794,-44.009148,6.650,62.64,72.32,
28154,89.233823,24.249696,6.030,1.45,-2.71,
28162,89.269316,49.029705,6.550,-5.18,-7.39,
28168,89.282042,55.947558,6.950,31.16,-112.25,
28180,89.309852,-53.425693,6.480,9.47,-0.07,
28187,89.355321,0.027540,6.900,-15.52,-8.85,
28199,89.384216,-35.283307,4.360,-2.65,11.19,
28201,89.388734,-18.055195,6.670,-13.43,3.37,
28205,89.395621,66.096129,6.240,49.05,-12.13,
28208,89.405618,45.901348,6.590,-7.77,-5.07,
28232,89.477110,1.224307,6.220,-23.35,1.31,
28237,89.498574,25.953916,4.810,-2.85,-1.69,
28252,89.548766,-0.993968,6.210,11.25,-20.58,
28255,89.556333,1.856407,6.920,6.05,-6.83,
28267,89.589558,-4.650173,6.990,71.23,-203.34,
28271,89.601830,1.837127,5.890,6.01,-7.83,
28287,89.656486,-44.034586,5.810,-12.02,9.49,
28293,89.692832,60.380126,6.860,-32.66,-102.51,
28296,89.706587,0.552974,5.210,-15.59,2.41,
28301,89.720516,25.777062,6.630,-43.24,-25.88,
28302,89.721840,12.808257,5.700,-8.64,2.84,
28321,89.754453,-9.382258,6.150,18.42,14.21,
28322,89.757353,-51.223202,6.820,-3.32,13.27,
28325,89.767949,-9.558140,5.040,8.45,-45.52,
28328,89.786627,-42.815108,3.960,18.53,-11.45,
28343,89.840766,49.924546,5.900,-4.57,-2.54,
28349,89.853659,45.619656,6.830,-1.71,-7.93,
28353,89.865431,8.415508,6.770,0.57,-16.36,
28358,89.881460,54.284982,3.720,86.31,-134.05,
28360,89.882373,44.947435,1.900,-56.41,-0.88,
28370,89.907280,-1.444053,6.620,1.84,-4.50,
28372,89.911670,-35.352700,6.780,-27.26,44.59,
28374,89.915050,21.604268,6.890,7.08,-18.40,
28380,89.930159,37.212764,2.650,42.09,-73.61,
28385,89.940955,55.321072,6.420,-2.78,-88.40,
28390,89.949788,54.547112,6.140,-1.24,-42.07,
28404,89.983756,45.936753,4.300,-2.42,-7.32,
28409,90.004718,-8.107533,6.650,-2.64,-4.85,
28413,90.013939,-3.074077,4.530,6.87,-72.71,
28416,90.020532,28.125779,6.690,6.63,-17.97,
28417,90.025194,27.272371,6.610,-11.66,-75.25,
28424,90.040157,51.080956,6.760,0.78,-33.10,
28429,90.060099,33.136935,6.840,-5.38,-0.53,
28433,90.071600,12.611428,6.800,1.13,-11.73,
28434,90.073598,-12.899912,6.210,-6.53,-50.29,
28438,90.078853,44.592107,6.210,-31.17,-38.71,
28447,90.101166,16.298979,6.540,3.77,-8.68,
28448,90.102109,34.507946,6.760,4.81,-8.47,
28464,90.148861,-58.102154,6.970,8.51,26.90,
28482,90.201417,67.014034,6.880,-4.30,-34.28,
28484,90.204991,-51.216553,5.650,-29.72,95.95,
28485,90.205533,2.916006,6.980,-10.52,0.95,
28489,90.212634,-42.870480,6.580,-0.93,6.16,
28499,90.243995,47.901974,5.710,3.02,-21.03,
28500,90.251891,27.572367,6.040,0.53,-1.89,
28517,90.291898,31.034517,6.180,-18.74,0.03,
28520,90.304605,-25.417712,6.040,-12.13,-20.70,
28521,90.311015,-60.485634,6.930,19.67,6.65,
28523,90.312914,65.525545,6.610,7.64,-54.79,
28524,90.317892,-33.911771,5.540,5.44,-26.39,
28532,90.334047,85.182118,6.170,14.66,-1.89,
28553,90.413438,-15.589253,6.660,-2.62,-14.06,
28561,90.423458,22.401044,6.360,-6.19,-17.40,
28562,90.429386,48.959469,5.980,7.10,-9.89,
28574,90.460108,-10.597939,4.920,-6.88,3.59,
28593,90.526332,-38.989479,6.820,59.78,60.96,
28595,90.536938,-5.136930,6.560,19.07,-10.49,
28596,90.538818,-60.096850,6.410,16.64,7.85,
28609,90.571285,1.694064,6.580,-3.91,-4.80,
28614,90.595793,9.647368,4.120,14.19,-37.44,
28621,90.638845,13.025516,6.960,-0.20,-26.96,
28622,90.640855,-14.497186,6.200,11.71,11.83,
28626,90.656727,32.591392,6.790,27.38,11.20,
28634,90.687970,47.809304,6.490,32.23,92.58,
28637,90.702456,49.905785,6.040,14.37,-43.75,
28642,90.722875,43.378404,6.380,8.65,-28.91,
28644,90.729655,32.636211,6.230,81.47,-211.58,
28654,90.763209,-37.547111,6.880,14.90,17.80,
28656,90.767942,57.018425,6.500,9.31,-45.55,
28659,90.779130,20.586297,6.880,-14.02,-9.73,
28662,90.784832,-36.872953,6.900,-20.26,5.16,
28664,90.788413,53.541403,7.000,-6.10,6.52,
28667,90.791681,7.627151,6.730,-9.72,-2.46,
28675,90.814838,-26.284750,5.030,66.18,84.77,
28677,90.824472,42.911887,6.080,104.99,-132.78,
28686,90.853228,11.681077,6.090,-11.84,-5.03,
28691,90.864001,19.690610,5.140,9.81,-20.29,
28697,90.891359,26.529145,6.990,-2.20,-5.15,
28716,90.979932,20.138459,4.640,2.19,-2.81,
28734,91.030069,23.263632,4.160,-2.60,-119.72,
28742,91.050286,25.444049,6.950,4.14,-42.67,
28743,91.054371,-14.084417,6.940,8.13,40.35,
28744,91.056265,-6.708950,5.190,-3.55,3.62,
28756,91.084486,-32.172724,5.650,-15.62,120.75,
28764,91.118780,-45.037202,6.350,-82.08,246.35,
28765,91.121274,51.573499,6.390,2.30,-42.82,
28767,91.124440,44.260814,6.740,95.05,-152.23,
28769,91.126634,-45.196641,6.920,5.05,4.45,
28787,91.165587,38.575130,6.930,-0.77,-2.77,
28790,91.167363,-45.079550,5.930,-79.98,254.28,
28792,91.178534,-1.580422,6.940,-22.66,-16.76,
28796,91.194888,-48.458247,6.600,-105.63,-23.30,
28813,91.242432,14.388892,6.720,84.66,-188.03,
28812,91.242448,5.419970,5.670,-7.96,-0.18,
28814,91.243166,4.158677,5.630,0.28,-2.38,
28816,91.246386,-16.484427,4.920,-5.57,-3.17,
28820,91.260767,37.964288,6.320,-3.08,-6.47,
28823,91.264251,42.981986,5.900,-44.61,-144.20,
28827,91.278004,-56.233167,6.760,0.75,28.54,
28829,91.284273,59.393331,6.320,2.69,-49.56,
28831,91.288835,75.585943,6.280,10.97,-9.99,
28854,91.362582,-10.242659,5.880,21.43,26.03,
28855,91.363204,-35.513687,5.800,13.88,16.09,
28861,91.391258,33.599072,6.230,-3.68,-9.09,
28874,91.439765,-24.195518,6.740,9.12,-21.66,
28881,91.468576,48.249287,6.770,-1.92,-1.74,
28897,91.509334,-5.880177,6.880,19.33,-11.97,
28899,91.523049,-29.758522,5.790,10.94,-41.69,
28900,91.523235,-33.219283,6.700,41.34,38.98,
28908,91.535933,35.388458,6.120,-124.24,-295.30,
28910,91.538892,-14.935286,4.670,-16.87,13.16,
28909,91.539009,-66.039689,5.720,13.51,27.98,
28930,91.593491,29.512425,6.010,12.72,-4.67,
28943,91.633763,-23.110776,5.460,-10.39,-28.58,
28946,91.646207,38.482772,5.350,10.76,-52.70,
28948,91.659920,-16.518296,6.600,-34.94,-39.23,
28949,91.661418,-4.193825,5.370,-6.79,-4.65,
28951,91.663337,63.453817,6.420,-35.53,8.74,
28954,91.668963,15.542357,6.760,-122.30,-103.29,
28957,91.671116,-42.298797,6.150,-34.68,-2.92,
28966,91.686080,-24.926843,6.960,-6.18,43.70,
28969,91.702750,23.638606,6.670,1.94,-1.34,
28970,91.710655,-67.283356,6.700,-6.81,7.93,
28973,91.716218,-11.173597,6.660,-0.54,1.86,
28978,91.732639,16.366721,6.570,2.54,-2.70,
28981,91.734417,-3.341181,6.920,-7.43,4.04,
28984,91.739654,-21.812290,5.740,-6.12,-3.67,
28985,91.744002,-6.202637,6.580,-9.12,-32.07,
28987,91.749374,-46.205575,6.830,-90.93,-25.79,
28988,91.757607,-45.091622,6.480,79.69,46.17,
28991,91.764012,-62.154411,5.040,21.44,-69.66,
28992,91.765285,-34.312022,5.820,2.83,0.44,
29002,91.789024,9.166129,6.940,55.65,-59.63,
29024,91.857673,36.274643,6.940,-2.12,1.43,
29025,91.861498,41.854330,6.150,-2.31,-19.79,
29034,91.881800,-37.252921,5.000,0.90,0.30,
29038,91.893008,14.768523,4.420,4.95,-21.18,
29040,91.899550,10.456322,6.700,0.96,-6.06,
29048,91.923459,-19.166004,5.280,12.79,56.67,
29057,91.945796,-44.729386,6.760,-2.73,27.41,
29064,91.970282,-42.154001,5.500,-11.08,-17.37,
29068,91.983231,36.065364,6.960,18.96,-35.98,
29083,92.026830,-15.901156,6.950,-37.74,-33.44,
29114,92.096396,41.055846,6.340,0.89,-49.27,
29118,92.105779,-11.146257,6.790,12.41,-12.91,
29126,92.126523,13.971066,6.930,-3.26,-1.76,
29129,92.144320,-44.356228,6.260,-9.74,6.65,
29134,92.184767,-68.843457,5.060,-50.90,19.68,
29135,92.190407,-7.936313,6.690,-8.35,-19.50,
29138,92.195962,8.669458,6.550,0.92,-10.79,
29140,92.198835,-6.821393,6.460,-30.20,8.07,
29150,92.241114,-22.427284,5.490,-3.85,-52.83,
29151,92.241268,2.499727,5.700,-1.75,-14.17,
29154,92.248675,2.496423,6.930,-1.11,-10.79,
29163,92.278285,-8.301577,6.640,10.16,3.11,
29166,92.280205,7.513533,6.630,-1.98,-2.64,
29178,92.334149,-18.126333,6.360,3.51,-21.33,
29185,92.347643,-49.563014,6.480,-10.68,74.96,
29196,92.385173,22.190274,5.930,-6.99,-4.97,
29205,92.393891,-14.584690,5.560,-15.74,29.55,
29210,92.400895,-5.711433,6.160,64.76,1.80,
29225,92.433272,23.113470,5.750,-1.05,-1.43,
29233,92.446489,-26.701118,6.270,-17.97,13.09,
29234,92.449610,-22.774491,5.710,87.66,60.76,
29236,92.454743,2.869623,6.570,8.70,-63.20,
29246,92.495811,58.935649,5.350,17.61,18.77,
29263,92.543416,-40.353970,5.540,-20.93,73.14,
29271,92.559180,-74.752528,5.080,121.84,-212.82,
29275,92.569283,-15.059424,6.900,-8.52,4.88,
29276,92.574638,-54.968661,4.720,-4.11,6.53,
29282,92.599120,2.901871,6.850,-2.40,0.15,
29284,92.610472,-77.105633,6.830,-9.00,17.85,
29288,92.624738,22.997880,6.880,-6.04,-1.57,
29292,92.633003,-34.816861,6.650,-7.35,11.75,
29294,92.644527,-27.154204,5.720,-9.10,-57.18,
29304,92.666370,-45.282007,6.280,-1.09,7.78,
29310,92.697337,13.659473,6.930,-2.50,-1.59,
29323,92.755069,-6.754193,6.150,-4.68,-11.56,
29326,92.757376,18.130471,6.370,1.78,-2.42,
29348,92.806809,60.453527,6.480,-21.68,-16.27,
29347,92.806900,-26.482114,6.080,0.82,5.42,
29353,92.812563,-65.589705,5.010,-22.98,118.34,
29357,92.815944,47.906840,6.850,-12.35,-27.28,
29365,92.840631,-15.793016,6.780,0.53,-18.02,
29367,92.846584,20.905421,6.840,1.00,-3.16,
29371,92.866304,13.638604,6.040,-4.90,-17.81,
29373,92.874014,43.165091,6.950,-23.28,31.13,
29379,92.884605,24.420379,5.830,0.99,-52.04,
29388,92.902411,48.711125,5.780,14.30,-55.85,
29399,92.929623,-18.186130,6.600,-10.75,21.88,
29401,92.932167,-4.665432,6.180,-7.12,-3.38,
29404,92.941292,52.647364,6.280,4.06,-73.13,
29416,92.964224,21.868241,6.930,0.21,-2.73,
29417,92.965901,-6.550283,5.060,-3.54,-1.83,
29426,92.984987,14.208814,4.450,-1.59,-20.23,
29432,93.001880,6.783690,6.850,196.42,-253.39,
29433,93.005579,19.790572,5.760,1.96,-11.82,
29434,93.013651,16.130447,4.950,5.57,-16.77,
29439,93.046677,-65.531517,6.850,28.08,150.89,
29450,93.079579,22.908519,6.510,-0.91,-2.18,
29451,93.083875,32.693389,5.780,-8.69,-4.02,
29464,93.121501,-36.563754,6.880,-3.69,5.90,
29468,93.134166,-61.474077,6.590,0.35,11.22,
29487,93.185872,-2.504812,6.620,-26.28,-1.96,
29488,93.193047,-17.763241,6.520,-6.68,4.04,
29490,93.212720,65.718499,5.360,7.23,-31.75,
29497,93.231273,-8.729043,6.910,-3.66,-7.38,
29502,93.242829,7.277768,7.000,-26.09,-29.08,
29508,93.247497,10.287431,6.600,-3.66,-6.32,
29509,93.248193,6.016290,6.450,10.79,-13.10,
29513,93.261728,-4.935155,6.940,7.56,-50.72,
29525,93.301902,10.627866,6.430,78.11,-297.10,
29536,93.352834,-15.384122,6.850,8.32,-9.01,
29541,93.377062,37.159134,6.770,-2.33,-3.35,
29545,93.388533,18.680385,6.580,9.57,-16.25,
29546,93.389532,-29.395746,6.520,-13.08,1.43,
29555,93.418527,-56.918323,6.770,2.37,-16.41,
29561,93.424034,-51.667465,6.850,-5.60,-32.02,
29568,93.438857,-23.862207,6.370,-47.06,110.90,
29569,93.438931,51.172624,6.070,-2.07,-63.63,
29575,93.476019,-3.741423,5.830,-18.42,20.25,
29579,93.487947,-7.248082,6.780,-2.52,7.92,
29581,93.502091,33.244296,6.590,-0.61,-8.93,
29616,93.619104,17.906378,5.860,-2.89,-10.63,
29619,93.626272,-29.604292,6.980,-9.31,0.13,
29629,93.652944,-4.568463,5.830,-6.50,2.35,
29635,93.674756,-73.626565,6.610,0.95,22.22,
29637,93.680365,16.037043,6.660,7.00,28.31,
29650,93.712233,19.156889,5.200,-95.78,-181.59,
29651,93.713902,-6.274727,3.990,-6.18,-20.06,
29655,93.719570,22.506824,3.310,-62.53,-10.24,
29673,93.775199,-71.702898,6.620,-15.04,53.61,
29679,93.785005,-20.272260,5.880,2.37,30.66,
29678,93.785239,13.851073,5.910,24.21,10.65,
29692,93.823795,-18.477013,5.990,19.43,-61.46,
29694,93.841690,16.430976,6.980,23.24,-16.42,
29696,93.844736,29.498712,4.320,-70.90,-261.73,
29699,93.848572,-11.904476,6.600,-0.92,15.10,
29704,93.854696,16.143206,5.340,1.61,-12.66,
29705,93.858985,-9.035751,6.090,-13.31,-2.47,
29711,93.873583,-4.914636,5.990,22.68,-34.41,
29716,93.893155,-0.511659,5.620,-158.04,-218.33,
29725,93.912731,36.148681,6.860,-58.49,3.77,
29728,93.917406,6.066208,6.070,-0.79,-17.38,
29730,93.918782,59.999034,5.370,28.54,-24.14,
29731,93.922334,18.297503,6.610,-16.69,-6.92,
29735,93.936995,-13.718387,5.000,12.26,-11.08,
29736,93.937359,12.551071,5.440,-3.21,-1.54,
29739,93.945900,4.283646,6.630,-4.49,-4.31,
29746,93.974903,1.169005,6.370,-6.51,30.36,
29752,93.985400,10.281809,6.840,-19.89,-33.20,
29756,93.988195,-29.788434,6.670,-1.32,3.66,
29763,94.016630,59.215101,6.590,0.25,-23.43,
29771,94.032069,-16.618009,5.970,-9.19,0.90,
29788,94.078489,-59.212734,6.440,-45.52,-316.87,
29789,94.079394,23.970048,6.090,-13.64,-8.59,
29790,94.085788,30.102537,6.910,6.74,-23.95,
29791,94.087815,1.080356,6.630,1.50,-3.78,
29798,94.099134,17.181631,6.390,-0.27,-9.59,
29800,94.110708,12.271710,5.040,83.07,186.28,
29807,94.138064,-35.140732,4.370,0.39,87.58,
29808,94.148330,-39.264349,6.000,-15.33,-18.78,
29811,94.173469,-12.047185,6.760,-9.98,-35.97,
29839,94.243521,7.052584,6.560,-1.11,-3.34,
29840,94.244606,23.740916,6.240,-0.02,-2.61,
29842,94.255125,-37.737650,5.540,1.35,83.91,
29843,94.264661,-22.714601,6.050,127.42,-258.64,
29850,94.277570,9.942536,5.390,5.10,-59.86,
29852,94.289885,-37.253443,5.880,-5.51,-22.63,
29854,94.303303,-24.074510,6.730,13.32,-29.34,
29855,94.307972,-26.932931,6.870,-19.75,16.03,
29860,94.317702,5.099696,5.700,-189.37,171.18,
29881,94.388803,14.058684,6.590,-1.52,-2.67,
29882,94.390382,35.149099,6.680,70.31,39.99,
29884,94.394514,46.423926,6.530,-43.79,11.26,
29885,94.396370,-10.724995,6.760,-7.86,2.83,
29895,94.423886,-16.815913,5.150,-14.87,2.07,
29900,94.434296,-19.188708,6.720,-7.47,1.02,
29901,94.437419,39.473886,6.720,0.67,-3.98,
29913,94.465573,-52.733034,6.400,8.55,0.95,
29917,94.472227,-4.382594,6.650,-3.62,-35.51,
29919,94.478467,61.515292,5.010,-9.61,-2.37,
29929,94.523104,-53.559173,6.860,-2.88,42.24,
29931,94.523379,14.382848,6.120,-4.78,4.31,
29936,94.535189,-6.725469,6.790,38.48,37.07,
29941,94.557216,-19.966992,5.510,-5.84,7.22,
29949,94.570229,46.360760,6.330,12.56,-130.38,
29951,94.572586,-5.654331,6.880,10.09,-4.94,
29955,94.586602,27.210313,6.660,7.98,-68.76,
29975,94.657342,29.781530,6.860,12.13,-50.22,
29982,94.668137,9.047285,6.240,1.35,-41.96,
29993,94.703293,-15.024994,6.040,0.99,16.67,
29996,94.710752,-9.389963,5.360,4.34,-22.68,
29997,94.711583,69.320034,4.760,-1.64,-101.65,
30002,94.724418,35.208039,6.620,4.47,-38.67,
30003,94.726779,23.603299,6.580,-1.55,-7.07,
30011,94.745739,-20.925620,5.790,-3.32,3.90,
30019,94.757698,17.325271,6.270,-8.68,-4.80,
30023,94.770082,47.394115,6.830,-29.66,-33.39,
30025,94.776127,12.746742,6.730,1.56,-3.59,
30028,94.783095,-8.586017,6.220,-19.59,2.21,
30031,94.791657,56.526669,6.900,-37.53,-31.42,
30038,94.813330,-69.784718,6.910,-14.56,68.23,
30046,94.830399,23.469409,6.910,-0.43,-1.55,
30049,94.843847,23.274512,6.950,-0.65,-1.73,
30051,94.855816,13.433964,6.900,19.91,-10.24,
30058,94.899316,69.569172,6.770,-30.71,-39.51,
30060,94.905795,59.010905,4.440,-3.51,24.43,
30062,94.909140,-22.103144,6.290,-37.05,10.28,
30064,94.910306,-63.823691,6.860,21.49,41.42,
30065,94.912474,68.676903,6.860,3.68,2.75,
30067,94.917429,16.013284,6.610,-17.48,-14.34,
30069,94.920639,-34.396595,5.760,4.39,1.84,
30073,94.928337,-7.822910,5.270,-4.31,0.70,
30079,94.949778,-39.486476,6.610,7.24,-3.63,
30088,94.989054,-13.993028,6.670,-10.16,5.62,
30093,94.998352,-2.944490,4.910,-7.31,-1.00,
30094,94.999467,-61.329782,6.950,-9.05,68.72,
30099,95.017616,14.651169,5.670,-6.26,-17.27,
30104,95.024699,-48.740443,6.610,235.06,-267.26,
30105,95.028466,-7.871938,6.940,-8.55,-19.10,
30120,95.071396,7.718863,6.760,0.19,-14.95,
30122,95.078280,-30.063377,3.020,8.00,3.81,
30132,95.112317,-49.104316,6.810,3.56,-2.75,
30141,95.146545,-23.637804,6.490,-20.73,-65.68,
30143,95.150997,-34.144193,5.550,0.42,19.94,
30149,95.166885,-9.890996,6.900,-7.75,-3.91,
30153,95.175261,72.145996,6.570,5.31,-14.73,
30167,95.210223,-4.595377,6.750,33.05,-39.90,
30169,95.217160,11.756231,6.540,-4.99,-3.51,
30174,95.234927,-29.670679,6.990,41.44,-77.97,
30190,95.272621,-11.817329,6.320,3.02,1.98,
30200,95.299632,29.540927,6.410,9.48,-45.66,
30205,95.324554,42.340377,6.790,-2.73,-32.21,
30214,95.352991,-11.773244,5.480,-4.25,2.37,
30215,95.354322,-60.021973,6.960,-8.53,0.98,
30217,95.357416,2.268588,6.300,-15.90,-26.84,
30218,95.357972,17.763606,6.320,20.16,-42.26,
30237,95.419771,-56.362291,6.790,-6.76,-7.41,
30238,95.424090,-8.236010,6.960,-1.17,-16.28,
30245,95.437368,12.861956,6.680,-4.72,-7.59,
30247,95.442117,53.452395,5.340,22.24,-88.91,
30252,95.458534,-51.237719,6.740,12.53,4.66,
30267,95.505404,44.058568,6.880,6.34,-21.63,
30272,95.514826,59.372098,6.050,-5.55,0.60,
30276,95.525610,-15.663318,6.510,-63.46,-47.84,
30277,95.528521,-33.436273,3.850,-24.19,-52.48,
30299,95.596681,-45.960364,6.840,-4.86,10.36,
30314,95.628976,-60.218808,6.530,-11.22,64.17,
30318,95.651768,12.570315,6.000,-53.62,-32.04,
30321,95.659292,-69.984128,5.560,25.96,34.75,
30324,95.674948,-17.955917,1.980,-3.45,-0.47,
30328,95.688537,4.210423,6.890,-12.47,-36.64,
30333,95.706773,17.574115,6.920,1.79,-9.39,
30339,95.729932,-45.628932,6.730,-14.45,15.48,
30342,95.732786,-56.369921,5.600,-40.24,-20.04,
30343,95.739963,22.513850,2.870,56.84,-108.79,
30351,95.756126,-3.276983,6.560,-0.59,2.87,
30352,95.756154,-63.683176,6.300,-17.07,16.45,
30357,95.776541,56.976525,6.470,-0.62,-72.68,
30372,95.804361,-34.996820,6.530,-7.20,-8.60,
30376,95.810432,-31.790315,6.310,-43.21,0.81,
30381,95.826582,-14.835326,6.960,15.81,-11.05,
30382,95.827042,3.764513,6.410,1.61,-9.56,
30387,95.844968,-4.687469,6.660,3.78,-15.71,
30395,95.873116,-29.860779,6.990,-2.03,7.59,
30407,95.899665,-9.874739,6.110,-2.82,4.80,
30408,95.911705,40.521391,6.810,30.70,-8.16,
30414,95.928185,-16.467213,6.570,0.70,9.69,
30418,95.938542,-37.014603,6.890,0.04,5.54,
30419,95.942074,4.592839,4.390,-20.88,10.75,
30420,95.942263,-15.071261,6.270,0.07,1.77,
30422,95.943737,4.595867,6.720,6.70,-22.26,
30423,95.945485,-58.543933,6.470,9.54,25.51,
30425,95.948193,2.665737,6.860,-1.01,-2.70,
30426,95.948571,-19.785412,6.610,-5.42,7.55,
30436,95.982974,-25.577530,5.610,3.57,-40.92,
30438,95.987878,-52.695718,-0.620,19.99,23.67,Canopus
30444,96.004246,-36.707897,5.620,-12.79,54.66,
30448,96.009540,8.885036,6.240,-10.76,-9.00,
30455,96.025517,-36.702971,6.840,-25.29,-5.20,
30457,96.043138,-11.530010,5.210,-55.56,-32.11,
30461,96.054456,-26.445025,6.680,2.90,-0.83,
30463,96.057831,-60.281398,5.780,-30.78,29.99,
30466,96.072437,43.230443,6.980,8.12,-40.20,
30468,96.085752,-12.961948,6.120,-3.30,3.65,
30469,96.088150,-16.224549,6.950,-18.13,-6.73,
30476,96.101715,-42.849408,6.670,-77.38,777.64,
30480,96.110711,-63.428647,6.450,19.37,-116.00,
30483,96.117011,13.015052,7.000,1.22,-3.01,
30492,96.140826,11.256507,6.850,4.80,-2.83,
30493,96.141402,-1.418203,6.720,-3.00,-7.01,
30497,96.162324,35.255102,6.560,14.16,-28.64,
30501,96.182276,25.048718,6.350,1.79,-1.67,
30503,96.183290,-28.779819,6.370,-164.83,-120.68,
30505,96.185411,-40.283970,6.300,-2.61,-3.67,
30518,96.219808,29.707094,6.700,-3.93,-15.66,
30517,96.219815,16.057231,6.350,23.31,-41.37,
30520,96.224592,49.287899,4.920,0.82,-2.48,
30524,96.232522,-63.828174,6.260,-5.39,12.22,
30540,96.303451,32.271766,6.970,-1.94,-1.17,
30541,96.304164,7.085717,6.260,2.85,-1.49,
30545,96.318362,-0.945353,5.880,238.30,-218.04,
30547,96.327027,1.501524,6.660,-4.34,-3.55,
30564,96.367398,14.722003,6.300,-3.06,-4.57,
30565,96.369379,-69.690787,5.370,-13.25,200.75,
30566,96.375022,-35.064041,6.240,0.11,-46.15,
30569,96.385784,23.442168,6.630,3.94,-10.08,
30570,96.387260,23.327209,6.050,-5.97,-16.60,
30575,96.394842,-2.991446,6.540,-15.84,-0.87,
30583,96.418660,-29.702973,6.890,-3.63,-1.78,
30586,96.425307,14.092696,6.850,-5.63,-2.51,
30588,96.428053,21.645055,6.530,-6.92,-13.06,
30591,96.431898,-48.176849,5.760,-3.81,-20.28,
30594,96.443871,2.271720,6.510,-2.08,-17.20,
30595,96.446413,-3.889025,6.330,-7.84,-2.98,
30601,96.464142,0.812740,6.600,-12.42,1.57,
30602,96.468042,11.125908,6.390,-7.71,-9.57,
30605,96.492303,58.603231,6.870,-36.55,22.30,
30608,96.495119,-7.894975,6.400,-0.36,-3.51,
30627,96.540020,-3.515849,6.420,-92.14,65.10,
30630,96.543012,18.757303,6.780,-119.32,-164.06,
30650,96.604832,-0.776741,6.790,7.83,0.35,
30651,96.607765,56.285044,5.530,-25.21,21.57,
30660,96.643527,-4.597393,6.160,-3.72,-2.60,
30663,96.657225,15.523702,6.880,-3.30,0.05,
30665,96.663338,13.101421,6.600,10.74,-102.47,
30666,96.664963,-1.507264,5.870,-10.11,-29.40,
30669,96.677733,-14.603401,6.320,2.24,-11.68,
30670,96.680838,0.454275,6.880,-14.24,-17.31,
30675,96.686872,-7.511907,6.350,4.54,-11.80,
30679,96.703663,58.417413,5.210,-5.52,-1.77,
30691,96.743131,-4.459291,6.910,2.33,-1.04,
30692,96.745111,0.841041,6.700,-4.78,0.59,
30700,96.753659,-4.355649,6.500,-4.99,-4.12,
30703,96.767232,-58.002105,5.820,-8.51,-4.43,
30706,96.781608,-37.895616,6.480,-1.38,44.75,
30711,96.797821,-25.855972,6.050,-171.52,-215.83,
30714,96.800465,-60.728615,6.970,-33.68,14.53,
30717,96.807332,0.299266,5.190,2.90,-8.25,
30720,96.814960,-0.275987,5.550,1.62,-5.19,
30722,96.815740,14.889227,6.570,0.62,0.96,
30728,96.835318,2.908256,5.550,-43.38,13.01,
30735,96.866385,5.175427,6.720,-1.19,-1.87,
30741,96.897987,32.563110,6.430,7.00,-67.56,
30747,96.917936,30.645209,6.950,10.75,-12.86,
30757,96.944098,20.789619,6.540,-32.66,-45.34,
30760,96.952564,-62.149987,6.610,0.95,24.79,
30762,96.962397,47.404918,6.550,-28.45,3.46,
30769,96.986207,20.496289,6.220,-29.05,12.91,
30772,96.989883,-4.762147,5.060,-4.23,-3.14,
30788,97.042573,-32.580129,4.470,-13.78,24.24,
30794,97.060358,70.535291,6.030,-0.76,11.81,
30795,97.061021,-77.290935,6.940,-1.45,21.46,
30798,97.069878,1.912716,6.480,-6.72,-15.28,
30804,97.078322,10.303999,6.160,27.84,-43.74,
30815,97.117121,16.238504,6.240,-91.15,-48.56,
30827,97.142036,30.493070,5.750,0.34,-14.95,
30836,97.155872,-17.466033,5.760,16.89,9.83,
30838,97.159246,-0.721082,6.800,38.83,-6.24,
30840,97.163519,-32.371297,5.740,-2.14,7.55,
30849,97.176648,-41.074911,6.320,39.62,13.94,
30863,97.196099,-0.572407,6.520,-1.70,-0.59,
30867,97.204475,-7.033050,3.760,-7.00,-4.97,
30869,97.210588,52.448708,6.940,12.62,23.60,
30874,97.218160,0.127969,6.560,0.68,-4.83,
30880,97.234706,26.967645,6.570,80.73,-77.54,
30883,97.240794,20.212167,4.130,-5.98,-14.08,
30886,97.250693,11.019242,6.590,1.91,-13.32,
30906,97.311720,2.646292,6.170,-2.20,-39.94,
30925,97.356486,-22.591124,6.800,8.84,10.63,
30932,97.368916,-56.852844,5.200,-38.15,32.34,
30953,97.454695,-50.238959,5.280,-67.56,-51.83,
30959,97.480340,-59.590676,6.810,1.78,-1.19,
30970,97.509559,7.921119,6.630,1.92,-2.22,
30972,97.512417,46.685536,5.880,-6.64,7.50,
30973,97.512539,-65.568388,6.280,1.09,59.75,
30977,97.523328,9.029719,6.570,-0.55,-2.79,
30986,97.547002,-10.081506,5.920,-7.27,-2.27,
30988,97.549224,-19.214836,6.440,6.41,-21.99,
31000,97.591142,22.544940,6.980,-10.30,-9.71,
31001,97.591708,28.212130,6.850,-0.31,-9.67,
31002,97.594013,60.146500,6.800,-4.44,-0.75,
31006,97.605265,41.401722,6.700,-12.90,-13.74,
31010,97.611741,-3.022093,6.960,-3.25,-0.93,
31017,97.624120,-14.954368,6.750,-5.07,0.50,
31019,97.637239,5.867004,6.700,0.30,-1.97,
31020,97.638348,-12.081056,6.580,12.18,4.08,
31024,97.645367,-13.148176,6.160,-4.86,1.45,
31032,97.669507,-40.448157,6.680,-3.75,6.74,
31037,97.692889,-27.769589,5.920,-7.55,5.87,
31039,97.696422,58.163457,5.860,-30.02,-338.85,
31056,97.749580,-40.916280,6.190,-6.07,10.85,
31058,97.762917,39.754691,6.660,-0.18,-28.80,
31061,97.768969,-43.717138,6.680,-32.27,30.55,
31066,97.789835,11.251382,6.170,4.60,-2.53,
31068,97.794376,-61.879571,6.150,-9.53,10.74,
31072,97.804572,-35.258861,5.820,-2.48,8.55,
31079,97.825914,-51.826207,5.580,102.50,104.60,
31084,97.845915,-12.391909,5.160,42.10,-17.87,
31086,97.850030,-32.868565,6.310,-17.02,6.94,
31088,97.850992,-12.559686,6.800,-4.07,0.10,
31092,97.872893,-21.405604,6.580,0.86,23.58,
31096,97.881596,37.178022,6.640,-4.91,-8.29,
31099,97.895613,-36.940196,6.260,1.54,69.73,
31105,97.905994,15.903534,6.380,-7.78,-13.28,
31107,97.914103,11.792292,6.640,-10.24,-6.88,
31119,97.951202,11.544343,5.220,17.61,28.16,
31121,97.958614,-8.158181,5.430,-9.21,-22.16,
31125,97.964034,-23.418437,4.340,-2.72,6.45,
31130,97.981338,4.942857,6.750,-1.19,0.64,
31131,97.981908,-18.062282,6.590,-5.09,8.86,
31137,97.992965,-58.753841,5.690,-0.67,2.39,
31147,98.029760,6.035653,6.700,-4.77,-2.29,
31155,98.073024,8.818004,6.980,-23.63,-17.84,
31156,98.074191,17.779546,6.910,37.17,30.84,
31158,98.077179,17.784286,6.260,36.43,25.96,
31159,98.080109,4.855995,5.880,-35.56,1.57,
31165,98.088888,-37.696514,5.250,73.30,-77.42,
31167,98.096374,-5.868718,5.600,-0.87,-41.78,
31168,98.096973,11.673606,6.080,1.64,-35.37,
31173,98.113345,32.454941,5.820,-26.51,-17.52,
31190,98.162410,-32.030454,5.730,-2.84,2.87,
31193,98.167590,35.293763,6.790,1.32,-12.89,
31201,98.192076,-27.404584,6.890,106.76,90.31,
31203,98.193145,-61.827950,6.850,-7.61,31.53,
31205,98.195346,-11.166397,6.300,-15.95,6.22,
31216,98.225957,7.332979,4.470,-3.89,-5.80,
31223,98.240386,-48.544217,6.960,15.66,-124.76,
31231,98.266717,78.979568,6.610,-4.25,-16.94,
31237,98.275771,1.273331,6.880,-0.62,-4.31,
31241,98.292666,-38.625145,6.440,-0.98,-18.54,
31265,98.359636,-52.329317,6.180,-32.87,34.37,
31266,98.361181,-20.923894,6.390,-17.73,-27.54,
31269,98.363918,-32.226382,6.960,23.58,1.03,
31277,98.400720,14.155375,5.570,-14.27,-87.02,
31278,98.408003,-1.220111,5.090,2.14,-17.68,
31290,98.427713,33.024037,6.530,9.45,1.11,
31299,98.456214,-36.232267,5.420,-15.31,97.95,
31309,98.490075,52.461602,6.910,3.40,-78.61,
31314,98.510561,-77.687558,6.660,-12.12,-60.44,
31325,98.533793,-29.629519,6.820,-9.25,-34.57,
31326,98.535076,2.898574,6.900,-10.71,36.17,
31340,98.580699,38.076022,6.660,5.78,-7.96,
31344,98.590268,-3.074105,6.590,-1.85,0.89,
31359,98.636652,55.353029,6.450,2.69,5.21,
31362,98.647204,-32.716261,5.620,3.18,2.70,
31363,98.648386,4.968031,6.680,21.50,-42.52,
31374,98.680678,-34.009487,6.690,-3.64,35.10,
31385,98.693033,7.572500,6.440,-16.76,-7.43,
31396,98.723668,16.205803,6.610,0.37,-10.27,
31398,98.726058,-30.092036,6.940,-4.39,4.59,
31407,98.744114,-52.975635,4.350,-7.65,11.33,
31416,98.764083,-22.964833,4.540,13.11,16.52,
31434,98.800258,28.022344,5.260,-0.41,-12.46,
31446,98.815956,0.890222,5.780,-3.36,-2.33,
31448,98.823319,9.988354,5.930,0.34,-7.70,
31457,98.850934,-36.779930,5.590,-8.31,20.82,
31469,98.878386,-22.109002,6.320,9.62,-21.39,
31509,98.975302,-36.088455,6.360,-59.85,-73.04,
31511,98.977959,43.705873,6.870,-13.04,-18.18,
31520,98.997400,31.479298,6.900,-6.96,-24.06,
31523,99.000443,4.498048,6.550,-0.86,-6.58,
31525,99.008829,16.797096,6.730,17.25,-30.50,
31526,99.009446,56.386207,6.560,-40.24,-57.85,
31552,99.062490,58.107262,6.610,123.57,-197.19,
31564,99.095240,-18.659945,5.710,-11.82,16.82,
31565,99.100032,59.664514,6.840,-2.95,-16.22,
31567,99.107871,6.083188,6.870,-1.83,0.91,
31568,99.109409,27.278620,6.890,8.05,-93.60,
31572,99.116518,-31.886910,6.870,-26.08,23.43,
31579,99.136824,38.445552,5.400,-1.76,-21.41,
31583,99.147209,-5.211108,5.520,2.99,-14.33,
31592,99.170829,-19.255709,3.950,62.32,-69.91,
31593,99.171122,-22.614751,6.350,-8.05,7.74,
31599,99.194168,-13.320977,5.950,-2.16,-24.25,
31603,99.213643,-41.557155,6.360,1.28,5.62,
31617,99.257874,-38.146616,6.030,-1.52,45.24,
31637,99.307674,-36.990684,5.720,-9.85,13.59,
31642,99.333238,-43.451316,6.870,-6.72,7.98,
31646,99.350179,6.135381,6.050,-1.84,0.68,
31650,99.363713,24.590845,6.440,-3.94,2.55,
31660,99.391437,12.181248,6.840,-75.57,-284.68,
31661,99.400838,-55.343800,6.880,0.98,25.75,
31662,99.403823,10.853373,6.390,-37.96,-32.68,
31665,99.409995,56.857507,5.870,-9.26,9.79,
31672,99.418122,2.704279,6.170,-39.41,-49.44,
31674,99.419947,-12.984812,6.110,9.26,-124.82,
31676,99.423501,61.481900,5.940,-208.21,-274.56,
31681,99.427926,16.399415,1.930,-2.04,-66.92,
31685,99.440299,-43.195924,3.170,-0.43,-3.99,
31688,99.448099,-32.339891,5.250,108.96,64.13,
31696,99.468607,23.604453,6.650,1.31,-1.05,
31697,99.469601,4.956667,6.140,-0.12,1.31,
31700,99.472608,-18.237457,4.420,-6.86,-8.47,
31703,99.480177,73.695629,6.260,-169.55,2.65,
31711,99.501768,-61.533564,6.150,-50.08,72.69,
31730,99.578761,24.450515,6.750,0.31,-39.06,
31731,99.583318,57.191752,6.730,-19.30,-16.03,
31733,99.585269,-2.543912,6.140,-14.45,6.48,
31736,99.595458,-23.580302,6.480,-1.90,-8.14,
31737,99.595913,28.984391,5.760,-18.70,-15.52,
31738,99.595944,-52.932128,6.740,-5.60,26.95,
31758,99.647631,-16.873486,6.010,-8.37,-24.83,
31763,99.651581,61.477780,6.960,8.43,-24.53,
31765,99.656802,-48.220231,5.050,3.92,19.83,
31766,99.659114,1.613524,6.230,0.12,-2.41,
31771,99.664809,39.391115,5.700,-22.05,-107.49,
31776,99.669818,41.581495,6.870,-3.73,-0.79,
31787,99.699697,6.901883,6.940,-3.41,0.44,
31789,99.704944,39.902588,5.340,-8.37,-11.99,
31790,99.705864,4.700610,6.560,-3.11,-0.22,
31813,99.772049,22.030940,6.090,13.23,-24.20,
31827,99.819652,-14.145747,4.820,4.58,-7.00,
31832,99.832613,42.489012,4.800,-0.97,-55.65,
31850,99.881127,24.599943,6.430,19.31,90.21,
31852,99.888016,28.263158,6.020,-5.66,-9.75,
31859,99.900924,-23.695643,6.050,4.40,-7.84,
31870,99.927774,-30.470024,5.700,-7.33,-191.92,
31872,99.931598,58.095120,6.960,-7.67,-38.46,
31874,99.943869,-1.380134,6.920,3.59,-2.26,
31876,99.948856,12.982803,5.990,-15.00,-14.14,
31886,99.986972,-38.158913,6.590,59.27,-34.39,
31889,99.991115,44.014104,6.350,22.35,4.09,
31897,100.012119,-80.813722,5.610,-5.08,53.37,
31916,100.053715,44.332901,6.750,18.38,-20.15,
31922,100.069192,79.599477,6.740,-2.44,15.74,
31925,100.078578,-6.346303,6.910,14.11,11.24,
31928,100.088771,40.969706,6.820,-32.79,-4.00,
31940,100.120155,77.995797,5.750,14.25,-6.02,
31944,100.130805,61.922484,6.580,-27.14,16.85,
31945,100.133116,6.371251,6.510,-2.71,-0.05,
31946,100.134350,71.748760,5.880,4.23,10.70,
31962,100.197724,-47.621545,6.660,-3.05,9.03,
31966,100.206110,-47.674662,6.710,3.12,-14.13,
31976,100.238783,-12.182257,6.920,-0.91,-0.98,
31977,100.239844,-71.775093,6.500,22.13,-40.85,
31978,100.244421,9.895760,4.660,-0.66,-2.51,
31985,100.257726,-7.572634,6.840,-2.40,3.19,
31992,100.272688,0.495335,5.790,-7.48,-5.04,
31996,100.289235,8.984771,6.530,-2.30,-19.45,
32007,100.309057,-40.349873,6.160,-5.68,10.64,
32012,100.321739,11.003179,6.190,4.99,7.49,
32019,100.337073,28.196644,6.450,0.58,-2.49,
32020,100.341435,16.397660,6.280,-4.72,-4.24,
32022,100.343436,-7.168718,6.960,-5.78,4.61,
32034,100.374282,6.110826,7.000,-2.10,-0.44,
32037,100.378266,-20.317546,6.880,58.38,-30.33,
32040,100.407374,35.931991,6.480,-17.81,-25.90,
32055,100.460909,14.216741,6.800,7.96,-24.10,
32064,100.484859,-9.167425,5.210,34.99,-46.05,
32065,100.488268,-20.249618,6.850,-5.95,-52.74,
32067,100.496794,6.345419,6.360,0.81,2.35,
32069,100.498752,-16.007220,6.940,-2.23,4.30,
32076,100.522118,-15.214940,6.970,-173.28,-128.85,
32091,100.568299,-38.398799,6.280,-15.02,3.33,
32094,100.571403,7.397844,6.860,4.95,-8.16,
32104,100.601344,17.645514,5.200,6.97,-86.87,
32106,100.606570,-67.843190,6.720,-20.68,37.45,
32140,100.680770,-32.712772,6.760,15.19,6.70,
32143,100.687644,32.558884,6.740,-7.37,-6.62,
32144,100.691993,-22.448836,6.260,-54.07,100.90,
32146,100.697864,-4.140883,6.570,-41.87,1.01,
32173,100.770868,44.524524,5.040,-45.05,-30.28,
32177,100.777536,3.033823,6.180,9.28,-9.25,
32190,100.807183,37.147430,6.210,25.24,-22.54,
32208,100.847312,-39.193082,6.300,-2.92,-15.13,
32222,100.903053,-73.117970,6.360,12.43,-98.28,
32226,100.911025,3.932535,5.880,-0.60,-2.88,
32243,100.973167,-25.534971,6.700,-46.85,8.32,
32246,100.983041,25.131155,3.060,-5.93,-12.81,
32249,100.997059,13.228143,4.490,-2.29,-51.80,
32252,101.021737,62.963037,6.610,-1.70,-20.65,
32256,101.040861,-54.730760,6.680,-8.59,13.76,
32261,101.047820,53.296427,6.280,34.68,-200.98,
32268,101.052166,36.109259,6.370,5.17,-0.09,
32269,101.053365,-54.695523,6.470,-16.64,6.68,
32275,101.072476,40.623318,6.840,-21.43,-152.76,
32284,101.102747,56.933070,6.900,5.71,-19.94,
32288,101.105849,3.141577,6.810,-1.78,-2.43,
32292,101.118621,-31.070538,5.230,-3.04,6.24,
32296,101.126246,82.115465,6.610,13.37,-54.61,
32309,101.184251,-61.224249,6.950,-8.59,8.03,
32311,101.189436,28.970989,5.420,-8.75,-23.65,
32315,101.194151,44.505542,6.640,1.32,-16.23,
32322,101.216483,-27.342381,6.430,-6.18,293.89,
32332,101.231974,-70.433773,6.100,-15.57,5.94,
32333,101.234829,22.837382,6.760,-15.80,-0.18,
32339,101.260676,-30.586415,6.530,-7.96,4.44,
32349,101.288541,-16.713143,-1.440,-546.01,-1223.08,Sirius
32350,101.290561,39.368468,6.930,-13.15,-135.45,
32352,101.291722,-18.268245,6.900,0.27,-27.46,
32362,101.322640,12.896055,3.350,-115.16,-190.91,
32366,101.346168,-31.792922,5.920,-204.91,-304.13,
32368,101.347405,-23.462489,6.040,-19.70,23.38,
32369,101.347942,24.672478,6.950,-0.01,-3.17,
32375,101.358555,-52.200931,6.560,2.19,2.71,
32376,101.360465,9.765813,6.650,41.55,-32.30,
32385,101.379962,-30.948991,5.620,-3.11,4.20,
32389,101.396247,27.673249,6.700,-5.28,-0.89,
32398,101.458571,-0.716449,6.780,-5.90,-4.20,
32402,101.473839,-52.409714,5.810,-3.55,9.14,
32404,101.475832,12.693568,6.470,-2.18,-2.62,
32406,101.489431,-20.775041,6.910,-3.68,-0.97,
32411,101.497505,-14.796084,5.300,-11.02,-17.63,
32418,101.513444,-39.540275,6.620,-8.79,7.69,
32431,101.543240,23.371115,6.510,-11.15,45.14,
32433,101.547119,42.265584,6.880,0.68,-11.87,
32434,101.550648,-37.775348,6.190,-8.48,9.51,
32438,101.558970,59.441691,4.860,-18.11,-8.67,
32439,101.560290,79.566278,5.440,-99.03,-603.61,
32444,101.568353,-29.561084,6.910,5.08,-2.39,
32455,101.607591,-19.877901,6.750,8.93,-3.22,
32463,101.635078,8.587169,5.920,-4.99,-6.76,
32466,101.637552,-14.523756,6.690,-13.46,19.65,
32474,101.662596,-10.107362,5.660,-10.77,0.77,
32477,101.673734,-54.695062,6.450,-42.54,14.08,
32480,101.684746,43.577025,5.240,-0.28,165.49,
32481,101.685986,-47.804503,6.950,4.17,17.37,
32488,101.705536,16.772491,6.830,11.52,-13.98,
32489,101.706227,57.169271,5.340,13.90,-38.79,
32492,101.712891,-14.425996,5.280,-3.14,10.24,
32494,101.719557,-51.265449,5.390,-22.01,-89.56,
32500,101.743832,-87.024975,6.460,4.64,4.20,
32504,101.756219,-21.015417,6.070,-15.17,6.24,
32523,101.804629,22.194705,7.000,-20.60,-95.09,
32531,101.827958,-55.540049,5.600,-0.86,25.08,
32533,101.832685,8.037283,4.770,-23.34,-11.84,
32537,101.839195,-37.929672,5.270,-9.92,-10.57,
32538,101.844938,-48.563662,6.840,-17.70,36.84,
32539,101.847738,18.193557,6.350,-0.02,-43.08,
32548,101.870187,-76.851477,7.000,-14.96,1.68,
32558,101.905098,-8.998501,5.080,-4.21,-0.61,
32562,101.914920,48.789461,5.220,-5.25,6.40,
32571,101.947964,21.691573,6.810,7.97,-13.20,
32572,101.948158,0.340170,7.000,-4.42,7.68,
32578,101.965237,2.412189,4.480,-12.97,-12.36,
32607,102.048071,-61.941980,3.240,-68.39,242.03,
32609,102.050968,55.704450,5.540,57.71,-104.75,
32617,102.079533,-1.318839,5.750,-37.74,-34.33,
32622,102.089831,-7.754610,6.900,-2.90,2.57,
32659,102.183419,8.866285,6.920,-13.61,-15.88,
32668,102.205165,-34.936825,6.910,-11.49,10.56,
32669,102.210758,-29.743671,6.830,-5.56,0.99,
32677,102.240576,-15.144711,5.390,-0.56,-6.04,
32682,102.265238,1.002072,6.160,-0.95,-2.96,
32688,102.285786,23.201937,6.800,-5.79,-3.60,
32689,102.292486,27.190486,6.660,-8.68,-46.57,
32697,102.318083,-28.973543,6.990,-26.95,-2.79,
32698,102.318392,-2.272028,5.750,-8.82,-4.33,
32716,102.382519,-32.542184,6.850,-3.07,-6.48,
32740,102.422244,32.606879,5.720,-39.68,-50.71,
32743,102.430127,25.484455,6.800,26.83,-35.61,
32744,102.433339,-24.076033,6.310,0.99,-13.59,
32746,102.434579,37.512730,6.490,-22.86,7.30,
32753,102.457689,16.202913,5.870,-14.94,-10.44,
32759,102.460273,-32.508488,3.500,-9.18,4.04,
32761,102.463817,-53.622492,4.410,-2.27,17.57,
32765,102.477571,-46.615470,5.140,-0.56,374.38,
32768,102.483903,-50.614400,2.940,34.23,-65.85,
32771,102.490400,-45.450259,6.540,7.47,-59.96,
32775,102.504205,-60.249409,6.110,4.80,107.92,
32776,102.509091,12.058138,6.850,-2.51,-5.42,
32779,102.510514,-66.293488,6.990,-8.63,29.82,
32793,102.551466,5.673501,6.770,-40.84,-0.17,
32801,102.569499,-17.291923,6.620,-2.96,-23.29,
32809,102.590721,-17.084558,5.770,-6.80,1.27,
32810,102.597291,-31.706094,5.740,-1.70,15.12,
32813,102.605363,-69.986222,6.800,-11.49,-9.20,
32814,102.606249,13.413195,5.680,-1.86,-7.55,
32827,102.654008,-25.778409,6.320,-4.20,6.08,
32838,102.676286,-8.041004,6.310,-8.95,2.98,
32839,102.680272,-4.266209,6.870,-9.08,-2.89,
32844,102.691513,41.781565,4.990,-23.94,-138.02,
32851,102.707579,-0.540427,5.780,22.12,-187.07,
32855,102.718122,-34.367321,4.990,4.52,0.85,
32864,102.737867,67.571923,5.140,0.93,4.58,
32872,102.748042,5.842396,6.970,-37.05,-36.30,
32874,102.751759,25.760841,6.980,9.01,-197.73,
32912,102.862413,-70.963473,5.410,4.02,25.56,
32918,102.885680,-48.292729,6.420,18.97,-10.41,
32921,102.887707,21.761232,5.280,-6.11,-34.48,
32923,102.889171,-6.966524,6.580,-4.62,4.95,
32926,102.899134,9.440128,6.840,9.08,-19.34,
32931,102.914058,3.042063,6.370,4.19,-29.65,
32936,102.921735,-2.402716,6.640,1.91,2.73,
32938,102.926874,-36.230126,5.940,-40.47,-59.14,
32947,102.940639,5.084411,6.910,-0.40,-1.52,
32948,102.946989,86.684597,6.590,0.12,-105.18,
32957,102.965928,-2.176033,6.860,-1.19,-0.42,
32964,102.992528,25.662980,6.750,-13.16,6.88,
32968,103.000049,23.601743,5.680,-39.29,-10.11,
32984,103.076537,-5.173705,6.580,-544.41,-3.30,
32990,103.095309,-5.316244,6.300,-22.04,-13.70,
33006,103.165147,-42.504399,6.520,-13.51,-7.71,
33012,103.189337,-59.341288,6.410,-14.82,38.22,
33016,103.195939,-54.090356,6.560,-3.52,8.72,
33015,103.196402,-43.975607,6.470,2.36,5.37,
33018,103.197250,33.961370,3.600,-2.66,-47.67,
33024,103.206197,8.380448,5.750,-32.90,-30.86,
33040,103.251277,-26.957473,6.330,-9.40,-65.27,
33041,103.255886,38.869140,6.100,-3.40,7.20,
33044,103.264752,35.788008,6.030,-1.62,-5.44,
33048,103.271090,59.448655,5.340,-10.84,-45.93,
33056,103.281561,44.840083,6.240,5.44,-58.41,
33064,103.305705,38.438448,6.320,42.31,-178.92,
33077,103.328512,-19.032779,5.650,-48.87,6.49,
33079,103.341029,-18.932929,6.130,-9.98,35.16,
33081,103.342070,-24.684352,6.520,-21.45,-24.20,
33082,103.343338,10.996942,6.300,-0.45,-120.13,
33085,103.359090,51.518092,6.950,-10.19,-26.07,
33092,103.387127,-20.224264,4.820,-5.14,4.07,
33094,103.390646,-28.538720,6.050,282.83,-441.94,
33104,103.426005,68.888292,5.110,4.53,7.30,
33126,103.481065,-24.538759,6.230,-4.22,1.44,
33133,103.487809,38.505086,6.460,-0.45,-27.72,
33139,103.509624,-50.612141,6.240,-55.72,222.66,
33150,103.531597,32.511398,6.950,-1.67,-10.21,
33152,103.533145,-24.184223,3.890,-3.46,5.02,
33154,103.535825,-5.852202,6.390,-11.21,5.60,
33160,103.547836,-12.038593,4.080,-139.04,-14.47,
33165,103.554360,-23.928348,6.650,-3.86,4.75,
33178,103.583796,-31.801625,6.860,-13.36,1.80,
33179,103.588776,21.161464,6.510,25.50,-56.40,
33184,103.602738,-1.126961,5.440,14.01,-14.27,
33189,103.611186,-42.365619,6.320,-1.28,19.62,
33202,103.660808,13.178016,4.730,70.19,-77.79,
33205,103.665767,15.837976,6.570,-13.60,-12.43,
33210,103.675179,-1.756485,6.200,1.00,-0.14,
33212,103.678538,24.245793,6.840,-37.29,-96.36,
33217,103.691579,48.905094,6.990,-15.21,-2.91,
33239,103.736476,21.571372,6.980,-3.00,0.73,
33243,103.745501,-2.803587,6.030,-5.25,-0.45,
33248,103.761409,-20.404851,5.800,0.38,-10.35,
33269,103.811068,43.910048,6.160,1.64,-6.97,
33271,103.813389,45.826588,6.310,-31.15,-73.84,
33277,103.827878,25.375636,5.740,-35.75,25.14,
33291,103.883107,37.915438,6.730,-25.05,-35.01,
33294,103.887055,-22.037463,6.780,-2.81,4.46,
33297,103.894288,8.324290,6.280,-23.05,-1.88,
33298,103.901948,-33.806870,6.990,2.84,12.94,
33302,103.905829,-20.136593,4.660,51.35,39.75,
33306,103.920626,-68.505815,6.860,0.74,41.59,
33316,103.945541,-22.941450,5.290,-3.24,4.18,
33330,103.978243,-31.790196,6.360,-8.17,6.67,
33345,104.027695,-14.043446,5.000,-1.70,6.89,
33347,104.034276,-17.054247,4.360,-2.46,1.91,
33357,104.066621,-48.721164,4.940,1.57,8.40,
33358,104.068909,17.737239,6.750,-19.14,-43.03,
33372,104.107678,9.956600,5.900,-16.05,-8.98,
33377,104.133585,46.273986,5.850,-3.59,4.98,
33384,104.143668,-79.420189,5.450,-1.54,-1.61,
33385,104.145927,-8.333724,6.930,-7.79,-4.32,
33394,104.190432,-35.341348,6.270,-2.37,5.52,
33415,104.233871,46.705538,5.880,-92.66,-76.25,
33419,104.249144,24.642859,6.830,-25.92,-25.65,
33420,104.250402,-8.179266,6.310,-2.05,-11.84,
33421,104.252236,33.681036,5.910,-24.49,0.99,
33423,104.257228,-19.438793,6.640,-0.36,-86.30,
33426,104.263168,-17.098543,6.920,16.69,-8.89,
33436,104.289100,-10.824463,6.900,-2.79,0.46,
33444,104.304685,57.563249,6.030,13.15,15.61,
33447,104.311533,-22.202874,6.640,-2.22,4.05,
33449,104.319161,58.423060,4.350,6.58,-123.53,
33451,104.323388,-35.507201,6.230,-40.38,19.58,
33453,104.327091,37.394733,6.480,0.94,-4.09,
33465,104.356612,11.907561,6.260,0.63,-3.14,
33478,104.391538,-24.631056,5.450,-96.27,88.42,
33485,104.404687,45.094102,4.900,-21.67,-3.18,
33492,104.427653,-27.537524,6.220,-8.99,7.60,
33495,104.439384,-52.647555,6.910,-11.55,-374.76,
33507,104.474989,41.705589,6.840,38.08,-54.69,
33515,104.495859,-10.785917,6.700,-3.97,-5.40,
33517,104.502872,-46.095892,6.830,-8.37,16.89,
33532,104.531480,-27.164392,6.360,-2.50,4.26,
33534,104.535555,-10.315725,6.580,-7.34,5.56,
33537,104.548832,22.475648,6.940,47.91,98.53,
33558,104.604607,-34.111726,5.070,-16.54,7.15,
33574,104.649001,-23.880864,6.730,1.69,8.40,
33575,104.649597,-25.414170,5.590,-6.65,5.27,
33577,104.651639,-56.394766,6.460,-22.81,-34.06,
33579,104.656445,-28.972089,1.500,2.63,2.29,Adhara
33584,104.662216,7.622352,6.250,-30.69,-21.19,
33588,104.665874,-55.728926,6.260,-64.14,-80.90,
33590,104.673921,-45.767583,6.230,-13.64,-4.09,
33591,104.682104,-30.998053,6.410,-10.74,6.63,
33595,104.697982,26.080851,6.200,-162.14,94.10,
33603,104.737612,3.602364,5.960,-3.59,-3.65,
33610,104.751761,-32.722265,6.760,-2.47,4.85,
33614,104.761992,38.052615,6.020,-42.86,-122.69,
33622,104.780451,-60.842017,6.960,0.17,-6.20,
33643,104.833882,42.314782,6.680,-2.93,-10.61,
33644,104.834083,7.316986,6.340,-8.81,-7.77,
33650,104.866396,25.914187,6.400,-4.62,-6.57,
33666,104.913570,-21.602896,6.260,-2.93,4.87,
33669,104.923066,-33.475754,6.620,-3.83,13.89,
33672,104.935191,52.572473,6.660,-10.28,-17.78,
33682,104.960741,-67.917012,5.180,-27.00,234.21,
33690,104.999383,-61.336825,6.810,-161.19,264.54,
33694,105.016033,76.977442,4.550,73.18,-13.88,
33703,105.034523,-20.158438,6.320,-5.93,5.26,
33705,105.040666,-31.141773,6.620,19.70,34.37,
33713,105.062603,-19.801242,6.900,0.40,-10.90,
33715,105.065935,16.079005,5.730,-0.44,-3.02,
33718,105.075322,15.535288,6.860,2.10,-10.85,
33719,105.075434,-5.367357,6.290,-115.76,80.35,
33721,105.080687,-22.119070,6.530,-2.59,4.13,
33722,105.087151,67.330662,6.530,4.52,-23.44,
33728,105.098420,-49.135004,6.560,0.61,-21.80,
33729,105.099003,-8.406825,5.950,-7.18,1.69,
33730,105.099419,15.288125,6.690,-20.39,-19.51,
33731,105.104118,1.931521,6.760,-2.54,-1.78,
33743,105.146210,-20.640290,6.710,2.66,-6.82,
33754,105.163913,-9.202971,6.490,-0.87,1.64,
33760,105.177198,-28.489474,6.280,-23.42,-41.48,
33774,105.207246,-33.465720,6.390,13.13,78.19,
33779,105.214605,-51.402634,5.140,-21.64,20.12,
33781,105.216677,-19.444405,6.990,-11.16,-0.21,
33789,105.244276,10.625092,6.830,-3.99,-22.71,
33800,105.271574,-58.940296,6.010,-56.89,147.82,
33804,105.274789,-25.215646,5.640,-4.58,4.65,
33810,105.291057,11.774637,6.770,-0.28,-13.47,
33817,105.306694,-25.948816,6.710,206.58,40.89,
33816,105.306719,54.856760,6.920,-3.32,-32.10,
33823,105.320922,32.414606,6.550,-12.63,-18.24,
33827,105.339149,70.808334,5.690,12.75,-15.80,
33846,105.390038,-27.222953,6.950,-2.96,3.67,
33853,105.415029,-23.501441,6.730,-6.94,4.74,
33854,105.422676,4.818099,6.640,1.75,-1.14,
33856,105.429799,-27.934842,3.490,-6.01,4.64,
33858,105.438357,69.646453,6.640,-0.84,-13.88,
33864,105.446739,-35.547937,6.580,-10.43,7.44,
33868,105.456302,-11.300934,6.540,-3.68,4.01,
33869,105.458007,-10.882374,6.640,-4.59,4.26,
33873,105.470456,-1.345788,6.200,13.72,-39.27,
33875,105.480259,5.557165,6.590,-3.36,-4.18,
33878,105.484971,-5.722081,5.220,-14.49,6.58,
33880,105.487232,63.676970,6.610,-3.96,-18.03,
33885,105.505099,44.448988,6.910,0.42,-7.21,
33891,105.528050,-3.754828,6.580,-1.62,-2.12,
33894,105.531638,-6.022338,6.840,-1.31,-17.55,
33909,105.564491,-43.403869,6.440,1.81,-0.31,
33914,105.572877,15.336069,5.780,4.79,-25.03,
33927,105.603269,24.215447,5.200,-6.46,-0.40,
33929,105.606340,17.755455,5.960,21.03,27.15,
33937,105.638727,16.674465,5.860,-11.92,-7.32,
33957,105.690692,-49.928010,6.860,2.30,12.93,
33961,105.705678,-16.699367,6.770,-6.04,0.56,
33971,105.728248,-4.239238,4.990,-4.73,2.81,
33977,105.756140,-23.833301,3.020,-1.56,4.28,
34000,105.812956,-59.178135,5.500,-9.98,10.93,
34002,105.824706,9.138347,5.960,-23.58,3.06,
34006,105.852531,-52.425366,6.530,-8.52,10.11,
34017,105.876477,29.339093,5.930,155.73,-828.01,
34026,105.894052,2.437317,6.990,-0.28,-1.47,
34033,105.908638,10.951846,5.140,-2.03,-11.98,
34041,105.928813,-25.083921,6.860,-3.30,2.77,
34045,105.939555,-15.633259,4.110,-0.81,-11.20,
34055,105.965013,12.594259,6.010,-6.69,-6.87,
34059,105.973566,-49.584258,4.920,-53.69,139.00,
34065,105.989168,-43.608984,5.560,-102.70,388.95,
34066,105.989411,-10.123767,6.440,-5.44,0.71,
34068,105.993225,40.582147,6.970,-10.77,18.41,
34069,105.995851,-43.612283,6.830,-103.02,396.46,
34070,105.996097,47.049932,6.990,-82.19,10.57,
34081,106.011700,-42.337453,5.200,-18.14,71.48,
34083,106.014686,36.313536,6.700,23.52,-10.55,
34086,106.021876,-5.323971,5.630,-3.57,-3.20,
34088,106.027231,20.570299,4.010,-5.72,-0.96,
34101,106.062780,75.411292,6.990,-5.60,-7.07,
34103,106.071247,37.563991,6.620,-4.79,-10.29,
34105,106.076329,-56.749731,5.140,10.99,2.85,
34107,106.084072,1.488503,6.570,-4.18,-5.13,
34116,106.106387,-10.454379,6.970,-2.21,2.86,
34142,106.196010,-22.031602,6.090,14.49,-35.48,
34152,106.223388,-20.830097,6.890,-1.44,3.84,
34166,106.275395,-21.450261,6.680,-4.90,34.96,
34168,106.287450,47.775043,6.370,0.28,0.09,
34177,106.318303,-50.360138,6.470,-24.40,39.58,
34182,106.326543,22.637481,6.000,-0.95,-9.30,
34200,106.383536,-34.777798,6.150,-41.16,40.13,
34201,106.386356,-40.640545,6.730,7.37,61.12,
34215,106.412504,9.185837,5.780,41.94,-14.99,
34217,106.415945,52.758685,6.170,-34.28,-52.38,
34229,106.446894,31.393281,6.640,-9.05,-0.76,
34234,106.456841,-10.660083,6.500,-2.65,1.21,
34238,106.465063,70.731940,6.490,31.28,-6.71,
34244,106.490192,36.573122,6.880,3.75,-49.79,
34248,106.502052,-30.655729,6.340,-8.22,7.41,
34250,106.505044,59.801857,6.400,22.00,-2.88,
34253,106.509418,-38.382888,6.090,6.64,14.23,
34266,106.548298,24.860178,6.890,8.64,-13.13,
34267,106.548460,34.474087,5.550,-55.00,-49.06,
34270,106.559597,-68.837577,6.470,5.46,-1.30,
34276,106.587201,-43.610781,6.520,5.68,12.22,
34297,106.649865,-12.393953,6.480,-3.72,1.75,
34301,106.669870,-11.294019,5.410,-3.27,1.96,
34318,106.718682,-24.960581,6.090,-12.51,3.76,
34331,106.749961,-26.656763,6.610,-3.32,3.86,
34338,106.777003,4.910598,6.100,-16.25,-6.74,
34339,106.779525,-40.893296,5.800,-10.62,11.30,
34349,106.805421,-51.968388,5.960,-11.91,42.99,
34350,106.817849,-59.716439,6.460,-7.35,9.28,
34351,106.820505,24.168491,6.730,7.28,-22.22,
34358,106.843381,34.009362,5.940,-18.27,-30.43,
34360,106.844121,-23.840734,5.750,-2.55,5.11,
34367,106.853676,28.176696,6.470,-7.19,-0.38,
34370,106.865966,-52.204675,6.600,-20.82,51.31,
34387,106.956187,7.471295,5.740,6.69,-33.29,
34401,106.986949,-4.677876,6.920,-18.27,9.75,
34413,107.014332,-11.923284,6.650,-6.22,2.82,
34416,107.026267,44.039996,6.840,4.16,-5.65,
34417,107.027709,-57.331205,6.870,-16.73,33.65,
34428,107.055325,33.832457,6.310,-7.76,-28.16,
34437,107.090990,16.135076,6.990,24.60,-30.89,
34438,107.091205,-20.859360,6.820,0.72,-5.31,
34440,107.091843,15.930926,5.470,-5.02,-103.52,
34444,107.097859,-26.393208,1.830,-2.75,3.33,Wezen
34462,107.151031,37.445132,6.190,-6.29,-14.94,
34473,107.176423,-70.497340,5.680,17.17,104.08,
34481,107.186769,-70.499194,3.780,23.71,108.06,
34489,107.205854,-24.043800,6.650,-2.49,5.45,
34495,107.212818,-39.655674,4.830,-10.97,7.01,
34497,107.218465,33.933917,6.540,-13.31,-1.41,
34536,107.334377,-10.346574,6.230,-0.64,3.68,
34543,107.354021,-60.380472,6.820,-3.16,49.86,
34546,107.357163,36.563291,6.740,1.25,-18.00,
34559,107.384652,-6.043918,6.960,-10.06,-0.20,
34561,107.389023,-16.234508,6.000,-1.28,-0.58,
34572,107.407432,60.792205,6.640,-10.89,-48.63,
34579,107.429281,-25.231044,5.690,-4.94,3.95,
34588,107.462615,9.308912,6.720,-8.20,-12.62,
34589,107.467455,-16.234727,6.620,-39.52,-0.41,
34597,107.491370,7.724662,6.650,-7.35,-9.18,
34608,107.528284,21.248135,6.430,-174.67,-473.14,
34615,107.536173,62.135936,6.960,0.72,-18.89,
34617,107.538987,-18.685597,6.230,11.68,-16.71,
34622,107.557008,-4.237636,4.910,0.00,217.85,
34624,107.580528,-27.491525,5.460,-9.40,1.87,
34631,107.601950,-55.587692,6.940,-1.46,-9.42,
34670,107.697911,-48.932577,5.120,-17.24,196.97,
34688,107.762746,-3.897995,6.510,-12.25,-8.21,
34693,107.784965,30.245281,4.410,-31.00,-48.40,
34696,107.798211,3.191631,6.730,-17.12,-4.84,
34706,107.820613,-70.119663,6.770,-19.09,90.80,
34718,107.837246,-21.803294,6.920,-14.43,3.62,
34721,107.844281,-39.102216,6.870,-24.85,35.60,
34722,107.846167,26.856669,5.750,-20.57,-33.50,
34724,107.848465,-0.301906,5.440,-27.37,-9.12,
34725,107.854909,-17.331135,6.660,-7.15,5.75,
34735,107.874997,26.405944,6.700,-11.48,-16.59,
34752,107.913718,39.320544,4.910,44.17,2.09,
34758,107.923379,-20.883116,5.840,-9.30,21.62,
34763,107.945174,16.976424,6.500,10.90,-32.91,
34768,107.964127,5.654715,6.070,-12.25,-5.19,
34769,107.966085,-0.492781,4.150,-0.22,6.68,
34776,107.981139,-56.155618,6.670,-23.42,49.92,
34777,107.987585,49.789895,6.670,-12.35,-24.50,
34778,108.004558,43.843043,6.880,-16.60,-26.19,
34780,108.008256,-63.190054,6.030,-2.30,-1.98,
34782,108.017163,-30.821421,6.100,-43.60,23.11,
34786,108.022487,-27.334956,6.920,-8.67,4.23,
34789,108.031268,5.474362,6.150,-20.41,-6.33,
34798,108.050910,-25.942609,5.910,-5.28,8.62,
34802,108.065921,-40.498778,5.300,-18.85,-12.36,
34814,108.100762,-27.474737,6.590,-11.10,-8.84,
34817,108.107625,-36.544400,5.940,-9.76,7.48,
34819,108.109950,24.128703,5.850,-15.74,-44.94,
34834,108.140587,-46.759564,4.490,-135.60,106.79,
34855,108.193076,-57.490695,6.640,-1.23,-12.78,
34860,108.204492,27.225060,6.460,13.25,-97.78,
34881,108.267521,31.965499,6.900,-15.67,-8.95,
34888,108.279981,-11.251361,5.770,-2.75,8.04,
34897,108.303825,47.607031,6.750,-11.42,-81.39,
34899,108.305713,-45.182525,4.870,-24.84,-88.24,
34904,108.326629,-0.259518,6.680,-1.29,-0.31,
34909,108.342779,16.159068,5.070,14.66,-41.80,
34912,108.347472,51.428712,5.460,8.19,13.44,
34913,108.349043,13.762993,6.600,-25.25,-10.17,
34914,108.350040,-22.674146,5.990,24.69,-39.10,
34922,108.384295,-44.640530,4.420,107.12,325.32,
34924,108.401881,-27.356374,6.120,-3.22,5.79,
34929,108.416185,-53.667818,6.700,-9.40,0.19,
34937,108.446814,-31.083643,6.570,-5.41,4.23,
34940,108.451615,-22.905786,6.340,-3.57,3.19,
34942,108.457191,10.690804,6.950,0.22,-10.37,
34943,108.459050,28.494069,6.990,-15.59,-10.47,
34952,108.479519,78.752381,6.930,10.16,29.61,
34954,108.488920,-30.339802,6.320,-4.15,4.33,
34955,108.491482,-50.471620,6.790,-16.53,24.52,
34956,108.491633,71.816539,6.360,23.39,18.54,
34975,108.545295,-3.901759,5.800,-34.21,-8.09,
34981,108.563402,-26.352516,4.420,-6.58,3.89,
34982,108.564678,-9.947539,5.900,-4.69,2.80,
34987,108.583607,3.111421,5.360,-5.21,-3.01,
34995,108.610617,24.711164,6.880,3.05,-10.93,
34999,108.617731,-10.316249,6.020,-3.85,1.55,
35005,108.636043,12.115866,5.710,-50.09,-17.02,
35017,108.653170,-30.655034,6.920,-91.60,55.59,
35020,108.658935,-48.271928,4.750,-4.18,0.63,
35025,108.674769,24.885202,5.840,54.80,-89.50,
35029,108.691774,-46.849672,5.720,-10.15,0.10,
35037,108.702757,-26.772686,4.010,-11.50,7.67,
35044,108.713284,-27.037924,5.580,-40.79,-29.65,
35054,108.738127,-41.426418,5.950,3.39,9.56,
35072,108.786367,-14.609451,6.970,-18.74,0.21,
35080,108.830884,-0.161293,6.420,-8.17,4.01,
35083,108.837834,-30.686475,5.360,-13.01,11.43,
35084,108.838615,-52.499518,5.960,-42.22,120.13,
35090,108.849999,-42.088031,7.000,-10.65,6.39,
35095,108.871273,-58.542640,6.840,-26.04,7.07,
35113,108.907369,45.409541,6.510,-9.33,-22.48,
35120,108.914234,7.977737,5.780,23.64,2.20,
35127,108.930100,-10.583603,5.950,29.20,-1.01,
35132,108.947104,-23.740312,6.340,-14.06,12.83,
35136,108.958805,47.240416,5.540,29.44,-186.12,
35146,108.979249,59.638096,5.200,-101.07,-258.69,
35149,108.984488,-16.235373,6.870,-7.82,11.81,
35152,108.988231,27.897427,5.750,-14.07,-3.24,
35180,109.060751,-15.585655,5.460,-44.29,-14.07,
35181,109.064467,-46.774611,5.640,1.64,32.07,
35188,109.080793,-32.041747,6.920,-0.66,3.12,
35202,109.132737,-38.318940,5.810,-7.91,4.93,
35205,109.145839,-27.881273,4.660,-12.48,38.83,
35210,109.153487,-23.315602,4.830,-4.91,3.01,
35213,109.159906,-23.311053,6.020,-33.67,46.62,
35219,109.185603,16.147067,6.750,-5.85,21.71,
35226,109.205899,-36.592648,5.030,-10.39,6.21,
35228,109.207628,-67.957172,3.970,-4.11,8.50,
35241,109.238397,-30.896946,6.300,2.31,-27.21,
35253,109.264016,26.689805,6.380,57.22,-131.62,
35261,109.278992,-12.033769,6.720,30.21,-62.58,
35264,109.285684,-37.097487,2.710,-10.57,7.00,
35265,109.289888,33.092475,6.930,-58.27,-173.21,
35278,109.324161,6.680995,6.640,-6.92,-8.07,
35288,109.360899,-38.913441,6.770,-10.62,55.38,
35296,109.373239,-46.980664,6.700,-18.46,585.03,
35298,109.377262,31.698106,6.750,-4.57,-21.65,
35301,109.381989,-6.680026,6.290,-25.31,12.09,
35304,109.390501,52.131115,5.930,-0.63,-17.80,
35310,109.410489,9.292362,6.720,4.44,-114.02,
35317,109.427705,38.876336,6.480,-4.58,-29.33,
35326,109.450054,-26.797559,6.450,-0.73,1.56,
35341,109.509271,40.883363,5.870,-15.04,12.15,
35345,109.517059,30.955927,6.190,-4.90,-22.39,
35347,109.517738,-43.986773,5.860,-9.82,-5.56,
35350,109.523362,16.540475,3.580,-46.09,-37.90,
35358,109.551166,-22.339334,6.700,-2.35,-0.02,
35363,109.576670,-36.733967,4.650,-11.29,1.85,
35384,109.633246,49.464746,5.000,-1.36,3.91,
35385,109.633767,-32.346853,6.990,-3.40,7.50,
35393,109.639666,-39.210307,5.240,-9.95,9.01,
35406,109.659136,-36.742749,5.110,-10.15,5.90,
35412,109.668253,-24.558708,4.880,-2.84,2.68,
35415,109.677033,-24.954384,4.370,-1.82,3.74,
35427,109.713663,-26.585871,5.290,-7.77,6.70,
35431,109.718858,38.673578,6.960,0.04,4.83,
35436,109.731294,0.079483,6.660,7.40,-68.23,
35442,109.758005,-19.280311,6.060,-2.47,3.06,
35444,109.765388,-17.213140,6.790,22.01,-50.20,
35461,109.803199,-24.955722,6.820,-2.70,6.09,
35463,109.807066,-33.727146,6.310,-15.28,-8.44,
35467,109.825418,-58.052360,6.730,20.12,62.23,
35468,109.826736,-17.524879,6.700,-4.89,5.54,
35476,109.843217,2.740720,5.900,-2.18,-10.75,
35487,109.867006,-16.394913,5.700,165.37,-136.41,
35494,109.878254,26.822915,6.960,-12.37,0.74,
35497,109.884656,-61.144998,6.750,-6.65,10.56,
35509,109.948373,7.143091,5.910,61.20,-59.18,
35517,109.970174,59.252939,6.750,-12.85,-26.72,
35544,110.020034,-20.704066,6.990,-5.76,-11.86,
35547,110.028273,-3.914532,6.700,2.33,2.73,
35548,110.028498,15.142972,6.450,2.59,-18.13,
35550,110.030789,21.982339,3.500,-18.72,-7.76,
35551,110.039899,16.140360,6.880,-8.32,-11.73,
35564,110.089407,-52.311883,5.500,-35.17,147.45,
35567,110.095758,-56.294796,6.570,-27.77,61.59,
35576,110.129470,0.403634,6.880,-6.03,-6.54,
35578,110.135653,-26.700342,6.740,-32.81,43.76,
35589,110.161729,-52.085925,5.380,-8.17,0.46,
35588,110.162588,-52.198714,6.900,-7.94,3.40,
35595,110.182011,3.581676,6.880,-6.28,-5.60,
35603,110.208213,-51.404724,6.790,-28.04,36.86,
35609,110.221229,-22.850440,6.590,-8.64,5.04,
35611,110.228829,-26.963852,6.000,-4.97,5.63,
35615,110.242883,-14.360488,5.590,-10.50,-0.35,
35623,110.262970,42.655999,6.330,-17.59,-35.59,
35626,110.268085,-25.891676,5.870,-11.92,13.44,
35642,110.319975,-8.877543,6.560,19.10,-147.15,
35643,110.323081,45.228170,5.740,-49.53,12.12,
35648,110.342376,-48.527116,6.830,-13.20,22.25,
35660,110.368729,-28.191219,7.000,-25.64,9.31,
35662,110.378730,37.663041,6.880,0.39,-107.40,
35669,110.394302,-5.897194,6.600,-1.76,3.10,
35676,110.421324,-61.951482,6.920,-22.41,28.98,
35690,110.461430,75.089630,6.960,-34.03,-45.49,
35699,110.487081,20.443716,5.090,-62.05,-23.95,
35707,110.508537,-8.979412,6.420,9.39,14.23,
35710,110.511202,36.760638,5.120,-98.60,-22.08,
35712,110.514490,0.177126,5.990,1.92,-2.01,
35725,110.555872,38.996035,6.400,0.92,-37.35,
35727,110.556375,-19.016584,4.940,-1.66,-6.43,
35733,110.568361,-35.916474,6.680,-45.60,96.66,
35735,110.571610,59.901959,6.360,-1.72,15.40,
35737,110.577465,-2.979160,6.230,-0.72,-6.33,
35740,110.581810,-16.311339,6.980,4.17,16.64,
35746,110.596228,-20.506672,6.960,-5.52,3.11,
35749,110.605821,-5.982808,5.830,-12.53,-8.44,
35751,110.617904,0.700952,6.430,38.32,-49.85,
35754,110.628574,-0.259331,6.780,-21.97,-7.03,
35761,110.648568,-32.046025,6.820,-9.10,4.17,
35783,110.711887,55.284393,6.860,-13.47,-30.22,
35785,110.716927,55.281470,5.800,-11.23,-32.04,
35790,110.737640,-55.577438,6.890,-80.43,111.39,
35795,110.752929,-31.923790,5.400,-8.54,3.73,
35796,110.755798,15.358930,6.660,-4.94,6.61,
35803,110.769287,18.273514,6.780,-36.66,-42.00,
35809,110.778843,-70.636671,6.750,-52.44,24.61,
35830,110.831673,-36.340167,6.740,-3.35,8.12,
35842,110.867307,22.945437,6.170,-25.93,-35.94,
35846,110.868976,25.050600,5.040,-66.59,-28.44,
35848,110.870729,-27.834283,5.370,26.39,-4.14,
35855,110.882920,-32.202079,5.410,-7.85,4.55,
35884,110.974417,-17.413382,6.840,-71.33,-22.13,
35887,110.976821,-30.217021,6.610,-5.51,4.25,
35893,110.993091,-35.837861,6.320,-9.57,15.37,
35904,111.023771,-29.303120,2.450,-3.76,6.66,
35906,111.033331,-28.827896,6.790,-7.02,5.91,
35907,111.035295,40.672441,5.230,-3.35,-21.11,
35910,111.039515,-58.492283,6.580,-87.79,137.52,
35920,111.071821,-22.912765,6.200,-4.42,2.79,
35922,111.072732,-18.348274,6.950,-23.70,46.95,
35929,111.102411,10.245690,6.900,-12.02,-9.09,
35933,111.115204,15.517199,6.470,-1.48,-1.52,
35941,111.139350,27.637819,5.770,14.32,15.45,
35946,111.154640,-71.470756,6.490,7.69,40.95,
35951,111.167460,-16.201424,5.180,-4.65,-20.15,
35957,111.182784,-31.808926,5.350,-21.37,8.73,
35960,111.197351,-37.291261,6.140,-13.16,27.81,
35975,111.212017,-19.012289,6.240,-3.04,3.83,
35984,111.237828,51.887344,5.800,9.46,-35.14,
35987,111.242455,11.669560,5.370,-16.29,-14.91,
35995,111.278354,-14.883232,6.760,-19.22,3.90,
35997,111.283200,-21.173864,6.800,-1.57,4.25,
35998,111.285155,-13.751976,5.790,-202.90,-0.91,
36017,111.333235,-21.982598,6.040,-1.61,2.98,
36019,111.341544,81.257533,6.300,-2.30,-31.84,
36024,111.355306,-25.217765,5.790,-8.66,-0.89,
36034,111.390597,-19.437748,6.900,-3.91,2.75,
36035,111.397066,20.495198,6.920,-1.74,-23.82,
36039,111.409119,-79.094203,5.540,-29.88,5.95,
36041,111.412078,9.276118,4.990,-2.95,-8.65,
36045,111.429107,-31.738732,6.320,-8.83,4.62,
36046,111.431984,27.798286,3.780,-121.28,-84.43,
36055,111.463349,-5.774954,5.980,-6.02,-2.92,
36056,111.466532,48.547833,6.770,-2.76,-27.50,
36060,111.475538,18.147502,6.930,0.91,-12.17,
36068,111.483757,-14.178756,6.820,-4.54,-3.49,
36071,111.488443,-2.248353,6.990,-15.83,-47.73,
36080,111.514127,-4.537334,6.780,-3.70,-16.76,
36081,111.515211,-15.665665,6.880,-64.75,-103.65,
36114,111.591065,-51.018496,5.090,-5.50,6.09,
36120,111.605436,-10.089491,6.970,-9.38,-4.11,
36123,111.615866,10.608066,6.380,-35.90,0.21,
36134,111.649283,-13.188979,6.930,-6.48,-1.32,
36140,111.669545,-23.712625,6.620,-11.85,4.69,
36141,111.671737,11.008858,6.390,-5.49,-10.39,
36143,111.676965,-34.140708,5.900,-8.10,6.36,
36145,111.678587,49.211645,4.610,-10.79,-48.57,
36152,111.710204,21.535711,6.540,-312.96,-27.00,
36156,111.734704,20.257582,5.940,2.26,-10.36,
36163,111.743874,43.258445,6.660,-0.89,-11.12,
36168,111.747863,-23.086033,5.650,-6.65,4.04,
36186,111.783298,-17.864865,5.600,-3.27,1.56,
36188,111.787801,8.289409,2.890,-50.28,-38.45,
36189,111.787998,11.955006,6.580,-7.47,-4.39,
36207,111.850002,39.315236,6.990,-93.91,-71.22,
36210,111.857222,-51.402595,6.720,-285.30,-2.47,
36211,111.857680,66.331642,6.470,-3.27,-28.93,
36224,111.892131,38.666146,6.920,-11.97,-33.28,
36225,111.893698,-18.491876,6.920,-4.76,-4.78,
36232,111.918929,22.141472,6.780,-9.20,-5.10,
36236,111.928911,-22.859198,5.980,-1.28,-0.42,
36238,111.934977,21.445549,5.200,-49.56,-123.90,
36251,111.965261,-11.556862,5.790,-2.13,-2.31,
36258,111.996531,-29.155902,5.550,-10.12,2.32,
36260,111.998913,-2.882146,6.890,11.82,-13.94,
36264,112.008006,-26.838996,6.260,11.75,9.03,
36265,112.008653,6.942077,5.220,-3.38,-44.85,
36281,112.036058,46.521813,6.860,-12.73,-48.78,
36284,112.040956,8.925504,4.330,-59.29,10.76,
36287,112.047569,-58.072883,6.520,0.93,4.52,
36304,112.095764,-37.810054,6.540,-0.58,-46.85,
36320,112.143116,-10.043758,6.630,-10.20,2.84,
36325,112.166216,27.552880,6.360,17.01,24.23,
36328,112.171001,-29.118623,6.670,58.37,-23.17,
36334,112.181548,47.920931,6.660,-40.45,-73.00,
36340,112.196908,15.109860,6.230,-7.54,-15.35,
36345,112.213165,-31.848412,5.950,-11.55,4.40,
36346,112.214173,-64.509784,6.380,5.36,-8.40,
36348,112.214521,48.184038,5.700,-3.18,-44.36,
36351,112.219422,46.314777,6.420,-41.60,-65.70,
36355,112.236201,-34.918390,6.920,-8.53,7.61,
36362,112.270505,-31.456230,5.780,-10.44,5.47,
36363,112.273796,-38.812105,5.410,-21.01,16.42,
36364,112.274113,-18.875220,6.940,-5.19,2.23,
36366,112.277540,31.784079,4.160,159.33,193.82,
36371,112.297216,12.760067,6.580,-7.92,-18.61,
36374,112.303608,11.581236,7.000,-27.36,10.08,
36377,112.307826,-43.301891,3.250,-59.86,188.73,
36388,112.327814,-1.905307,5.600,-11.58,-9.00,
36389,112.328563,6.582091,6.580,-49.09,8.49,
36393,112.335264,28.118404,5.070,-33.30,-52.91,
36395,112.341569,-14.998095,6.050,-187.77,-231.28,
36396,112.342128,-10.326657,5.750,-6.96,-2.73,
36399,112.356708,-7.551474,5.860,50.78,125.93,
36411,112.378050,19.633181,6.730,16.71,-3.67,
36425,112.449092,12.006611,4.550,1.26,-19.26,
36429,112.453255,27.916199,5.010,-23.96,-21.67,
36431,112.464226,-23.024299,4.850,-2.65,4.94,
36439,112.482736,49.672662,5.350,110.40,-82.01,
36444,112.498937,-52.651288,5.870,-22.51,53.54,
36452,112.509017,-19.526649,6.720,-1.71,-0.80,
36463,112.543004,38.169615,6.990,24.73,-59.62,
36474,112.577395,-40.989173,6.550,-14.00,-17.88,
36489,112.619154,-50.609014,6.550,1.16,17.52,
36492,112.621183,2.262260,6.960,-4.17,-2.76,
36496,112.628776,-54.399432,5.950,13.27,27.46,
36499,112.640035,5.254661,6.910,-9.29,-8.31,
36515,112.677398,-37.339492,6.660,-87.82,53.80,
36514,112.677542,-30.962283,4.650,-11.74,0.84,
36521,112.697787,-9.776898,6.810,-1.39,3.30,
36526,112.713073,-5.226486,6.240,-6.36,-3.18,
36528,112.719581,68.465727,5.630,-2.22,-43.68,
36536,112.736647,51.998767,6.790,-2.97,-18.40,
36539,112.744627,-10.107519,6.600,-0.28,-2.60,
36541,112.746296,-2.164876,6.960,-7.19,-4.97,
36547,112.768668,82.411569,4.920,-3.71,-42.31,
36553,112.786644,11.203013,6.380,-17.74,-14.15,
36565,112.822324,-1.125858,6.570,4.55,-8.13,
36569,112.833003,-14.965577,6.950,-8.41,-9.31,
36582,112.857402,-36.153273,6.660,-13.11,7.04,
36595,112.900517,62.501894,7.000,-11.34,-25.71,
36608,112.927943,-35.887824,6.610,-4.98,4.15,
36616,112.951545,17.086229,5.450,42.65,-75.39,
36624,112.981933,38.896124,6.560,-39.16,-23.09,
36629,112.992438,-5.942646,6.840,-9.41,-3.48,
36631,112.996873,12.661398,6.510,1.08,-39.40,
36634,113.009319,61.758073,6.680,-16.98,-118.83,
36636,113.011232,2.725429,6.860,-22.77,-10.86,
36640,113.024238,-8.880919,5.900,-92.20,-167.52,
36641,113.024792,1.914482,5.240,-2.12,-0.56,
36657,113.092839,-35.961199,6.350,-13.83,4.24,
36663,113.143872,21.407846,6.810,-8.45,-37.22,
36682,113.192321,-53.555262,6.980,-8.59,8.16,
36687,113.205690,-2.034346,6.820,-27.18,-11.03,
36690,113.211000,22.887644,6.540,-20.77,-15.73,
36721,113.290740,-24.710780,5.840,-1.83,20.07,
36723,113.298647,3.290275,5.590,-15.73,42.84,
36728,113.304877,-40.058536,6.270,-15.99,5.72,
36729,113.305510,-43.086136,6.530,2.48,-26.05,
36732,113.331457,-19.412354,5.640,24.10,-70.23,
36735,113.340880,-68.768499,6.600,-5.25,-11.21,
36736,113.342447,-14.338307,6.210,-3.50,-0.10,
36739,113.352659,15.639148,6.640,-16.01,-7.13,
36740,113.353453,37.187883,6.400,-0.55,5.87,
36745,113.363840,-50.584268,6.690,-2.96,5.30,
36746,113.364566,11.011751,6.800,-14.52,-16.10,
36760,113.402079,15.826692,5.270,-29.28,-12.62,
36773,113.449866,-14.523901,4.820,-7.73,3.62,
36775,113.459372,-43.113730,6.680,0.24,-0.33,
36778,113.462706,-36.338402,5.420,-8.59,4.11,
36779,113.464699,51.314201,6.440,-11.48,-22.56,
36780,113.468267,-28.567747,6.770,-27.43,15.09,
36787,113.492966,-39.905932,6.760,-41.43,51.72,
36795,113.513358,-22.296181,4.440,-40.38,46.84,
36796,113.520757,10.568114,6.280,-30.67,-15.31,
36807,113.553603,-33.463584,6.110,-55.92,63.25,
36808,113.553994,-20.137419,6.930,-6.51,2.68,
36809,113.555020,-16.188090,6.720,-79.31,132.72,
36812,113.566225,3.371736,5.830,-3.19,-4.53,
36817,113.577808,-23.473663,5.060,-88.67,0.97,
36837,113.620224,-26.116782,6.640,-18.92,-29.66,
36836,113.620490,-13.870405,6.710,-35.10,94.51,
36841,113.631622,28.686577,6.660,2.06,0.08,
36848,113.645106,-27.012449,5.780,-46.86,71.46,
36850,113.650019,31.888636,1.580,-206.33,-148.18,Castor
36856,113.664936,-51.474538,6.290,-4.78,8.53,
36858,113.665942,80.896690,6.540,-5.60,3.04,
36863,113.682252,-44.692054,6.770,-13.82,38.52,
36869,113.692593,2.725512,6.550,-21.26,-6.44,
36875,113.712815,-44.296148,6.810,-17.74,2.31,
36882,113.739329,3.276517,6.560,-46.71,33.35,
36884,113.747934,4.439521,6.820,-2.84,-2.25,
36893,113.780877,48.680756,6.970,4.14,46.62,
36896,113.786738,30.960910,5.340,-25.16,5.83,
36914,113.840254,-74.275008,6.330,-3.63,20.78,
36917,113.845572,-28.369278,4.650,-66.90,-18.71,
36918,113.848169,-15.382512,6.960,-0.84,6.48,
36919,113.849910,28.627645,7.000,-3.44,7.89,
36922,113.855180,7.579970,6.660,-25.89,-8.87,
36934,113.889945,-26.628694,6.620,-16.68,17.74,
36942,113.915417,-52.533808,4.930,23.44,-11.57,
36961,113.976538,-23.548702,6.780,3.29,-3.05,
36962,113.980718,26.896003,4.060,-39.58,-108.08,
36965,113.983327,43.031087,6.370,-26.13,-52.69,
36977,114.006746,-55.887733,6.390,-14.56,10.37,
36980,114.014444,-57.296031,6.640,29.74,64.13,
36981,114.016240,-14.492773,5.660,-6.29,0.88,
36982,114.017454,-77.634148,6.720,3.24,16.23,
36986,114.030921,-22.160477,6.400,-15.80,-11.47,
36992,114.057416,-44.957583,6.900,30.00,-17.77,
37000,114.069455,-8.311310,6.270,46.40,3.17,
37007,114.080273,-69.056576,6.880,-5.03,14.68,
37013,114.108758,-54.187197,6.820,9.86,-10.75,
37023,114.131910,46.180368,5.660,-28.39,-32.92,
37025,114.132600,-25.332794,6.850,-4.60,4.74,
37031,114.144875,5.862104,5.890,-108.76,27.66,
37036,114.170995,-19.702353,5.690,-8.12,6.20,
37037,114.171900,-14.443619,6.700,-6.05,1.13,
37043,114.183024,-48.830170,5.690,-7.55,0.87,
37046,114.196028,55.755155,5.930,-10.87,-39.00,
37065,114.250551,-21.394030,6.690,-52.32,35.99,
37069,114.264614,-26.816315,6.890,3.28,-62.99,
37072,114.272751,20.157077,6.730,24.74,-115.87,
37074,114.273889,16.904255,6.940,-3.43,-1.41,
37088,114.319711,-4.111022,5.140,-67.41,17.74,
37089,114.320555,-23.775412,6.340,-5.45,5.48,
37091,114.324190,40.025502,6.340,-15.06,-48.99,
37096,114.342167,-34.968570,4.530,-13.65,16.53,
37107,114.377085,18.918017,6.850,-15.34,-86.65,
37111,114.385205,60.538607,7.000,-2.78,4.76,
37119,114.411687,-14.440765,6.530,-6.59,1.67,
37121,114.417326,22.340161,6.960,-3.97,-42.20,
37122,114.423335,1.928395,6.890,-0.09,-1.36,
37127,114.436738,-35.277204,6.590,-28.72,19.41,
37128,114.437624,-38.010572,6.380,-12.05,60.26,
37135,114.459587,14.340636,6.760,-27.51,-8.31,
37136,114.462021,14.042202,6.790,29.56,-93.29,
37138,114.464866,-6.958000,6.970,-7.18,-3.65,
37140,114.474495,48.773911,5.930,-32.62,-28.48,
37145,114.489867,-32.131179,6.700,6.22,-34.96,
37149,114.506471,-8.126228,6.920,-6.24,-9.47,
37165,114.559845,24.360393,6.370,10.84,19.90,
37173,114.575197,-25.364788,4.690,-2.28,-6.70,
37174,114.575882,-48.601448,5.680,-4.18,5.13,
37179,114.586383,33.186812,6.840,-3.00,-21.40,
37184,114.600100,-39.991958,6.610,-12.21,1.58,
37196,114.620075,66.235231,6.950,6.44,-25.84,
37202,114.635525,-38.781401,6.200,17.02,-35.32,
37204,114.636816,35.048484,5.580,37.26,27.28,
37209,114.655701,-56.229365,6.790,-3.72,11.56,
37223,114.682935,-36.496842,5.780,-6.84,4.84,
37229,114.707839,-26.803892,3.800,-17.00,23.08,
37243,114.736589,-0.260421,6.760,-4.02,-8.17,
37248,114.751398,-53.273380,6.060,-17.58,9.42,
37261,114.779607,-18.678404,6.720,-14.65,4.98,
37265,114.791485,34.584633,4.890,-35.97,-118.03,
37269,114.800031,24.222528,6.180,-2.26,0.18,
37271,114.801955,53.900791,6.660,-9.39,-80.14,
37276,114.820012,-49.051405,6.970,-5.38,3.53,
37279,114.827242,5.227508,0.400,-716.57,-1034.58,Procyon
37283,114.840337,50.528686,6.890,-79.58,-61.14,
37289,114.850819,-16.847255,6.400,0.13,-15.29,
37293,114.862436,-26.863095,6.500,-3.96,-3.19,
37297,114.863975,-38.308060,4.840,-21.35,16.03,
37300,114.869130,17.674516,5.040,2.26,1.34,
37304,114.874388,-26.918986,6.780,-4.98,-1.13,
37322,114.932623,-38.139328,5.730,-22.54,16.90,
37329,114.949511,-38.260676,5.760,-10.37,9.71,
37339,114.975407,32.009824,6.160,-15.06,-39.74,
37345,114.991632,-37.579413,5.990,-1.41,-3.89,
37364,115.056380,-19.660890,5.920,-3.67,11.85,
37365,115.056650,41.163483,6.830,-4.78,4.99,
37369,115.061343,38.344567,5.770,-40.19,-11.53,
37372,115.081290,-78.387571,6.640,-50.49,76.47,
37373,115.083179,-39.420887,6.660,-10.06,-68.29,
37375,115.087581,-11.752518,6.430,-8.32,-14.00,
37379,115.096717,-15.263852,4.980,-2.27,-28.04,
37385,115.109446,-30.079762,6.950,-18.43,18.53,
37391,115.129548,87.020156,5.050,-53.48,-26.85,
37394,115.147965,-8.185358,6.010,21.28,-29.37,
37399,115.180825,-27.945367,6.760,-7.33,4.85,
37404,115.196609,13.771270,6.230,-2.73,-7.88,
37405,115.204289,4.072042,6.510,-21.89,-93.25,
37406,115.206491,57.082875,6.090,-24.11,-4.35,
37414,115.217979,-54.707044,6.690,-28.24,24.60,
37415,115.219160,-31.661173,6.600,-1.92,3.08,
37428,115.243845,23.018558,5.930,-7.21,-13.04,
37441,115.301856,48.131852,5.580,-52.69,-130.99,
37447,115.311986,-9.551083,3.940,-74.80,-19.64,
37450,115.315950,-38.533572,5.410,-20.74,16.34,
37461,115.340516,-44.632179,6.410,-0.10,4.56,
37465,115.348022,-22.336752,6.160,3.95,12.85,
37478,115.396486,3.624827,5.950,-2.20,-20.11,
37495,115.440403,-22.404208,6.900,-38.29,54.31,
37501,115.449571,54.765789,6.820,-8.78,-2.51,
37504,115.454983,-72.606135,3.930,33.38,15.29,
37508,115.466118,13.480514,5.790,-35.61,-24.95,
37514,115.491847,-38.528394,6.540,-17.80,16.15,
37519,115.504928,-32.079598,7.000,3.27,-24.99,
37521,115.513413,14.208530,5.550,-0.98,-10.81,
37524,115.527783,-30.186324,6.950,-6.66,5.07,
37530,115.542599,-58.630935,6.400,-5.40,7.03,
37533,115.548473,-55.178982,6.930,-5.32,8.35,
37545,115.580603,30.167866,6.690,-9.71,-8.56,
37580,115.681696,34.000225,6.050,-83.50,-2.81,
37590,115.700643,-26.351254,5.640,-2.51,-29.55,
37599,115.722353,-58.230152,6.200,-31.96,38.73,
37603,115.734539,-21.994434,6.820,77.01,-119.02,
37606,115.738171,-45.171773,5.040,-77.76,-553.41,
37608,115.745608,-17.061677,6.530,-6.70,30.14,
37609,115.751907,58.710487,4.930,-36.99,-52.11,
37611,115.762766,-27.668410,6.930,-23.20,13.56,
37614,115.772574,0.189364,6.170,0.94,-12.89,
37616,115.778395,-38.863690,6.890,-11.50,4.61,
37617,115.779064,-49.992960,6.560,-0.33,-14.11,
37623,115.799992,-36.050124,5.600,-21.14,14.17,
37629,115.827855,28.884072,4.230,61.84,-231.26,
37632,115.834062,-22.298575,6.940,61.29,-2.83,
37634,115.838359,4.945801,6.500,-23.34,-16.04,
37635,115.839760,-52.164503,6.690,-61.68,164.39,
37636,115.842480,22.399432,6.250,-22.55,16.32,
37643,115.873459,-54.241329,6.880,-0.04,13.32,
37645,115.879561,3.486065,6.970,16.84,-81.05,
37648,115.884982,-28.410957,4.630,-13.62,29.79,
37655,115.905600,-4.707904,6.910,-31.26,-1.32,
37660,115.912969,-25.503839,6.560,-4.22,1.47,
37664,115.924282,-40.933330,5.120,131.14,-171.23,
37666,115.928880,-38.201917,6.420,-21.41,15.59,
37675,115.949657,-40.309328,6.580,-6.30,1.14,
37677,115.951967,-28.954835,3.940,-4.57,3.88,
37701,116.017449,50.433861,5.310,-9.29,-27.78,
37704,116.028848,25.784211,5.300,-13.40,-21.21,
37705,116.031851,2.405443,6.460,-18.14,-8.60,
37710,116.040597,-36.062713,5.800,-79.39,85.83,
37718,116.052569,-50.457075,6.640,-113.83,143.25,
37720,116.054569,-69.821616,6.160,-46.70,9.56,
37723,116.058609,12.860116,6.400,-14.56,-18.44,
37740,116.111952,24.398129,3.570,-22.45,-56.24,
37751,116.142386,-24.674092,5.620,-4.27,5.23,
37752,116.142497,-37.942955,5.890,-22.23,15.72,
37765,116.167633,-47.008492,6.760,-12.74,8.55,
37773,116.182823,-66.072048,6.370,-15.97,47.43,
37789,116.234043,39.558029,6.740,27.78,-683.88,
37803,116.269921,-37.887883,6.530,-11.98,5.13,
37811,116.288906,20.316049,6.530,-3.95,-1.33,
37815,116.301288,-4.453858,6.810,5.87,-42.77,
37819,116.313766,-37.968598,3.620,-10.77,5.97,
37823,116.325211,-43.752559,6.020,-9.37,-2.77,
37826,116.330683,28.026310,1.160,-625.69,-45.95,Pollux
37838,116.364089,-37.596314,6.990,-23.45,15.65,
37843,116.371424,-14.690485,6.060,-15.08,-21.41,
37853,116.396575,-34.176551,5.360,-220.83,1722.89,
37854,116.398005,-56.722597,6.100,-3.99,10.95,
37880,116.466077,-24.256069,6.730,-7.57,4.34,
37891,116.486986,-14.563820,5.030,-11.17,6.28,
37901,116.509006,-6.772285,5.490,48.91,-93.07,
37906,116.515061,-23.141595,6.950,-107.57,-23.35,
37908,116.531224,18.510169,4.890,-75.55,-51.53,
37915,116.543995,-37.933700,5.870,-19.53,12.37,
37917,116.558344,51.025660,6.970,4.24,5.69,
37921,116.567580,10.768311,5.250,-30.87,-24.45,
37932,116.600407,-49.241146,6.950,-28.17,41.43,
37934,116.614423,62.830671,6.500,-36.98,-61.01,
37938,116.639323,-40.059529,6.560,-4.46,6.87,
37939,116.639374,-37.772493,6.310,-50.16,-31.50,
37946,116.663580,37.517363,5.150,30.18,12.70,
37949,116.666830,65.455631,5.930,28.15,18.39,
37951,116.686333,-12.675313,6.390,-10.32,-0.08,
37966,116.736273,-52.347178,6.930,-11.96,7.75,
37975,116.751811,64.052015,6.780,-13.27,-35.69,
37982,116.774059,-39.331033,6.330,-22.17,15.50,
37983,116.779974,-41.503740,6.930,-2.81,5.33,
37995,116.802327,-22.519535,5.900,-7.61,10.34,
37996,116.810914,-36.073666,6.460,-34.73,27.05,
38010,116.854166,-38.511156,5.070,-9.94,4.69,
38016,116.876403,33.415767,5.140,-18.81,-28.63,
38017,116.877264,-81.596535,6.790,-32.21,42.56,
38020,116.881291,-46.608509,5.220,-3.57,7.95,
38028,116.896726,-47.012977,6.980,-4.14,9.85,
38031,116.910532,-15.990697,6.310,-1.61,3.64,
38037,116.938386,-16.014481,6.380,-7.78,-0.76,
38048,116.986592,-12.192893,5.480,-104.67,77.39,
38062,117.014248,5.409875,6.610,-1.24,-26.07,
38070,117.021562,-25.937181,4.400,-10.22,4.92,
38074,117.035625,-40.652313,6.140,-3.35,-26.58,
38079,117.052033,-24.577214,6.850,-30.45,6.36,
38081,117.062748,-54.714270,6.620,9.22,-6.03,
38087,117.081272,-56.471093,6.300,-4.63,7.26,
38089,117.084365,-47.077532,4.690,-101.31,-78.38,
38092,117.094159,18.336835,6.700,17.34,-20.38,
38101,117.120008,28.764246,6.860,13.28,-0.65,
38106,117.140191,23.140984,6.180,-10.88,-2.04,
38118,117.173870,-31.617837,6.970,-16.18,10.96,
38135,117.223772,18.190350,6.910,-10.90,-37.90,
38140,117.245800,4.333704,6.550,-19.58,-2.23,
38146,117.257069,-24.912243,5.320,-34.68,14.71,
38147,117.257558,13.371888,6.070,38.53,-7.86,
38150,117.275735,-11.181158,6.730,-83.02,21.17,
38152,117.278010,-56.410385,5.570,-6.58,10.20,
38159,117.303610,-46.857741,5.820,-3.32,9.67,
38160,117.303942,-60.284029,5.780,-37.41,140.08,
38164,117.309579,-46.373227,4.100,-4.62,9.04,
38165,117.309631,-40.701077,6.530,-9.52,5.38,
38167,117.311056,-35.243308,5.940,-6.14,8.88,
38170,117.323578,-24.859784,3.340,-5.56,-0.71,
38183,117.367979,-44.751227,6.320,-41.68,28.68,
38184,117.370037,-13.352921,6.230,-2.38,-10.94,
38196,117.384655,12.814295,6.420,-6.84,-18.53,
38200,117.397619,-33.288954,5.610,-37.43,1.79,
38206,117.416580,-14.085357,6.340,-5.81,-0.90,
38209,117.419996,-19.505484,6.490,-59.12,-14.15,
38210,117.420817,-66.195973,5.780,-1.81,-0.58,
38211,117.421534,-17.228123,5.170,54.17,-117.17,
38216,117.438688,-20.207315,6.540,-35.11,-129.35,
38221,117.448871,26.263848,6.820,-35.98,-10.38,
38222,117.459540,-36.093509,6.760,-7.67,-6.54,
38226,117.478210,-60.051468,6.720,-4.13,10.81,
38228,117.479447,27.363210,6.900,-9.29,-11.84,
38231,117.487592,28.198785,6.770,-3.61,-13.80,
38235,117.496373,-23.798243,6.730,-73.25,-3.98,
38246,117.523641,-19.523562,6.110,-7.60,5.81,
38249,117.532702,60.342088,6.780,-15.42,15.80,
38253,117.544069,-9.183442,5.600,0.02,0.10,
38257,117.556335,39.770784,6.830,-17.07,-20.12,
38267,117.599519,-50.509365,5.890,-66.60,-42.50,
38292,117.677152,-44.579978,6.450,-9.90,13.61,
38300,117.697339,3.277325,6.170,57.66,-29.54,
38301,117.702441,5.859242,6.960,-36.16,27.96,
38303,117.712948,4.459396,6.490,-15.07,48.39,
38306,117.722580,0.079543,6.380,17.04,5.47,
38307,117.730164,-11.128521,6.160,-0.88,-33.20,
38316,117.750342,-24.528486,6.430,-2.86,-29.17,
38317,117.750854,31.613635,6.830,-13.23,-41.00,
38319,117.759872,33.233636,6.060,-17.78,7.02,
38325,117.773961,54.129111,6.030,-40.30,53.28,
38331,117.776300,-18.247334,6.590,-27.81,17.05,
38345,117.808239,-47.216434,6.530,-2.77,8.87,
38349,117.813936,37.082154,6.490,-2.06,-28.19,
38355,117.834762,-43.095246,6.340,-5.41,5.88,
38356,117.835353,-9.404700,6.830,-13.29,2.69,
38370,117.918179,-42.888222,6.050,-6.44,8.14,
38372,117.920354,-12.819393,6.370,8.25,-4.96,
38373,117.924987,1.766878,5.120,-13.97,-3.78,
38375,117.929391,-21.173742,5.620,-45.76,33.27,
38382,117.943099,-13.897191,5.160,-68.46,-344.83,
38388,117.954825,-20.720573,6.780,59.50,-29.37,
38394,117.986679,19.325178,6.030,-48.52,-38.20,
38403,118.016221,45.933098,6.500,-32.72,-44.65,
38406,118.029838,3.277534,6.300,49.07,-79.02,
38409,118.035261,36.169264,6.920,-5.24,-33.10,
38410,118.035352,-3.054151,6.940,-39.61,7.50,
38414,118.054356,-40.575799,3.710,-13.89,5.30,
38423,118.065846,-34.706021,5.010,-198.24,238.13,
38427,118.078681,-14.846178,5.690,-7.73,1.34,
38436,118.118113,-13.862583,6.610,52.33,-83.68,
38438,118.123944,-54.367184,5.700,-5.44,8.01,
38449,118.151885,55.209546,6.360,-21.76,-42.20,
38455,118.161055,-38.862822,4.490,-9.49,4.02,
38474,118.199463,-5.428187,5.760,-21.36,-28.80,
38497,118.264643,-36.363774,5.440,-10.82,1.82,
38500,118.265177,-49.613079,4.630,-8.44,14.65,
38512,118.306773,-34.938541,6.640,-6.91,5.34,
38518,118.325679,-48.102948,4.220,-4.90,5.89,
38525,118.337768,28.052023,6.920,1.05,-13.65,
38538,118.374319,26.765859,4.970,-34.02,-31.17,
38551,118.410659,-23.313725,6.950,-8.61,2.15,
38571,118.455355,-26.262103,6.950,-31.67,6.82,
38580,118.494589,-26.348819,7.000,-3.74,2.48,
38584,118.509223,-41.702938,6.850,-7.19,7.63,
38591,118.529937,-18.331033,6.890,-5.76,-0.33,
38593,118.545880,-35.877296,5.480,-3.88,3.41,
38601,118.555434,21.105299,6.840,-0.36,-17.12,
38615,118.606381,-28.105362,6.600,-15.95,7.08,
38623,118.621992,47.385973,6.250,-16.08,3.55,
38635,118.666365,-34.846684,6.140,-16.00,-11.96,
38639,118.678078,47.564592,5.470,-48.40,1.48,
38656,118.722469,-57.302883,5.620,-69.25,31.64,
38667,118.751824,-52.583358,6.360,-13.58,11.49,
38668,118.752512,-23.465378,6.990,-12.30,2.75,
38669,118.758319,12.569507,6.970,-7.57,-5.51,
38682,118.795983,9.349982,6.810,-17.85,-4.92,
38686,118.807778,-30.917711,6.450,-25.93,27.60,
38690,118.815645,-52.902413,6.990,-10.55,38.14,
38707,118.871610,-19.047390,6.840,-4.12,-4.32,
38712,118.880990,8.863057,5.860,-6.92,-89.51,
38718,118.899316,-15.578730,7.000,-109.84,-29.14,
38722,118.916267,19.884067,5.380,-14.67,-39.79,
38723,118.920287,35.412748,6.230,-56.04,-26.18,
38732,118.944148,-43.845058,6.020,-12.42,1.40,
38737,118.958924,-45.980069,6.740,-11.91,5.52,
38748,118.994228,-12.608396,6.570,-30.53,83.02,
38761,119.026950,23.623850,6.810,-26.42,-18.11,
38770,119.048136,-51.338444,6.770,2.55,11.14,
38778,119.064639,29.852066,6.810,-2.78,4.63,
38779,119.065733,-61.099465,6.730,-5.14,13.69,
38783,119.077726,-60.526462,5.740,-4.33,10.59,
38784,119.078631,80.265325,6.550,-475.70,89.35,
38789,119.090478,-20.463249,6.840,-9.56,-11.11,
38792,119.094681,-30.284535,6.280,-1.53,-14.44,
38794,119.099629,4.485585,6.160,-6.42,-7.32,
38795,119.100554,-40.736182,6.780,-5.58,9.15,
38800,119.111351,56.504509,6.710,-10.95,-26.66,
38827,119.194757,-52.982401,3.460,-28.38,16.76,
38835,119.214826,-22.880148,4.200,-29.61,12.28,
38846,119.240872,-43.500424,5.360,-10.60,5.31,
38845,119.240884,-42.406515,6.090,21.49,16.42,
38848,119.247787,15.790382,5.800,-28.28,-41.64,
38851,119.262609,-34.378445,6.860,-2.17,5.08,
38863,119.303169,-63.296881,6.140,-0.61,18.96,
38868,119.316173,8.641276,6.030,-3.43,-23.23,
38870,119.318293,1.127022,6.350,-164.71,2.90,
38872,119.326794,-44.109876,5.080,-11.48,6.92,
38879,119.333651,-47.890729,6.210,-9.12,9.46,
38900,119.415595,77.576478,6.870,3.05,-22.79,
38901,119.417132,-30.334587,4.760,-8.11,7.14,
38902,119.423198,-65.908739,6.690,8.27,7.88,
38906,119.438438,-60.926490,6.860,-4.65,11.61,
38908,119.442936,-60.303361,5.590,518.38,118.86,
38917,119.465556,-45.577745,5.140,-17.29,31.33,
38925,119.478296,-40.784361,6.460,23.32,3.61,
38945,119.524596,7.213555,6.420,-11.96,-10.26,
38957,119.560183,-49.244929,4.470,-7.48,6.91,
38959,119.568886,43.977362,6.360,38.82,4.94,
38962,119.586449,2.224525,5.300,-162.54,99.28,
38963,119.589469,-51.448578,6.440,-42.61,43.90,
38966,119.592963,-60.857746,6.730,-4.02,12.54,
38972,119.626380,2.935876,6.650,1.29,-9.29,
38975,119.631148,16.518690,6.050,-7.30,-4.35,
38981,119.656823,-37.020066,6.990,67.50,-186.83,
38983,119.660202,-27.577485,6.980,5.83,-19.44,
38987,119.688263,5.623270,6.950,-6.85,-0.97,
38994,119.710654,-60.824488,5.770,-4.54,10.73,
39013,119.753064,-48.376321,6.840,-6.62,4.11,
39014,119.757548,-45.215863,5.980,-11.58,7.92,
39017,119.766371,-4.332315,6.980,28.16,-41.95,
39023,119.773844,-23.310403,5.090,-11.74,2.75,
39035,119.801290,-49.976869,6.350,-5.37,7.53,
39038,119.806524,-49.973789,6.370,-10.57,7.29,
39041,119.815739,-73.244122,6.330,-6.77,-20.33,
39061,119.868438,-39.296838,5.220,-78.34,-43.68,
39067,119.896113,13.242205,6.050,-20.60,-16.16,
39069,119.903179,79.861501,6.840,-9.62,-8.48,
39070,119.906443,-60.587089,5.190,-3.52,11.27,
39073,119.917051,-60.207377,6.300,-4.41,10.68,
39077,119.927574,23.182960,6.920,-17.86,-21.58,
39079,119.934103,-3.679578,4.930,-55.17,-1.84,
39084,119.941381,-47.303547,6.710,-5.74,9.65,
39094,119.964137,36.082095,6.500,-26.72,-8.09,
39095,119.966896,-18.399142,4.610,-7.29,-35.07,
39117,120.048984,73.918010,5.370,-8.43,-37.40,
39122,120.061327,-48.981616,6.010,-34.18,43.93,
39137,120.081395,-45.456968,6.620,-3.52,7.00,
39138,120.083205,-63.567503,4.810,-1.88,19.31,
39153,120.120689,-48.871774,6.130,-5.97,2.57,
39157,120.134347,29.215186,6.970,-171.15,-1164.24,
39164,120.151776,12.641809,6.590,7.55,-5.97,
39172,120.183907,-2.881925,6.410,-5.69,2.99,
39177,120.197140,17.308710,5.600,-10.34,-2.73,
39180,120.200405,19.816235,6.300,8.78,-8.03,
39183,120.204674,12.678449,6.790,-7.25,-3.33,
39184,120.208183,-54.151296,5.870,-26.20,8.56,
39191,120.232759,25.392820,5.870,17.78,6.49,
39194,120.253306,23.583161,6.340,-19.63,-28.17,
39198,120.264366,-6.419082,6.450,-76.20,-46.23,
39211,120.305402,-1.392424,4.690,65.97,-75.73,
39213,120.307956,4.879778,5.650,-32.14,18.55,
39221,120.336448,59.047318,5.780,25.30,32.64,
39225,120.346034,-54.515543,6.120,-5.90,5.24,
39236,120.376191,16.455323,5.990,4.25,-5.94,
39238,120.381601,-55.454674,6.280,-15.41,7.45,
39251,120.406366,-37.283732,5.900,-2.31,4.97,
39261,120.427057,60.324408,6.020,-33.56,-22.24,
39263,120.432388,25.089437,6.320,-23.32,11.69,
39271,120.461375,8.913932,6.220,-1.32,24.20,
39272,120.463579,-44.599920,6.560,-2.78,5.70,
39279,120.479996,35.413085,6.340,-25.04,-6.78,
39282,120.488003,-27.214789,6.820,-6.20,1.09,
39286,120.499232,-54.662504,6.670,-35.12,61.06,
39299,120.525549,-37.050075,6.310,3.44,13.11,
39302,120.531262,2.960621,6.790,-7.11,-2.60,
39310,120.564718,-55.540605,6.700,-6.13,4.51,
39311,120.566472,2.334314,4.390,-28.04,105.49,
39313,120.569107,60.993418,6.870,0.96,23.79,
39326,120.608190,-6.337108,6.340,6.27,-11.25,
39329,120.612915,-44.666997,6.540,-13.10,17.39,
39340,120.628429,63.090340,6.090,-12.01,-13.79,
39348,120.649262,57.273771,6.480,-38.28,-59.08,
39352,120.655923,-27.544293,6.890,-10.04,-4.09,
39353,120.656348,-36.401249,6.590,-18.60,8.42,
39355,120.670654,-49.950578,6.610,-25.11,48.63,
39360,120.686620,-41.309865,5.520,-6.11,15.23,
39362,120.693446,-6.322497,6.890,-30.61,13.65,
39371,120.732168,-48.325014,6.640,-6.64,6.89,
39373,120.734263,-40.402571,6.970,-20.64,7.32,
39380,120.767374,-32.463571,5.830,-13.05,9.61,
39385,120.780013,-41.126072,6.830,-29.34,22.85,
39406,120.838242,-69.971617,6.760,-11.38,11.70,
39414,120.860580,37.136729,6.900,-25.15,-18.27,
39418,120.870037,12.181442,6.740,-126.25,-57.91,
39420,120.873417,-42.948321,6.280,-18.55,-2.68,
39421,120.873902,-49.498624,6.630,-57.10,27.99,
39424,120.879580,27.794418,4.940,-28.53,-35.25,
39429,120.896126,-40.003188,2.210,-30.82,16.77,
39433,120.916471,36.344905,6.890,-14.17,-12.60,
39447,120.960430,22.070815,6.840,-42.36,-3.12,
39455,120.971893,-68.936874,6.840,-15.90,10.75,
39477,121.025126,13.687397,6.720,-117.49,50.95,
39480,121.034972,33.030736,6.700,-9.47,3.39,
39487,121.067473,-32.674847,5.250,-5.31,7.48,
39513,121.135478,-17.665526,6.540,-5.06,-7.25,
39514,121.136038,-25.699698,6.350,-16.32,-16.01,
39523,121.167502,39.740800,6.890,-30.37,-22.56,
39524,121.172588,-19.728156,6.120,-5.35,3.36,
39527,121.176698,-50.590400,5.960,-8.61,1.70,
39530,121.178913,-62.836375,6.250,-5.60,11.37,
39535,121.188828,18.842068,6.210,-25.73,-19.63,
39538,121.196609,79.479743,5.390,-36.46,-53.75,
39556,121.244365,-3.495839,6.980,-24.61,12.04,
39565,121.263842,-33.591371,6.620,-31.17,19.84,
39566,121.265445,-53.107914,5.520,2.46,-3.08,
39567,121.268791,13.118371,5.140,-35.20,-63.86,
39584,121.334618,-46.978427,6.180,-6.07,6.43,
39595,121.371562,-10.123043,6.970,0.34,-1.90,
39601,121.388337,13.504172,6.790,0.27,-10.24,
39607,121.404391,27.529763,6.210,5.34,-11.11,
39617,121.437041,-33.569446,6.150,-7.62,4.24,
39621,121.448782,2.165112,6.820,-0.86,-9.64,
39625,121.456839,-0.573323,6.400,-13.47,1.09,
39634,121.495149,-19.892550,6.970,-15.70,15.23,
39639,121.510609,59.248736,6.690,-3.78,10.32,
39659,121.576665,22.635512,5.960,-7.43,-9.03,
39662,121.579936,-38.896838,6.910,1.24,48.28,
39675,121.614233,-9.244470,6.250,-5.84,5.19,
39684,121.650795,-63.516046,6.660,-29.05,54.61,
39690,121.668099,-45.266042,5.040,-5.28,11.00,
39691,121.673387,-48.497413,6.340,-6.95,9.78,
39710,121.751229,-29.402075,6.800,339.59,-354.69,
39716,121.773137,-47.793891,6.970,-14.74,19.87,
39719,121.777052,9.980140,6.810,-13.57,2.85,
39722,121.791473,43.260448,6.350,-12.56,-34.36,
39730,121.816805,-17.368809,6.500,-45.53,26.72,
39734,121.825192,-20.554346,5.330,-10.36,1.65,
39738,121.831063,-48.386615,6.690,-141.02,202.11,
39757,121.886259,-24.304437,2.830,-83.29,46.38,
39769,121.922226,-3.406688,6.860,-3.97,-2.19,
39773,121.924163,-49.010485,6.660,-17.63,7.31,
39780,121.941005,21.581979,5.300,23.08,-67.23,
39794,121.982670,-68.617136,4.350,-29.88,30.58,
39825,122.053809,-61.077223,6.660,-6.43,-10.72,
39827,122.059710,-61.077515,6.770,75.28,190.19,
39834,122.080683,-23.617797,6.560,-9.20,3.08,
39843,122.102711,-63.800834,6.320,-7.68,5.41,
39847,122.114598,51.506676,4.780,-60.10,-2.15,
39863,122.148574,-2.983776,4.360,-16.79,-3.89,
39866,122.156867,-37.681242,6.360,-7.81,8.71,
39874,122.176850,13.640949,6.250,2.56,-13.08,
39876,122.181595,-20.363178,6.370,-7.25,2.25,
39888,122.206694,27.480460,6.880,-8.87,-22.44,
39898,122.236895,-11.339645,6.310,-14.80,-2.04,
39903,122.253577,-61.301706,4.740,-155.04,-297.69,
39906,122.256848,-19.245001,4.400,-9.97,-5.46,
39914,122.277706,-30.322816,6.640,14.04,-18.26,
39919,122.289644,-48.684410,5.660,-10.30,-1.26,
39920,122.292456,-35.455047,6.210,-0.44,13.41,
39938,122.346089,42.430788,6.260,-10.93,-73.67,
39943,122.368916,-16.248907,5.660,-8.83,-6.19,
39944,122.370287,55.255912,6.830,-16.14,-29.79,
39947,122.375541,-51.842833,6.530,-47.38,32.43,
39948,122.376416,32.221160,6.680,35.97,-9.08,
39949,122.377303,-59.541598,6.600,-8.21,8.33,
39953,122.383147,-47.336612,1.750,-5.93,9.90,
39957,122.390132,-56.085475,5.660,1.56,37.14,
39958,122.396621,29.093095,6.470,-10.58,-7.91,
39961,122.399679,-44.122779,5.200,-11.98,2.54,
39970,122.429832,-47.937216,5.230,-6.31,9.60,
39974,122.448752,-42.640823,6.270,-8.72,8.41,
39995,122.515832,58.248423,5.910,-19.45,-74.21,
40001,122.547186,35.455562,6.650,220.16,-236.55,
40007,122.554650,25.844556,6.440,-15.12,-30.84,
40010,122.565066,-22.533268,6.800,-40.67,-14.74,
40012,122.574602,9.168154,6.800,23.48,-5.38,
40015,122.584153,69.724792,6.540,161.36,117.55,
40016,122.585719,-49.237360,6.460,-10.01,5.24,
40023,122.613450,25.508180,5.730,-71.82,-348.06,
40035,122.666569,-13.799347,5.530,-250.56,57.68,
40036,122.668323,2.949546,6.940,-52.77,-25.76,
40057,122.743600,-6.747961,6.710,-52.39,34.30,
40058,122.745408,14.629515,6.220,-22.30,-16.78,
40063,122.757029,-37.292387,6.420,-4.72,5.82,
40070,122.780987,-40.758351,6.690,-14.02,28.43,
40071,122.790340,53.245265,6.790,19.51,-72.84,
40077,122.795019,-48.462004,5.830,-17.24,4.02,
40084,122.818005,-12.927018,4.720,-26.04,8.08,
40085,122.819180,9.821269,6.080,-6.92,-15.99,
40086,122.825135,54.540466,6.480,47.34,-93.70,
40088,122.828204,-45.818145,6.940,-21.44,10.37,
40091,122.839584,-39.618553,4.440,-8.91,3.10,
40093,122.840545,38.731499,6.610,-107.58,-76.02,
40096,122.857903,-42.987289,4.730,-5.33,4.60,
40107,122.887624,-7.772476,5.360,-42.98,-25.84,
40118,122.912344,32.458697,6.780,-460.69,-644.64,
40144,122.972318,-35.773029,6.640,0.40,-0.32,
40147,122.978269,-41.788631,6.700,15.27,-2.24,
40155,122.999880,-46.644370,5.770,-3.65,7.61,
40160,123.025258,-43.400450,6.480,-5.02,4.40,
40165,123.048426,48.959281,6.880,-27.69,4.51,
40167,123.052954,17.648138,4.670,28.29,-150.94,
40177,123.092453,14.004131,6.530,-16.42,-5.60,
40181,123.114050,-36.989246,6.540,-4.71,5.90,
40183,123.128319,-46.264308,6.000,-5.50,9.34,
40188,123.136390,-54.146529,6.970,-17.37,31.57,
40211,123.191365,-29.910851,6.530,-38.71,33.61,
40215,123.203286,68.474054,5.340,-1.05,7.32,
40220,123.214827,-37.924467,6.400,-3.90,-1.24,
40231,123.248903,16.514349,6.030,-10.85,-12.03,
40233,123.267576,-34.578534,6.990,-3.23,2.81,
40240,123.286977,29.656586,5.620,-10.39,-20.48,
40259,123.333229,-15.788215,4.990,-11.52,-2.85,
40262,123.340309,56.527997,6.840,1.00,-58.02,
40263,123.340802,-1.165898,6.480,-28.75,5.39,
40273,123.365806,48.280850,6.840,-30.80,-13.44,
40274,123.373010,-35.899542,4.780,-7.30,10.07,
40282,123.392611,-50.196067,5.520,21.68,-1.96,
40283,123.394697,-31.735752,6.700,-334.52,152.51,
40285,123.400680,-46.991653,5.140,-10.31,10.34,
40291,123.421044,-33.569552,6.380,33.76,9.96,
40293,123.423806,23.137758,6.560,-37.37,-12.03,
40299,123.440243,-46.578695,6.490,-8.26,4.32,
40305,123.459160,56.452318,5.880,-21.44,-29.59,
40307,123.461415,-35.208237,6.910,3.18,-13.10,
40321,123.492992,-36.322300,5.090,-8.66,7.89,
40324,123.494605,-36.340795,6.110,-7.21,7.69,
40326,123.512030,-40.347730,4.420,44.84,-65.79,
40330,123.521352,-44.575868,6.560,26.34,30.38,
40341,123.545997,-32.140728,6.070,-7.01,6.79,
40342,123.546420,17.675920,6.470,0.89,14.75,
40344,123.555372,-35.490072,5.770,-46.16,21.91,
40354,123.587525,13.048340,6.390,-18.85,-18.35,
40357,123.599493,-45.834548,5.860,-8.83,10.71,
40361,123.612688,20.707816,6.930,2.51,-5.51,
40366,123.623587,-40.825881,6.620,-13.36,3.30,
40386,123.677943,-73.807281,6.640,-33.91,42.47,
40393,123.704244,43.035068,6.830,-17.59,-33.35,
40397,123.713521,-46.485911,6.450,-5.24,7.94,
40406,123.732728,-17.276135,6.980,8.09,71.61,
40407,123.736286,-35.688789,6.800,-12.68,35.69,
40429,123.816475,-62.915617,5.160,-26.87,-10.95,
40433,123.846958,-50.449206,6.440,-16.19,-6.68,
40438,123.855082,-52.060161,6.630,-5.40,-57.16,
40474,123.960498,60.380583,6.430,-16.12,7.62,
40476,123.969054,-30.925915,6.220,-49.71,-12.32,
40478,123.970271,-46.312398,6.650,-24.79,47.39,
40485,123.995119,-35.903207,6.150,-8.11,6.59,
40503,124.041125,46.802225,6.810,-10.97,-8.23,
40514,124.072718,-86.557404,6.760,-30.23,45.59,
40520,124.104887,-39.753100,6.980,-5.17,4.70,
40526,124.128951,9.185663,3.530,-46.80,-48.65,
40543,124.185649,-21.882084,6.970,-4.36,3.21,
40556,124.220622,-64.187099,6.670,-15.18,16.90,
40559,124.224841,84.057689,6.450,-9.68,-19.14,
40561,124.225967,-21.320668,6.600,-9.52,7.36,
40570,124.242001,59.189395,6.580,2.66,-12.71,
40581,124.290033,-3.363697,6.720,-6.87,-10.83,
40597,124.326947,4.219154,6.530,-5.43,6.18,
40600,124.331594,-47.920102,6.870,-7.31,8.94,
40604,124.346414,-16.285093,6.320,-11.80,-7.68,
40608,124.368173,-32.870096,6.940,-20.07,20.50,
40617,124.381915,8.866325,6.280,-13.49,-6.50,
40621,124.392542,-58.697520,7.000,-9.95,18.82,
40639,124.442302,-36.067595,6.420,-3.44,1.51,
40646,124.460080,59.571128,5.630,-4.22,1.85,
40655,124.482464,-59.166763,6.470,-49.04,-25.86,
40656,124.492755,-30.003706,6.430,30.08,3.81,
40658,124.497321,6.234071,6.990,-1.24,17.40,
40673,124.553352,-37.374616,6.670,-7.20,3.64,
40675,124.560139,15.677932,6.420,-18.83,-4.71,
40677,124.565873,54.143768,6.260,-21.30,-29.62,
40678,124.572448,-35.451705,5.590,11.40,1.01,
40680,124.578240,-65.613246,5.060,20.70,22.11,
40693,124.599085,-12.629770,5.950,279.30,-989.03,
40699,124.620257,54.563886,6.610,5.64,-17.45,
40702,124.630279,-76.919983,4.050,109.84,106.92,
40706,124.639138,-36.659533,4.440,-111.27,100.62,
40713,124.655604,-14.566393,6.960,-9.00,-11.55,
40743,124.745662,56.254733,6.840,1.61,-7.82,
40749,124.773320,-48.197876,6.450,-14.37,9.39,
40754,124.786249,16.121896,6.980,-10.45,-14.47,
40763,124.809910,-7.558182,6.910,-7.22,7.32,
40766,124.812950,-10.165843,6.310,-44.81,36.90,
40772,124.821599,62.507139,5.730,-20.48,8.41,
40777,124.842771,-20.164279,6.680,-6.48,8.05,
40787,124.872992,-34.590147,6.440,-8.88,4.31,
40793,124.884218,75.756869,5.550,32.28,15.76,
40811,124.939334,-37.417757,7.000,-5.43,4.82,
40817,124.954148,-71.514996,5.330,-17.29,37.04,
40818,124.957701,3.948086,6.040,26.42,-22.09,
40822,124.974700,-12.856956,6.770,-40.31,2.58,
40823,124.982601,39.884716,6.760,-14.40,-6.39,
40824,124.990869,-51.941972,6.750,-44.04,50.62,
40834,125.002330,-71.505462,5.630,-17.73,35.09,
40843,125.016135,27.218621,5.130,-18.38,-376.26,
40846,125.020265,-31.097787,6.900,-20.12,-3.98,
40858,125.054069,-0.909103,6.180,39.29,-86.53,
40859,125.070885,-5.329824,6.120,14.92,-43.27,
40866,125.087219,20.747832,5.800,64.81,-45.59,
40875,125.108322,57.743245,5.890,57.08,13.92,
40876,125.113995,-22.924680,6.120,-16.72,0.15,
40878,125.121497,53.574352,6.500,-64.92,-107.12,
40879,125.121721,9.400169,6.930,-36.74,-21.25,
40881,125.133955,24.022357,5.920,-20.67,-17.84,
40888,125.162033,-77.484576,4.340,-129.09,40.78,
40889,125.167982,72.407293,6.000,2.52,-24.97,
40916,125.252003,-52.228017,6.630,-21.54,19.64,
40926,125.281869,-64.105954,6.110,-7.58,-19.95,
40932,125.300425,-57.973230,5.960,-3.07,4.24,
40940,125.328324,-14.975852,6.810,-2.54,-13.66,
40941,125.334540,-1.601961,6.520,-10.60,-30.38,
40943,125.337706,-36.484194,5.180,-8.04,6.98,
40944,125.338435,-20.079012,5.580,-2.58,-18.81,
40945,125.345976,-33.054372,4.830,-11.31,2.38,
40947,125.350751,-39.620730,6.150,7.33,6.47,
40965,125.401257,-11.045673,6.850,-1.45,-3.60,
40990,125.477760,-17.586300,5.710,-92.42,-13.93,
40993,125.487473,-10.748134,6.780,9.34,6.53,
41003,125.518841,-73.400059,5.280,-31.12,30.19,
41006,125.534103,-40.991557,6.960,3.21,41.93,
41011,125.539591,74.820254,6.400,48.34,45.30,
41012,125.547965,2.151456,6.790,7.07,-18.98,
41036,125.625830,-6.179160,6.140,-59.21,0.80,
41037,125.628603,-59.509538,1.860,-25.34,22.72,
41039,125.632078,-48.490397,4.790,-6.28,6.81,
41040,125.632899,16.162532,6.660,-21.74,-16.49,
41060,125.683578,60.631241,6.420,9.13,-2.12,
41067,125.695294,-13.054679,6.130,-39.54,-47.09,
41068,125.697732,-0.867564,6.950,-26.44,-9.40,
41074,125.708082,-26.348235,5.880,-5.06,6.20,
41075,125.708875,43.188372,4.250,-25.62,-99.44,
41080,125.725422,-7.543136,5.920,-9.84,6.28,
41081,125.729916,-52.123777,5.890,-22.75,19.48,
41107,125.820558,-38.286064,6.280,0.59,-6.17,
41117,125.841131,18.332280,5.940,-53.59,-33.05,
41131,125.877986,-30.801335,6.930,-9.38,4.98,
41152,125.952205,53.219951,5.520,-27.58,-98.39,
41154,125.955751,-28.970307,6.640,-1.86,10.51,
41163,125.980036,10.632116,6.110,3.69,-22.13,
41166,125.984150,-1.497965,6.910,-14.27,-18.12,
41174,126.035171,-19.135683,6.880,-58.06,-69.98,
41191,126.084925,-80.914720,5.670,-151.92,213.07,
41208,126.137945,82.430822,6.280,-19.31,-25.90,
41211,126.146408,-3.751177,5.610,-211.00,-25.83,
41214,126.151752,-4.716863,6.030,25.73,-56.30,
41223,126.170812,-55.364390,6.810,-15.85,14.04,
41224,126.178194,42.005218,6.020,9.02,9.84,
41236,126.219954,-23.689248,6.970,-49.83,59.15,
41239,126.221690,76.964838,6.960,31.10,17.08,
41242,126.229985,-23.153817,5.670,-26.59,29.66,
41250,126.238398,-42.769850,5.970,-12.12,6.83,
41252,126.243225,-15.294200,6.760,-34.82,23.16,
41255,126.251674,-12.764790,6.890,-9.73,2.36,
41257,126.254445,9.426017,6.760,-10.10,15.99,
41260,126.265657,-24.046262,5.320,-28.98,20.49,
41262,126.270397,35.011436,6.080,-12.43,-11.14,
41266,126.288773,-55.472835,6.610,-7.76,2.40,
41268,126.294869,-31.940206,6.810,-14.29,7.77,
41280,126.326276,-22.140333,6.930,-17.92,29.70,
41282,126.329262,-21.046106,6.010,-34.39,61.85,
41285,126.342663,-55.748664,6.950,26.56,21.26,
41293,126.376145,-58.133228,6.650,-8.09,4.17,
41296,126.380580,-51.727457,5.180,-14.68,17.14,
41299,126.398126,2.102249,5.740,-21.42,-16.40,
41303,126.405816,-8.956069,6.510,-34.95,3.73,
41306,126.414037,-17.439403,6.440,-11.58,-0.70,
41307,126.415295,-3.906365,3.910,-66.05,-24.20,
41312,126.434359,-66.136520,3.770,-35.83,-152.15,
41315,126.451560,1.574441,6.560,-14.45,-51.23,
41319,126.458307,17.046638,6.110,-192.75,-152.48,
41321,126.465070,-64.600655,5.950,-15.03,15.18,
41323,126.466346,-42.153104,5.450,-16.47,13.36,
41325,126.478280,7.564529,5.130,-33.74,-9.57,
41328,126.481653,-14.929755,5.960,-10.96,38.68,
41336,126.504495,-10.516576,6.580,-28.19,-2.83,
41343,126.526117,-8.515075,6.940,-47.71,-12.62,
41360,126.573109,-27.144826,6.990,37.24,-68.36,
41361,126.573901,-39.058975,6.070,-7.92,7.76,
41373,126.605174,-52.807502,6.050,-37.95,1.04,
41375,126.613452,-3.987300,5.600,-34.28,-73.76,
41377,126.615533,27.893862,5.580,-34.48,-114.89,
41389,126.665910,24.534364,6.510,-40.37,-81.53,
41395,126.675029,-12.534540,5.520,-92.03,-25.69,
41400,126.683124,12.654863,5.560,-17.37,-103.01,
41404,126.696149,26.935486,6.300,-9.57,1.27,
41413,126.711530,-29.215649,6.730,-12.01,6.22,
41426,126.740974,-52.704841,6.490,-92.33,-45.15,
41438,126.767393,-32.183463,6.800,-13.91,1.39,
41449,126.818474,-31.672724,6.330,-22.65,-4.34,
41451,126.819948,-70.093595,5.510,-18.51,46.57,
41452,126.822042,-6.409634,6.610,-36.49,-33.04,
41463,126.861982,-14.935215,6.680,-15.20,0.65,
41464,126.864834,-55.011240,6.520,-8.07,10.60,
41475,126.888612,-20.843921,6.570,12.20,-15.12,
41478,126.891174,-75.358840,6.810,-33.88,64.60,
41483,126.902712,-53.088540,5.080,-67.63,24.72,
41484,126.903339,45.653841,6.320,-18.98,-351.48,
41489,126.920060,-4.414782,6.830,26.29,-40.83,
41504,126.973776,-26.132945,6.600,-41.82,-4.73,
41508,126.981773,3.218579,6.960,-19.65,-6.84,
41515,126.997607,-35.113788,5.750,-6.91,11.03,
41519,127.017188,35.891849,6.890,-50.62,-16.22,
41524,127.029788,21.148808,6.870,5.78,-135.70,
41525,127.029915,46.248862,6.970,-37.37,-31.99,
41547,127.082415,-8.816181,6.430,15.32,-40.77,
41564,127.121493,-2.517100,6.420,-10.34,-10.59,
41572,127.150240,-23.070986,6.500,-30.13,1.96,
41574,127.153352,24.145051,6.050,-39.17,-47.96,
41578,127.155616,14.210854,5.940,-13.81,-13.08,
41597,127.212524,-9.748595,6.010,-4.28,5.01,
41599,127.216947,-42.587499,6.610,-8.63,9.71,
41603,127.222621,-20.950361,6.690,0.43,-16.66,
41604,127.223593,-72.081883,6.880,-26.93,44.11,
41616,127.269826,-47.928939,5.330,-7.77,6.72,
41618,127.273286,-43.918860,6.780,-0.02,0.79,
41621,127.281554,-44.160432,5.820,-7.39,7.50,
41629,127.303102,32.692313,6.920,-4.40,-2.96,
41639,127.364533,-44.724828,5.030,-5.85,6.41,
41640,127.364848,-27.332145,6.690,-7.52,-3.67,
41644,127.374245,-54.211802,6.440,-21.12,16.97,
41645,127.377199,-0.960029,6.700,-10.03,-8.20,
41652,127.401626,8.417222,6.830,-5.76,-3.85,
41653,127.401651,-55.190904,6.360,-9.69,-13.23,
41674,127.440226,-46.331728,5.980,-25.27,14.48,
41676,127.442892,67.297415,5.890,-65.13,10.67,
41679,127.456445,26.192883,6.810,-24.19,-10.52,
41703,127.565222,-51.135001,7.000,63.04,14.14,
41704,127.566792,60.718431,3.350,-134.31,-107.73,
41723,127.619249,-32.159288,5.610,-12.67,0.97,
41726,127.624165,-36.721337,6.780,-4.00,2.70,
41729,127.642646,54.119182,6.760,-33.53,-14.24,
41737,127.663490,-44.737332,6.300,-9.65,4.90,
41746,127.693531,-41.515047,6.620,-48.45,15.39,
41757,127.722924,-15.834679,6.750,-10.53,1.19,
41781,127.794328,-47.866640,6.390,-13.82,8.49,
41782,127.794423,40.224950,6.710,-24.45,-24.82,
41798,127.833235,37.265015,6.180,-14.56,-29.85,
41806,127.852913,-39.064133,6.310,-5.92,9.30,
41813,127.873212,-54.393905,6.340,15.43,-43.10,
41816,127.877380,24.081216,5.710,-82.12,-45.72,
41817,127.878933,-19.577440,5.420,-33.24,-9.14,
41822,127.899029,18.094558,5.330,-60.05,-56.50,
41823,127.902941,-45.784791,7.000,-14.22,2.44,
41828,127.915211,-47.241048,6.780,-6.42,8.40,
41833,127.922135,18.987784,6.500,-25.79,-21.50,
41837,127.936000,-74.855012,6.720,-4.55,-3.87,
41843,127.977080,9.814134,6.780,-8.72,-14.31,
41861,128.020720,-53.211960,5.680,-16.20,16.78,
41882,128.097436,-49.601334,6.870,-3.33,3.51,
41893,128.139125,-15.030197,6.380,-48.98,22.21,
41894,128.139329,53.115028,6.230,9.87,-74.13,
41896,128.147082,-5.899487,6.880,-3.86,-8.83,
41899,128.156732,-14.417975,6.620,-12.31,1.91,
41904,128.166115,10.066023,6.480,5.89,-6.22,
41905,128.168805,-47.042131,6.490,-13.29,9.61,
41907,128.174482,-73.356965,6.110,-54.26,72.09,
41909,128.177186,20.441270,5.330,-44.65,-44.71,
41926,128.217741,-31.502704,6.380,-1113.64,761.73,
41927,128.221966,69.319963,6.310,22.92,-25.21,
41928,128.224085,-47.605527,6.570,-4.43,5.07,
41935,128.229399,38.016787,5.880,-104.55,-172.32,
41939,128.243808,-34.634047,6.360,-18.26,3.27,
41940,128.250603,24.084906,6.350,-64.67,-47.47,
41941,128.257780,-45.752928,6.360,-8.86,9.06,
41949,128.270190,-24.606892,6.190,2.48,-28.03,
41961,128.295222,-5.222613,6.800,-11.20,-14.21,
41970,128.332786,-38.370690,6.480,-10.72,5.73,
41975,128.340982,36.436423,6.200,-145.01,2.60,
41986,128.376153,-46.970673,6.250,-2.89,4.78,
41992,128.389641,-16.109627,6.560,1.23,4.71,
42001,128.410195,-38.848833,5.920,-21.04,7.43,
42008,128.431195,4.757015,5.890,-14.30,-6.17,
42010,128.437769,13.257427,6.260,-32.22,-47.59,
42019,128.479548,58.607313,6.870,-13.96,-29.99,
42028,128.506821,-2.151605,5.800,-33.38,20.68,
42029,128.507153,-25.099399,6.990,6.08,0.11,
42033,128.518070,-41.678910,6.740,-3.96,4.85,
42038,128.539990,-53.071532,6.790,-12.14,10.13,
42042,128.547651,-36.906350,6.690,-84.78,61.73,
42049,128.555614,8.452374,6.040,6.45,-14.42,
42059,128.597138,-82.566880,6.840,-48.97,61.30,
42069,128.620803,-51.093149,6.580,-5.07,6.80,
42070,128.621929,-37.611195,6.280,-11.49,10.84,
42071,128.623867,-27.098199,6.400,-37.72,15.41,
42072,128.624023,47.139620,6.680,9.22,3.83,
42075,128.633132,-32.598396,6.410,-10.74,-143.01,
42076,128.638367,5.503930,6.630,1.07,3.47,
42080,128.650780,65.145273,5.470,-47.06,-42.50,
42088,128.681703,-49.944246,5.010,-12.56,17.66,
42090,128.682931,36.419719,5.760,-26.73,-41.19,
42101,128.722973,48.533786,6.750,-38.11,-26.61,
42119,128.788951,0.362691,6.940,35.78,-28.54,
42122,128.797665,-34.024402,6.700,-14.38,42.60,
42123,128.802005,-39.970555,6.440,74.22,42.60,
42129,128.814916,-58.224763,5.270,-21.11,11.56,
42133,128.831115,19.590094,6.550,-35.66,-12.82,
42134,128.831868,-58.009295,4.840,53.80,27.30,
42142,128.853987,2.743440,6.350,-1.50,3.80,
42146,128.867547,-7.982331,5.720,-21.98,16.14,
42147,128.869674,-26.843533,5.950,-31.26,18.68,
42172,128.962724,6.620538,5.910,-134.77,-131.00,
42177,128.966833,-50.969677,5.790,-13.69,10.46,
42184,129.010298,24.051147,6.990,-0.62,0.92,
42187,129.032123,15.313688,6.330,5.99,-23.23,
42191,129.042602,-56.712259,6.970,-15.41,-41.49,
42197,129.064822,42.579879,6.980,9.73,-6.82,
42206,129.086315,-70.676677,6.870,-11.45,2.36,
42207,129.090512,-32.261950,6.690,-72.38,40.75,
42249,129.203243,74.723720,6.310,-16.05,-17.74,
42263,129.265597,-26.416333,6.800,-8.83,-26.09,
42265,129.274110,9.655596,5.920,-27.15,-6.77,
42286,129.328527,-62.853412,5.450,-10.96,-21.91,
42291,129.334275,-40.147744,6.530,-304.91,32.12,
42294,129.342082,28.294519,6.630,16.41,-49.37,
42299,129.363227,-4.934013,6.180,-2.25,5.56,
42302,129.373566,-33.745582,6.510,-28.31,-41.56,
42309,129.390792,-12.585769,6.700,-68.33,26.28,
42312,129.411006,-42.989104,4.110,-10.38,9.47,
42313,129.414197,5.703799,4.140,-70.27,-6.99,
42315,129.415402,-40.435647,6.880,-11.10,29.00,
42316,129.416508,-46.282722,6.860,-5.48,5.10,
42327,129.444937,19.267250,6.720,-35.55,-12.28,
42333,129.460285,-6.806990,6.740,-298.43,43.34,
42334,129.467368,-26.254970,5.240,-23.44,-12.23,
42342,129.483688,-74.573894,6.620,-16.61,-17.64,
42348,129.506884,-11.743730,6.580,-20.57,-1.87,
42353,129.521642,9.574636,6.540,-36.97,-10.31,
42365,129.579158,32.802028,5.960,-24.29,-3.04,
42368,129.584510,-6.662312,6.520,-9.12,-3.00,
42372,129.592748,53.401575,5.660,-76.32,-14.66,
42381,129.616043,-62.843248,6.720,8.46,2.81,
42388,129.653098,-74.074626,6.820,27.40,155.36,
42394,129.667861,-19.736909,6.320,9.68,2.22,
42400,129.686797,-53.090434,6.450,-26.06,21.68,
42402,129.689370,3.341475,4.450,-19.03,-16.29,
42403,129.689794,23.686266,6.890,-47.09,-148.45,
42415,129.749654,52.925148,6.340,-28.67,-28.44,
42425,129.771368,-70.386652,5.190,19.21,-38.05,
42430,129.783624,-22.662906,5.050,-268.26,424.08,
42434,129.792102,59.939243,6.470,-27.41,-48.11,
42438,129.798926,65.020693,5.630,-27.73,87.90,
42440,129.805183,-60.317337,6.350,-41.25,19.94,
42441,129.809384,-37.470206,6.910,-16.06,27.58,
42442,129.810172,-69.273945,6.990,-2.47,11.10,
42444,129.812170,-12.737457,6.650,-0.65,-7.30,
42452,129.823546,52.711699,5.910,-29.26,-31.38,
42455,129.842555,-36.606819,6.120,-165.53,54.98,
42459,129.849445,-53.439825,5.450,-23.97,23.51,
42462,129.852389,8.017670,6.460,-29.71,-28.74,
42472,129.882789,32.515658,6.710,-10.93,-17.49,
42482,129.920388,-29.082607,6.940,17.91,-27.39,
42483,129.927045,-29.560862,4.860,-25.41,-91.25,
42484,129.927654,73.629919,6.160,-13.45,-99.01,
42485,129.927822,19.778485,6.650,-36.27,-12.26,
42497,129.961402,19.540845,6.590,-33.71,-11.06,
42502,129.973090,-17.302607,6.590,0.65,-152.53,
42503,129.984881,32.727351,6.700,-24.14,-34.03,
42504,129.990094,-53.054782,5.180,-25.81,21.49,
42505,129.996617,-59.546921,6.780,-9.37,3.25,
42509,130.006331,-12.475374,4.980,-79.88,0.93,
42515,130.025569,-35.308301,3.970,9.68,-21.18,
42516,130.026835,20.007816,6.390,-35.02,-11.77,
42523,130.047810,19.971168,6.610,-34.84,-14.92,
42527,130.053744,64.327872,4.590,-59.42,26.44,
42528,130.055605,6.565534,6.600,-14.80,42.08,
42535,130.072870,-53.015454,5.560,-25.47,23.17,
42536,130.073372,-52.921973,3.600,-24.62,35.09,
42537,130.075154,1.920262,6.760,14.91,-38.15,
42538,130.076309,31.941974,6.210,-39.35,-31.30,
42540,130.080071,-40.263893,5.200,-55.93,7.66,
42542,130.084023,19.349026,6.760,-34.60,-15.21,
42544,130.088049,-42.389280,6.850,-34.17,33.84,
42549,130.092120,19.669970,6.420,-35.22,-13.15,
42556,130.112635,19.544841,6.290,-33.74,-13.57,
42560,130.135643,10.924153,6.780,-8.90,-5.93,
42562,130.140327,33.277292,6.740,-23.12,-16.43,
42564,130.146902,-45.191115,5.670,3.36,5.01,
42568,130.154313,-59.761015,4.310,-6.87,4.92,
42570,130.156564,-46.648755,3.770,-6.30,4.29,
42576,130.179129,51.430639,6.880,-20.04,45.01,
42578,130.180116,19.719343,6.830,-34.26,-11.96,
42579,130.181465,-57.545532,6.340,-22.87,17.52,
42595,130.222517,-48.225514,6.950,-3.60,2.21,
42600,130.234666,19.580364,6.770,-32.61,-10.54,
42604,130.254367,45.833785,5.350,27.19,92.49,
42606,130.256840,-9.052005,6.640,-34.85,2.38,
42613,130.269644,-66.816332,6.710,-22.12,5.36,
42614,130.272185,-48.922689,5.900,-4.64,3.62,
42624,130.304750,-47.317141,4.740,-10.53,6.87,
42628,130.313790,20.476902,6.720,2.51,1.32,
42637,130.331673,-78.963426,5.460,-29.31,27.58,
42649,130.385399,-73.614615,7.000,-5.47,8.04,
42653,130.395477,-44.991938,6.700,-11.92,10.36,
42662,130.430558,-15.943149,4.870,3.54,-96.82,
42673,130.458763,19.874205,6.900,-34.85,-14.25,
42679,130.487140,-45.410726,5.200,-5.90,5.02,
42701,130.540958,-11.965973,6.460,-27.96,-14.40,
42712,130.567490,-48.099099,5.480,-4.92,3.51,
42715,130.579229,-53.100115,5.490,-23.22,24.05,
42717,130.587081,-55.774658,6.260,-73.99,41.57,
42726,130.605877,-53.114041,4.830,-24.88,23.21,
42728,130.617974,-47.521209,6.730,-11.51,-45.09,
42739,130.654130,-4.410158,6.900,4.50,-27.64,
42754,130.697708,-46.807471,6.920,-95.01,84.61,
42760,130.713738,73.169216,6.950,-6.04,-4.85,
42769,130.724105,-9.805511,6.900,-23.52,-21.54,
42775,130.737527,-35.943350,6.420,-10.54,20.21,
42777,130.750809,46.900995,6.210,-47.90,-61.63,
42788,130.778699,-45.561759,6.870,-8.57,5.37,
42794,130.801287,-79.070150,6.050,-30.83,28.12,
42795,130.801397,12.680871,5.620,-9.98,2.10,
42799,130.806193,3.398665,4.300,-19.14,-1.29,
42806,130.821721,21.468596,4.660,-106.94,-39.25,
42808,130.826066,-38.883208,6.580,-301.02,340.76,
42819,130.875054,-61.688644,6.850,99.51,-67.27,
42828,130.898115,-33.186411,3.680,-14.28,10.60,
42834,130.917817,-49.822811,5.150,-3.56,3.65,
42835,130.918251,-7.233728,4.630,-11.68,-1.05,
42850,130.976359,-68.211646,6.330,1.51,26.84,
42854,130.999111,4.334573,6.370,-15.01,-6.30,
42857,131.003354,-38.779461,6.990,-1.26,53.81,
42871,131.042302,36.918539,6.540,-27.76,-80.38,
42879,131.077981,-37.526838,6.780,-22.88,-14.27,
42884,131.099858,-42.649323,4.050,-23.88,19.46,
42895,131.125200,-65.825682,6.030,-63.56,104.15,
42899,131.129995,5.285828,6.870,-46.21,9.78,
42911,131.171292,18.154864,3.940,-17.10,-228.46,
42912,131.172694,-23.788313,6.720,44.91,-40.17,
42913,131.175822,-54.708568,1.930,28.78,-104.14,
42915,131.178178,-74.788060,6.660,-4.30,10.24,
42917,131.187686,10.081713,5.630,-13.55,-17.39,
42922,131.212183,-44.542924,6.560,-194.56,134.95,
42923,131.216387,-37.147260,5.740,-8.27,4.27,
42928,131.229848,-21.167836,6.100,-24.66,4.12,
42931,131.255330,5.680597,6.130,2.52,-3.76,
42936,131.273126,-58.724320,6.200,-5.27,0.51,
42937,131.286701,-32.249066,6.890,60.15,-81.00,
42949,131.322620,-6.978505,6.660,-2.54,-8.47,
42951,131.336521,-2.601030,6.410,3.77,-13.23,
42954,131.339269,30.697762,6.120,-3.27,-4.26,
42957,131.347233,0.197770,6.550,-26.03,-2.26,
42970,131.373535,18.817486,6.770,-98.03,1.23,
42981,131.395164,4.664565,6.450,43.63,-77.43,
42983,131.407796,37.291724,6.950,-53.57,-53.22,
42984,131.408895,-77.075277,6.850,-3.30,-15.69,
42989,131.433129,-55.855003,6.770,-69.25,106.65,
42997,131.447899,-44.248028,6.700,-10.28,6.78,
43002,131.455414,-25.388106,6.070,-26.32,7.64,
43005,131.462969,-37.877337,6.870,-6.90,8.43,
43012,131.480145,-79.504570,5.790,-26.11,81.26,
43013,131.485953,-32.163851,6.840,-18.28,9.57,
43015,131.492805,-54.960408,6.990,-15.63,8.78,
43023,131.506895,-46.041539,3.870,-12.23,4.82,
43026,131.510218,-2.048768,5.700,39.64,46.73,
43035,131.528714,-11.006803,6.220,-29.59,14.41,
43039,131.539822,-10.829867,6.790,-1.80,-11.01,
43057,131.580896,-47.549896,6.870,-7.76,7.46,
43067,131.593864,-13.547705,4.320,17.57,-6.22,
43068,131.594876,82.239332,6.860,-8.24,-20.72,
43073,131.599057,-41.125403,6.210,-21.30,5.39,
43082,131.627296,-45.912516,5.430,-4.97,4.87,
43100,131.666651,28.765166,6.580,-24.18,-43.99,
43103,131.674310,28.760005,4.030,-20.69,-43.95,
43105,131.677330,-56.769797,4.500,-9.40,8.64,
43108,131.689764,-18.757819,6.600,9.68,-7.24,
43109,131.694359,6.418907,3.380,-231.04,-40.17,
43114,131.705207,-34.622959,6.330,-12.82,5.77,
43121,131.733571,12.110076,5.890,-65.20,-51.06,
43128,131.772396,-45.074766,6.600,-13.45,6.54,
43129,131.780463,28.161939,6.600,-38.62,-55.74,
43142,131.812532,-1.897060,5.280,-37.64,11.12,
43148,131.828535,-46.155428,5.710,-3.83,5.21,
43152,131.839489,-17.052853,6.480,-12.09,-10.38,
43156,131.849471,-34.600388,6.660,-18.32,22.40,
43176,131.918173,-38.991980,6.990,-9.95,5.34,
43177,131.918356,-41.736239,6.350,-20.50,-227.68,
43179,131.933020,-38.941497,6.960,-10.37,5.43,
43186,131.964689,-33.398373,6.810,24.71,-2.63,
43195,132.001014,-52.850208,6.290,-24.89,23.25,
43197,132.003485,-49.574684,6.710,-32.19,-65.71,
43204,132.020288,-6.558761,6.090,13.95,-32.15,
43209,132.036611,-42.463463,6.430,-13.65,7.00,
43215,132.060972,-28.638780,6.420,-10.55,-8.43,
43234,132.108254,5.837885,4.350,-17.51,-29.79,
43241,132.136870,2.563732,6.930,-2.54,-29.00,
43245,132.154315,10.433015,6.910,10.74,7.33,
43246,132.156173,-1.044832,6.420,-50.89,-1.35,
43251,132.164781,12.546940,6.660,-19.07,-0.73,
43266,132.205333,66.708168,6.200,-19.93,-35.26,
43305,132.340574,-3.442971,5.300,-19.57,-21.70,
43325,132.413195,-40.320156,5.470,-9.76,-0.76,
43330,132.418769,-8.637994,6.820,4.91,-52.53,
43338,132.437247,-21.048303,6.480,4.84,-56.61,
43347,132.448535,-45.307910,4.940,-12.39,14.42,
43350,132.453139,7.014784,6.670,8.23,-6.25,
43351,132.458908,-72.551260,6.100,-6.36,8.07,
43352,132.464588,-32.780408,5.190,-1.86,-48.22,
43354,132.468331,-39.141703,6.380,-63.91,41.13,
43362,132.489450,6.547223,6.940,-20.99,-20.04,
43370,132.509340,-29.463010,5.860,-15.79,5.43,
43392,132.587588,-42.089800,6.000,-6.01,3.60,
43394,132.590209,-28.617603,6.170,-19.80,-6.55,
43396,132.597320,-35.930467,6.900,-9.15,5.77,
43397,132.602840,-4.197263,6.920,72.60,-132.62,
43409,132.633381,-27.710059,4.020,-133.49,88.16,
43410,132.634445,33.285259,6.220,-62.22,-85.02,
43413,132.639433,-46.529196,5.090,-2.76,3.84,
43414,132.644503,-66.793225,5.340,92.61,100.38,
43421,132.668400,18.003392,6.700,-12.04,15.69,
43426,132.684901,35.070693,6.860,-174.08,114.24,
43427,132.688045,18.832240,6.410,-11.83,-23.47,
43431,132.694167,78.165173,6.930,2.20,-12.37,
43454,132.756386,15.350475,6.360,-118.13,72.47,
43466,132.807999,-38.633099,7.000,-8.29,3.42,
43486,132.865982,-42.504557,6.540,-33.09,22.05,
43496,132.893499,-7.177213,5.550,-48.79,-5.34,
43499,132.902218,-57.633615,5.590,-15.29,15.56,
43513,132.939868,-55.808869,6.690,-16.14,5.96,
43520,132.958524,-44.150948,6.380,-12.87,6.66,
43528,132.981672,-40.986598,6.490,-9.48,5.78,
43531,132.986843,43.726492,5.150,-13.91,45.63,
43550,133.041878,42.002885,5.980,-32.72,-61.99,
43553,133.049073,45.312900,5.960,-11.02,-33.32,
43557,133.067919,8.063493,6.570,153.13,-235.45,
43565,133.085115,-12.808441,6.830,-26.19,-103.94,
43570,133.100765,5.340330,6.340,-1.92,-7.87,
43571,133.103002,-55.341678,6.790,-11.40,9.53,
43573,133.108936,-32.509303,6.490,-11.92,-8.01,
43575,133.119169,28.259176,6.250,-18.03,-7.03,
43580,133.128103,-13.232944,6.120,29.11,0.90,
43584,133.144268,32.474123,5.670,-3.78,13.88,
43587,133.150554,28.331388,5.960,-485.48,-234.40,
43589,133.160904,-48.359098,5.920,-13.44,0.33,
43590,133.161256,-36.545337,6.410,-7.92,-2.17,
43593,133.170117,-52.128942,6.390,-16.52,14.79,
43602,133.198975,-47.394300,6.810,1.76,-7.36,
43603,133.200086,-38.724131,5.790,-3.06,18.39,
43620,133.265844,-56.649574,6.020,-22.86,36.45,
43623,133.272277,-16.952348,6.430,-52.57,-50.74,
43624,133.274706,59.056143,6.350,15.50,-1.18,
43625,133.275539,52.390146,6.920,-34.11,34.27,
43635,133.300051,17.368639,6.870,-51.23,-43.58,
43644,133.344041,61.962214,5.720,-9.98,22.30,
43651,133.372328,-11.391911,6.980,-1.57,19.07,
43669,133.452787,-60.353931,5.780,-10.05,9.22,
43671,133.460837,-47.520720,5.310,-5.97,-23.85,
43673,133.461517,-40.447551,6.420,-6.38,3.50,
43683,133.480618,19.967148,6.680,-20.81,-6.19,
43685,133.482083,35.538337,6.140,-26.18,-17.88,
43717,133.553214,-43.498975,6.970,-5.66,7.91,
43721,133.561270,30.579177,5.400,38.97,-25.57,
43726,133.575790,-5.434533,6.010,-413.14,30.44,
43746,133.659380,-11.377460,6.590,-9.75,6.82,
43763,133.725212,-58.239697,6.360,-20.24,16.14,
43766,133.733116,26.199386,6.730,61.02,-450.53,
43774,133.743270,-3.555624,6.980,-4.33,16.78,
43783,133.761924,-60.644712,3.840,-28.18,42.24,
43797,133.798988,-54.965547,5.700,24.23,-91.20,
43798,133.801746,-18.241207,5.750,17.87,7.11,
43805,133.821265,-11.371637,6.860,-18.83,-22.90,
43807,133.830055,-45.041691,6.260,-13.12,8.39,
43811,133.845345,17.231260,6.280,-3.18,6.44,
43813,133.848687,5.945528,3.110,-99.76,14.65,
43816,133.858822,5.565920,6.680,-21.02,-5.80,
43822,133.873352,-7.971089,6.070,7.71,-26.34,
43825,133.881315,-27.681626,4.870,83.00,-100.92,
43834,133.915370,27.927563,5.230,-14.98,-33.37,
43837,133.919342,-2.790835,6.930,2.71,24.52,
43850,133.977022,-15.439431,6.470,4.46,-43.44,
43851,133.981484,11.626058,5.440,-13.33,-14.42,
43853,133.983056,-23.818414,6.390,-46.96,45.55,
43871,134.056041,24.447927,6.740,107.09,-69.88,
43878,134.080325,-52.723511,4.680,-16.58,14.60,
43880,134.083161,-37.122469,6.850,-161.99,-0.67,
43894,134.127409,40.201567,5.900,-81.85,-38.31,
43898,134.141002,45.764120,6.840,-25.03,-2.20,
43899,134.142217,-16.708682,5.950,-8.89,-27.02,
43902,134.154323,4.236586,6.130,1.05,-1.81,
43903,134.156195,64.604031,5.570,-32.93,-81.88,
43908,134.174514,-85.663234,5.430,-116.27,33.74,
43920,134.207154,-17.433391,6.560,-46.73,-2.33,
43923,134.208572,45.631755,5.720,-125.02,-44.75,
43930,134.232908,-73.921967,6.990,-6.81,20.76,
43932,134.235976,32.910589,5.440,-53.39,-65.58,
43933,134.237181,56.888940,6.970,20.42,-1.69,
43937,134.243446,-59.229359,4.930,-8.43,8.65,
43954,134.281032,44.409277,6.930,44.78,10.21,
43957,134.284603,17.143831,6.170,-41.37,-32.95,
43966,134.306929,2.524901,6.950,-41.97,-9.00,
43970,134.312137,15.322717,5.220,61.23,18.46,
43976,134.328021,32.445177,6.990,-73.18,-16.96,
43984,134.354970,58.218790,6.890,-54.70,8.44,
44001,134.396513,15.581235,5.680,60.93,19.01,
44010,134.425122,9.387778,6.190,-9.16,-5.75,
44024,134.481554,-48.572934,5.880,-16.42,9.63,
44030,134.493783,-4.859221,6.680,-14.79,-33.81,
44031,134.494309,30.233759,6.250,46.26,27.51,
44042,134.534268,1.541606,6.590,-34.44,-8.05,
44056,134.576275,18.308326,6.560,-26.82,-20.31,
44064,134.614114,35.802657,6.650,0.09,-5.64,
44066,134.621654,11.857772,4.260,41.45,-29.22,
44075,134.682437,-16.133246,5.800,244.35,213.46,
44081,134.691843,-64.530511,6.900,1.20,2.65,
44083,134.693121,-16.748567,6.980,-3.12,-3.85,
44093,134.718443,-47.234823,5.170,-84.40,55.68,
44096,134.730734,-15.984900,6.740,-22.94,-1.00,
44099,134.732524,-68.139276,6.930,-4.23,10.35,
44126,134.794834,18.135032,6.300,-49.82,-67.96,
44127,134.803495,48.042350,3.120,-441.12,-215.21,
44130,134.816045,-28.806079,6.240,-43.82,25.19,
44135,134.836112,-63.466852,6.930,-36.68,16.19,
44142,134.851361,45.738522,6.640,-12.27,-36.55,
44143,134.851587,-59.084397,5.170,-174.60,281.78,
44148,134.862053,13.074408,6.490,-17.85,-7.02,
44154,134.886186,32.418643,5.230,-44.33,-34.61,
44162,134.916414,-19.207800,6.190,-39.91,-97.39,
44164,134.928129,-27.816195,6.880,-43.99,-44.80,
44175,134.973697,-22.691599,6.960,-88.82,33.57,
44180,134.991500,26.434465,6.860,-33.40,19.86,
44181,135.004557,-49.557986,6.880,-12.60,7.46,
44191,135.022667,-41.253738,4.450,-40.67,54.59,
44192,135.025070,-74.399947,6.850,-30.90,16.89,
44213,135.092761,-43.173992,6.040,-8.89,0.51,
44231,135.128375,37.604351,6.210,-13.19,0.99,
44245,135.158336,-51.555585,6.700,-10.87,4.79,
44248,135.161468,41.783444,3.960,-487.67,-219.29,
44256,135.190613,-60.963847,5.800,-4.42,7.76,
44268,135.222312,-24.153670,6.940,-18.46,11.52,
44283,135.285365,-68.683918,5.890,16.20,1.01,
44290,135.297511,-26.663587,6.200,26.55,-53.48,
44299,135.336981,-41.864290,5.560,-18.74,14.80,
44307,135.350538,32.252295,5.890,0.30,0.72,
44316,135.380583,-4.456044,6.650,-51.58,13.74,
44315,135.380849,5.640995,6.080,-29.30,-3.92,
44331,135.419966,39.713704,6.390,-41.39,-76.52,
44337,135.435722,-52.188718,5.230,-14.67,13.53,
44342,135.453673,27.902783,6.070,-64.19,-77.89,
44356,135.491731,-0.482842,5.640,-46.67,69.24,
44367,135.526757,-39.402257,6.250,-41.54,38.38,
44368,135.528603,-40.554717,6.910,-5.81,8.25,
44382,135.611662,-66.395844,4.000,-2.01,-95.80,
44390,135.636358,67.629575,4.740,-22.08,18.15,
44402,135.678442,82.744818,6.990,10.00,20.86,
44405,135.684446,24.452933,5.450,-2.56,-7.13,
44406,135.686762,7.298263,5.850,-9.32,1.43,
44415,135.715963,-32.440047,6.940,-20.86,-3.47,
44421,135.761897,49.948272,6.870,-14.61,-12.35,
44423,135.772299,-53.550395,6.390,-19.30,9.42,
44431,135.786786,-25.504201,6.720,-8.39,-2.62,
44437,135.810877,6.815945,6.530,-2.58,14.14,
44445,135.825240,-70.606648,6.930,-42.33,-9.30,
44464,135.884459,53.108309,6.870,1.96,-10.06,
44471,135.906495,47.156659,3.570,-37.37,-55.39,
44476,135.930953,-5.171371,6.830,-21.36,3.37,
44478,135.937526,-17.496569,6.580,-8.31,-12.73,
44481,135.946334,38.742175,6.700,-17.89,-19.66,
44504,136.001679,54.283877,5.740,-1.38,4.12,
44509,136.024124,-47.441464,6.460,-11.10,5.72,
44511,136.038836,-47.097714,3.750,-46.82,-9.57,
44512,136.041116,27.898310,6.670,0.15,-2.42,
44542,136.132121,-56.343453,6.810,27.51,-66.79,
44545,136.136874,-56.341061,6.890,-10.59,8.21,
44565,136.199981,-57.852629,6.430,-25.03,22.71,
44568,136.208435,-46.816068,6.880,-41.83,36.53,
44574,136.229671,32.376987,6.460,-58.93,-63.60,
44596,136.277566,-29.018158,6.630,-35.05,-9.65,
44599,136.286793,-72.602694,4.470,-8.44,-4.72,
44607,136.328534,50.823957,6.770,-101.09,-69.43,
44613,136.350444,48.530358,5.480,-12.03,-18.22,
44626,136.409925,-70.538521,4.660,-4.36,9.89,
44659,136.493241,5.092342,4.990,-18.97,-11.01,
44665,136.531708,-64.499921,6.370,18.60,29.57,
44700,136.632450,38.452250,4.560,-28.37,-14.34,
44708,136.641836,-55.802429,6.100,-9.56,7.04,
44717,136.679829,59.344555,6.440,-15.25,-14.32,
44728,136.712663,38.278476,6.610,238.41,-16.12,
44733,136.728300,-18.201542,6.650,-23.43,-18.24,
44738,136.749774,1.462732,6.160,-11.02,-15.91,
44753,136.811221,-51.211829,6.720,-7.73,6.30,
44755,136.819581,2.581609,6.660,12.74,13.82,
44757,136.827928,-57.463795,6.610,-21.50,25.95,
44768,136.862549,22.980865,6.390,-168.24,2.91,
44781,136.907357,31.200627,6.950,-2.68,-29.32,
44790,136.927172,-44.632456,6.780,-5.26,6.39,
44798,136.936768,10.668215,5.230,-20.36,-9.96,
44816,136.999071,-43.432624,2.230,-23.21,14.28,
44818,137.000298,29.654227,5.420,-31.08,3.39,
44824,137.011905,-25.858537,4.620,35.83,0.49,
44825,137.017548,32.540456,6.470,-80.18,-23.55,
44827,137.022897,-58.129808,6.940,-20.66,80.89,
44857,137.098055,66.873333,5.150,-23.01,-40.54,
44874,137.153438,-25.839439,6.770,-332.10,14.67,
44883,137.175800,-8.589513,5.600,-21.20,-4.42,
44887,137.181506,-26.767626,6.150,-44.69,11.59,
44888,137.185496,-16.277158,6.480,5.35,-67.22,
44892,137.197588,26.630012,5.950,-139.12,-370.44,
44897,137.213353,33.882497,5.950,-191.06,-115.40,
44901,137.218274,51.604727,4.460,-137.81,-32.48,
44904,137.222645,-53.593440,6.810,-4.94,5.89,
44916,137.257875,7.513222,6.990,-7.19,-13.52,
44923,137.267702,-18.328599,5.730,-63.20,20.86,
44936,137.297926,-12.357708,5.760,20.75,0.61,
44946,137.339725,22.045447,5.160,-0.48,-0.70,
44960,137.393396,-29.816961,6.670,-11.52,22.88,
44961,137.398249,-8.787631,5.470,-17.77,-7.05,
44979,137.437486,-49.424314,6.480,-0.21,-28.74,
44984,137.443544,11.564528,6.480,-44.47,-62.25,
44996,137.470147,-47.476217,6.830,-14.04,6.73,
45001,137.485048,-30.365282,5.590,-2.15,-48.86,
45002,137.488133,-52.082993,6.190,-91.72,54.65,
45018,137.543198,-16.862624,6.980,-36.78,6.34,
45033,137.586902,21.996405,6.040,3.50,4.44,
45037,137.595918,-23.176709,6.530,-33.36,5.20,
45038,137.598026,67.134239,4.800,12.88,-90.85,
45058,137.661689,30.963219,6.040,-9.41,-33.05,
45075,137.728880,63.513781,4.670,99.16,-60.96,
45080,137.742105,-58.966930,3.430,-17.67,14.14,
45085,137.768344,-44.867912,4.990,-4.42,4.32,
45097,137.803032,80.828946,6.370,-20.66,-15.02,
45101,137.819866,-62.317016,3.960,-38.04,15.93,
45111,137.861980,8.976049,6.980,-7.47,-25.64,
45114,137.871883,0.291313,6.780,12.75,-21.71,
45121,137.886348,-57.968423,6.590,-12.93,7.59,
45122,137.889121,-46.583929,5.780,-7.17,7.65,
45125,137.907784,-54.037051,6.730,-17.19,12.91,
45127,137.920613,-39.258871,6.050,-20.70,10.71,
45150,137.982047,5.468653,6.340,-96.41,-10.12,
45152,137.984427,50.439909,6.690,-8.86,-1.27,
45153,137.987218,18.044170,6.870,-35.68,-22.50,
45158,137.994879,-19.747741,5.720,-55.93,46.45,
45166,138.051108,-76.662922,6.130,39.27,-43.98,
45167,138.053795,3.866990,6.140,-50.77,-4.70,
45168,138.057881,-45.848425,6.660,-82.30,1.14,
45170,138.074440,14.995441,6.490,-524.47,245.13,
45176,138.091239,-28.947644,6.760,-22.03,16.00,
45184,138.108562,-7.109880,6.100,-19.81,21.56,
45189,138.127255,-43.613292,5.560,-22.34,12.25,
45214,138.210972,-60.916815,6.360,-22.14,18.93,
45219,138.231770,-59.413967,5.540,5.55,15.65,
45238,138.301003,-69.717472,1.670,-157.66,108.91,Miaplacidus
45242,138.327815,-42.273442,6.270,-14.21,62.43,
45249,138.339725,-29.664422,6.380,25.20,21.72,
45259,138.357594,-38.616436,6.310,-1.50,-14.68,
45264,138.379812,-49.094456,6.610,29.58,-34.24,
45270,138.393647,-47.338440,5.920,-25.00,13.35,
45272,138.405296,21.283232,6.480,-15.48,-10.88,
45290,138.450958,43.217913,5.300,-28.41,-36.23,
45296,138.466416,-61.279801,6.990,-10.98,9.74,
45299,138.477249,2.862883,7.000,-25.65,-16.08,
45305,138.512892,-14.694802,6.460,-7.10,-16.33,
45306,138.513538,71.655925,6.520,-30.20,-36.52,
45314,138.534291,-44.145854,5.850,-24.23,12.97,
45328,138.575103,-55.569701,5.260,-32.89,29.44,
45333,138.585630,61.423395,5.180,-8.67,-31.84,
45335,138.589369,-32.556847,6.610,7.97,-38.97,
45336,138.590805,2.315024,3.890,112.57,-306.07,
45344,138.602103,-43.227522,5.240,-25.01,12.02,
45349,138.616066,25.011640,6.920,-7.58,-59.88,
45367,138.682238,-43.464912,6.800,-36.15,39.83,
45378,138.716625,-1.587094,6.970,-1.46,-6.56,
45386,138.738191,-37.602366,5.850,4.08,-12.26,
45389,138.741478,38.609133,6.750,-136.21,79.90,
45410,138.807820,14.941537,5.360,-39.61,-12.33,
45412,138.809826,34.633400,5.980,-157.52,47.81,
45413,138.811005,-45.555493,6.250,-7.90,-2.00,
45418,138.823576,-58.388380,6.020,-17.25,1.14,
45421,138.838490,84.180988,6.300,32.78,10.30,
45422,138.843131,-8.482693,6.960,13.69,-12.02,
45424,138.853979,-15.024867,6.320,-11.01,-17.01,
45436,138.894104,-33.323899,6.840,-10.74,-26.34,
45437,138.894710,-57.577762,6.320,-15.37,8.32,
45439,138.903174,-38.569918,4.920,-71.22,-10.06,
45448,138.937789,-37.413126,4.630,13.85,-7.26,
45455,138.957535,56.741477,5.280,-24.81,-29.15,
45461,138.969791,72.946462,5.930,-85.32,-56.00,
45481,139.016808,-44.898734,6.020,-5.59,4.44,
45493,139.046995,54.021712,4.800,49.14,59.79,
45496,139.050427,-57.541438,4.340,-27.77,-14.77,
45505,139.095989,-44.265746,5.120,-2.54,4.66,
45511,139.114904,-13.834164,6.820,-55.29,20.83,
45521,139.166795,0.729079,6.730,-90.43,-16.79,
45522,139.166994,-49.578715,6.960,-9.10,4.63,
45526,139.172403,-8.744760,5.490,-15.94,0.02,
45527,139.173841,-6.353155,5.240,24.94,4.27,
45543,139.237723,-11.102943,6.450,-7.63,-69.25,
45544,139.237911,-39.401455,5.310,-29.76,-34.59,
45545,139.241649,-45.011975,6.750,-17.08,2.59,
45550,139.255837,77.074166,6.980,1.26,10.97,
45556,139.272618,-59.275261,2.210,-19.03,13.11,
45559,139.282217,-14.574058,5.830,-17.27,-4.63,
45565,139.301198,1.929639,6.820,-37.38,-1.32,
45566,139.306772,-67.676453,6.790,31.05,-2.21,
45571,139.322502,-68.689573,5.380,-109.18,-28.45,
45572,139.324767,33.500982,6.850,-25.84,-84.97,
45581,139.355047,-74.894390,5.280,-16.33,31.85,
45585,139.365142,-74.734676,5.860,-29.08,35.19,
45590,139.379857,46.817199,5.960,14.11,11.91,
45592,139.387170,0.554942,6.960,17.48,-24.98,
45595,139.399527,27.422195,6.770,17.25,-4.58,
45603,139.426286,-54.494857,6.330,-22.56,11.83,
45606,139.440303,23.078840,6.970,-35.59,-8.82,
45614,139.464017,11.501151,6.400,-14.94,-2.16,
45615,139.465276,-67.050899,6.140,-6.57,12.72,
45631,139.524543,-51.050895,5.260,-21.00,14.83,
45659,139.603901,-57.273085,6.780,-16.28,12.25,
45661,139.608100,35.364126,5.940,-48.17,-18.99,
45667,139.633137,-39.043876,6.890,-37.78,20.12,
45675,139.676506,-51.560660,5.830,-5.22,3.50,
45688,139.711114,36.802898,3.820,-32.61,-123.78,
45697,139.741671,-16.800774,6.980,-0.62,-10.65,
45699,139.745455,17.705680,6.610,-133.45,-134.15,
45714,139.789171,-56.365597,6.840,-35.98,25.41,
45722,139.813978,46.943813,6.910,-28.84,-17.30,
45723,139.814061,26.251904,6.610,-19.53,-26.13,
45742,139.885366,-55.186491,6.280,-12.61,8.23,
45743,139.887965,-15.834534,5.790,36.93,-52.86,
45744,139.891358,-11.314996,6.620,-53.35,13.13,
45751,139.943328,-11.974882,4.770,-27.92,12.16,
45754,139.949763,-34.103316,6.400,-12.79,-9.72,
45758,139.963341,5.216084,6.620,-40.99,-15.64,
45764,139.982437,74.016757,6.420,-40.56,-63.87,
45796,140.063425,-45.173224,6.700,25.78,1.47,
45802,140.087570,-9.610103,6.990,-14.57,-30.04,
45811,140.120942,-9.555629,4.800,-13.42,-26.80,
45813,140.122701,52.450961,6.540,4.34,7.74,
45814,140.123679,-37.581635,6.040,-17.36,-21.77,
45817,140.132749,-61.993067,6.910,-12.56,8.32,
45824,140.152825,0.181752,6.660,8.89,-19.48,
45836,140.182476,51.265713,6.140,-34.76,145.35,
45837,140.184684,-31.760221,6.800,-19.66,2.69,
45854,140.231065,-15.617567,6.300,70.22,-106.79,
45856,140.236793,-62.404633,4.790,-14.29,0.20,
45858,140.247519,38.188310,6.120,-43.49,-20.01,
45860,140.264412,34.392526,3.140,-222.80,14.78,
45866,140.287602,2.941017,6.990,-78.16,-2.55,
45874,140.314036,15.371366,6.570,-34.95,-5.80,
45875,140.314624,39.666518,6.660,-45.87,-15.04,
45879,140.327250,13.111647,6.670,-36.93,-80.11,
45888,140.348379,45.370150,6.400,-9.17,-20.19,
45894,140.356262,16.598409,6.980,-22.84,-45.46,
45896,140.363227,32.902206,6.160,11.21,-22.76,
45902,140.373328,-25.965416,4.710,-12.28,-9.20,
45910,140.414342,32.264332,6.790,-47.64,-36.88,
45915,140.430418,56.699249,5.790,-10.55,-11.91,
45920,140.458786,-55.514871,5.610,-64.28,76.25,
45924,140.462249,-42.194738,5.560,60.21,-50.28,
45941,140.528455,-55.010695,2.470,-10.72,11.24,
45962,140.599979,-46.047502,5.740,-3.02,23.71,
45968,140.622482,-17.893973,6.970,-30.96,-21.67,
45974,140.634250,49.544839,6.940,-23.18,-6.81,
45975,140.634296,-15.234789,6.720,12.14,-20.23,
45980,140.652616,-39.775421,6.530,-75.51,54.31,
45999,140.711970,-9.838762,6.510,-28.31,-14.74,
46017,140.774958,-53.820190,6.810,-9.29,7.33,
46026,140.801401,-28.833923,4.710,-128.65,20.58,
46027,140.810820,-21.037767,6.830,-26.65,15.16,
46045,140.855739,-48.286957,6.270,-12.14,6.22,
46049,140.863889,-60.302330,6.300,-10.28,6.61,
46053,140.873103,7.713843,6.820,-3.16,-40.49,
46058,140.882724,25.182838,6.410,-120.14,0.64,
46065,140.914773,-33.200500,6.730,-22.06,10.22,
46067,140.915715,-46.908769,6.210,-19.27,7.45,
46068,140.917749,5.219577,6.860,7.46,-9.64,
46075,140.937175,-37.756964,6.470,-80.70,26.48,
46081,140.957384,-35.247506,6.570,-0.88,-8.25,
46093,140.997245,-51.737091,6.050,-4.71,4.40,
46101,141.022899,-61.648787,5.990,-0.82,-47.52,
46105,141.033247,25.918450,6.790,4.33,-43.90,
46107,141.040539,-80.787205,5.340,-138.55,135.39,
46114,141.067816,-39.425439,6.050,12.96,-26.01,
46125,141.093904,36.587144,6.680,-68.18,-21.60,
46134,141.119478,6.350191,6.730,-173.09,-32.46,
46143,141.154825,-70.075780,6.450,-43.00,0.29,
46146,141.163664,26.182441,4.470,-31.13,-48.06,
46155,141.189135,19.786901,6.530,-92.10,-111.50,
46165,141.221835,-4.282830,6.920,-16.98,-42.54,
46168,141.231840,51.573915,6.300,42.41,-7.86,
46194,141.282896,-43.976702,6.310,-48.11,40.81,
46208,141.319259,-65.270368,6.910,-22.22,42.91,
46214,141.330304,-54.463752,6.900,7.10,-5.79,
46221,141.350176,-5.117379,5.600,-11.68,-6.14,
46225,141.364074,-61.950612,5.770,-115.54,55.95,
46232,141.385630,16.585647,6.310,-82.56,-24.28,
46236,141.401456,-53.251631,6.980,-30.95,-79.54,
46238,141.404478,-25.337098,6.720,-21.16,0.74,
46247,141.434114,63.941026,6.240,-12.55,-35.58,
46259,141.486742,-17.947378,6.950,-39.52,9.76,
46273,141.515906,-1.234931,6.580,-12.97,-3.66,
46283,141.574906,-53.378936,5.090,-19.94,11.06,
46288,141.592957,-1.464066,6.010,-1.37,-5.23,
46290,141.602422,-42.251153,6.670,-5.13,0.71,
46297,141.618542,-40.501721,6.190,11.76,6.11,
46305,141.646999,-33.897313,7.000,-38.68,-34.10,
46313,141.665544,-24.167869,6.910,-40.74,5.84,
46321,141.671593,36.457539,6.990,28.43,-36.10,
46328,141.684088,-64.929857,6.050,-63.33,64.17,
46329,141.687140,-28.787682,6.120,-19.44,-5.62,
46333,141.696082,-59.578806,6.520,-10.95,12.33,
46336,141.703826,-19.155134,6.960,-12.93,5.50,
46342,141.722216,-54.351750,6.860,-6.95,7.21,
46345,141.736328,14.303220,6.830,-23.71,-44.57,
46348,141.745598,-48.694093,6.810,-21.54,12.87,
46350,141.753534,-16.013163,6.970,-55.63,-3.71,
46358,141.777075,-71.602092,5.460,-102.43,80.99,
46365,141.811045,-9.223703,6.530,-17.11,-3.87,
46367,141.820050,6.233175,6.900,-177.55,-144.66,
46371,141.826239,-22.343418,4.720,171.66,-150.17,
46390,141.896883,-8.658683,1.990,-14.49,33.25,Alphard
46396,141.910094,-35.007360,6.630,-27.32,-20.50,
46404,141.945488,-6.071029,5.380,-232.83,-65.21,
46407,141.954950,-71.781204,6.330,-76.94,42.03,
46410,141.965109,75.098300,6.200,-15.39,16.95,
46421,141.989194,-53.517268,6.740,-33.39,-14.69,
46435,142.055289,-7.720723,6.990,4.67,-6.10,
46443,142.085510,-9.986865,6.780,1.03,-3.58,
46454,142.114070,9.056771,5.400,40.40,2.71,
46457,142.121641,8.188373,5.720,-28.58,-30.79,
46460,142.127491,-66.701989,5.900,-34.47,45.82,
46464,142.139643,12.385344,6.880,-81.45,-12.77,
46471,142.166644,45.601795,5.400,-6.40,-128.20,
46482,142.196610,-62.273203,5.910,-65.40,28.42,
46504,142.259735,-1.256916,6.270,-62.64,1.22,
46509,142.286828,-2.768956,4.590,100.93,-3.15,
46511,142.302726,-20.749144,5.660,-19.14,6.94,
46515,142.311406,-35.951348,4.510,-24.74,5.07,
46517,142.317719,-38.403549,6.150,-106.25,3.01,
46522,142.326943,-3.165457,6.950,11.92,8.30,
46524,142.340095,56.241198,6.890,-131.82,-116.37,
46526,142.343799,-43.190223,6.600,-8.60,-11.25,
46529,142.351964,-2.205176,6.140,-50.40,1.81,
46535,142.369375,-44.532382,6.980,-96.09,12.22,
46543,142.385141,-4.246508,6.250,-30.31,-52.70,
46546,142.388265,-62.360949,6.540,-67.84,17.97,
46553,142.402948,-58.299189,6.750,-39.85,24.93,
46558,142.418738,-26.594160,6.520,-85.27,-30.67,
46566,142.449454,55.745336,6.500,-132.20,-42.17,
46569,142.457819,-23.345340,6.260,-3.86,-1.10,
46578,142.477161,-26.589617,5.490,-22.42,0.69,
46594,142.521366,-51.517193,5.450,-18.98,11.85,
46609,142.558832,-24.274119,6.570,-32.29,21.49,
46616,142.582250,-33.403867,6.870,-19.49,-1.89,
46618,142.593913,-15.577193,5.860,-92.37,-65.37,
46620,142.597722,-58.361904,5.880,-28.81,26.67,
46621,142.598255,21.812744,6.940,-49.72,-22.77,
46630,142.638069,-45.570617,6.620,-14.19,23.37,
46646,142.667819,-28.766404,6.570,-37.35,-32.28,
46651,142.675471,-40.466888,3.600,-147.14,48.65,
46652,142.680139,33.655828,5.870,-21.01,-48.17,
46657,142.692006,-31.889171,5.750,24.54,-20.88,
46669,142.729769,-5.661592,6.840,4.42,36.97,
46701,142.805641,-57.034392,3.160,-32.58,6.08,
46704,142.822527,27.387300,6.640,-31.54,-23.78,
46709,142.829113,-47.952533,6.530,-28.05,9.68,
46713,142.834049,12.858911,6.920,13.18,-25.47,
46725,142.868916,-12.062271,7.000,-50.73,-47.64,
46732,142.880274,1.465331,6.810,-10.82,-30.40,
46733,142.881540,63.061795,3.650,107.55,26.86,
46734,142.884136,-31.871831,5.910,-49.22,-0.09,
46735,142.885207,35.103509,5.390,-55.17,-97.25,
46736,142.887223,-35.714329,5.860,156.61,-173.39,
46737,142.887705,-66.719045,6.270,-17.93,7.78,
46741,142.901347,-73.080919,5.460,-25.16,2.44,
46744,142.912368,-10.551970,6.130,33.05,-17.67,
46749,142.926769,36.429121,6.890,-40.30,-12.50,
46750,142.930168,22.968065,4.320,-19.38,-39.04,
46768,142.982372,-10.370392,6.120,-101.93,20.93,
46771,142.986635,11.300031,4.990,-89.92,-84.00,
46774,142.989927,9.715798,5.070,-8.89,-12.96,
46776,142.995561,-1.184654,4.540,-11.42,-3.87,
46810,143.076856,-28.627876,6.430,-88.84,43.79,
46811,143.080295,-40.649321,5.350,9.68,-5.69,
46813,143.085123,-19.400326,5.740,-33.68,9.30,
46840,143.172527,1.864239,6.110,-21.01,-36.05,
46853,143.218022,51.678602,3.170,-947.06,-535.60,
46859,143.232413,-13.516806,5.950,-8.27,1.09,
46869,143.258329,-8.505290,6.120,-43.80,-34.60,
46873,143.280782,49.438642,6.760,-4.11,11.85,
46874,143.282131,-39.129169,6.430,-41.31,39.13,
46879,143.296924,45.513853,6.490,-15.63,-39.14,
46880,143.301969,-21.115759,5.020,-20.19,15.09,
46889,143.322334,-57.963448,6.820,-12.45,8.61,
46890,143.323685,-21.392011,6.680,-16.38,-11.21,
46891,143.326327,28.368018,6.500,-42.12,-32.31,
46893,143.333092,-7.190148,6.250,-62.19,-23.11,
46897,143.358732,-22.864018,5.920,-70.04,55.27,
46904,143.376390,36.487030,6.190,40.32,-33.17,
46912,143.432779,-60.627751,6.990,-32.43,20.73,
46914,143.435666,-49.005093,5.120,-23.39,8.78,
46928,143.472938,-80.941294,5.070,-34.61,14.67,
46938,143.496538,23.454120,6.260,-43.63,-82.74,
46950,143.536672,-51.255282,5.010,-8.50,6.39,
46952,143.555737,36.397613,4.540,6.82,-22.89,
46963,143.581742,46.902118,6.540,-65.65,-17.37,
46974,143.611096,-59.229768,4.080,-11.23,6.02,
46977,143.620699,69.830154,4.540,-63.90,77.59,
46982,143.636009,-5.914806,5.560,10.79,-58.30,
47006,143.706229,52.051568,4.470,-65.07,-37.30,
47007,143.711395,-12.129123,6.540,2.38,-174.05,
47013,143.722453,72.205864,5.770,72.02,-76.06,
47022,143.748752,12.654564,6.810,-11.36,-23.40,
47029,143.766052,39.621443,4.810,-29.64,20.67,
47039,143.799487,-35.823745,6.480,-73.99,-2.06,
47053,143.843741,39.963237,6.760,-0.56,13.69,
47056,143.852846,-22.685912,7.000,-77.10,-29.73,
47070,143.890912,-19.583308,6.330,-27.84,-35.48,
47080,143.916781,35.810767,5.400,-730.05,-260.62,
47096,143.970454,14.379593,6.320,-41.21,-2.22,
47104,144.008860,20.045569,6.970,7.69,6.45,
47115,144.021798,-64.950347,6.550,-34.29,42.80,
47119,144.028293,74.318876,6.460,-15.55,-29.04,
47145,144.105889,-48.751161,6.180,-8.01,-7.70,
47159,144.140589,-24.702956,6.540,-124.46,54.70,
47168,144.178544,31.161841,5.570,2.30,-43.74,
47172,144.193379,-52.943906,6.180,-125.12,96.95,
47173,144.204067,27.758542,6.960,-18.18,-14.06,
47175,144.206904,-49.355129,4.340,-130.56,42.29,
47187,144.251032,-25.296847,5.680,-62.60,36.18,
47189,144.260794,16.437959,5.730,-16.99,-3.01,
47193,144.272300,81.326421,4.280,-16.77,-15.95,
47199,144.291123,-32.178613,5.620,31.48,-13.87,
47204,144.302817,-53.668486,5.440,-23.99,-9.13,
47205,144.302952,6.835775,5.000,-70.26,11.03,
47224,144.368413,-36.095991,5.960,-25.61,-1.43,
47225,144.369531,-49.991480,6.970,-31.63,223.82,
47227,144.379951,-59.889945,6.910,-8.17,17.34,
47231,144.406348,60.213761,6.410,-11.78,-32.35,
47237,144.419253,1.695972,6.850,-107.08,24.94,
47242,144.441423,-3.170608,6.450,-9.96,-13.85,
47247,144.458150,24.670317,6.610,-99.97,-16.48,
47249,144.464757,-9.424465,6.400,-61.73,7.72,
47260,144.484535,73.080444,6.390,-42.41,-20.33,
47266,144.505479,14.347455,6.630,-71.92,-75.93,
47267,144.505976,-43.190869,5.510,24.00,-31.03,
47272,144.513449,-54.219126,6.880,-11.70,7.81,
47291,144.566951,12.736293,6.740,-17.33,1.57,
47293,144.571162,70.266110,6.990,4.11,0.44,
47299,144.588673,-81.709388,6.720,-52.94,9.08,
47300,144.590779,40.239767,5.280,-14.37,10.87,
47301,144.591359,-64.402496,6.690,-6.05,17.37,
47310,144.614105,4.649414,4.680,-165.45,-49.93,
47328,144.669770,-39.613978,6.690,-42.05,-66.11,
47330,144.674754,75.205433,6.640,1.61,-7.52,
47336,144.690567,10.777873,6.660,-75.08,-63.80,
47343,144.707543,-64.489258,6.830,21.11,37.01,
47352,144.727801,20.297595,6.790,-17.36,-17.34,
47363,144.750541,-17.624190,6.740,-58.69,8.84,
47380,144.794905,43.144325,6.590,-40.16,-62.19,
47391,144.837671,-61.328105,4.510,-34.89,18.60,
47397,144.860851,-54.753372,6.830,-16.63,1.86,
47401,144.866319,67.272324,5.960,-27.75,-38.67,
47422,144.938121,-62.942969,6.400,-17.74,18.53,
47427,144.947595,-10.570285,6.310,-20.54,6.08,
47431,144.963892,-1.142657,3.900,47.81,-62.92,
47436,144.991053,35.335950,6.900,-67.95,2.97,
47452,145.076580,-14.332245,5.070,-26.32,-19.25,
47454,145.083642,-10.769183,6.370,-8.44,-0.66,
47468,145.146798,13.054061,6.960,23.53,-114.15,
47479,145.177511,-57.983572,5.300,-43.84,7.64,
47495,145.233605,-54.983442,6.930,-16.93,4.44,
47498,145.258762,-57.259441,5.800,76.24,-41.64,
47505,145.277002,-66.080311,6.850,-74.24,46.78,
47508,145.287991,9.892399,3.520,-143.67,-37.45,
47518,145.311013,8.995527,6.830,-19.74,-44.51,
47521,145.319846,55.866575,6.500,-30.50,-34.63,
47522,145.320942,-23.591521,4.760,-29.14,3.02,
47527,145.341159,38.950524,6.910,74.37,-130.84,
47530,145.353459,-33.396316,6.900,-4.10,-3.96,
47544,145.396272,31.277840,5.900,15.54,-9.58,
47550,145.410403,25.912955,6.260,-18.68,-32.63,
47559,145.449750,-55.213770,5.990,-12.34,3.26,
47564,145.467969,-30.303404,6.590,-26.60,9.37,
47570,145.501585,39.757969,5.610,-49.55,-48.31,
47591,145.554114,-66.914820,6.330,-14.50,-0.26,
47592,145.561131,-23.916209,4.930,-399.23,263.18,
47594,145.562221,69.237706,5.720,-66.55,-69.40,
47604,145.597344,-0.279469,6.640,-11.43,20.17,
47608,145.616319,-46.865186,6.970,-20.87,12.49,
47617,145.644247,32.994846,6.930,10.06,14.37,
47623,145.663906,-72.190825,6.540,-14.64,8.63,
47627,145.672360,-35.501728,6.390,-20.07,7.53,
47631,145.678140,35.093500,6.120,-20.00,-53.00,
47633,145.679667,48.431058,6.360,-30.54,-23.75,
47636,145.685776,30.111457,6.730,-35.59,-2.93,
47654,145.738494,72.252685,5.150,-26.71,-27.49,
47664,145.779156,54.363785,6.500,-31.87,-33.61,
47684,145.843602,20.193210,6.710,10.80,-7.69,
47694,145.865012,-51.228156,6.150,-16.02,8.37,
47698,145.877593,-20.365821,6.580,-20.46,-7.58,
47701,145.888631,29.974725,5.640,-16.87,-103.45,
47717,145.926256,-53.891362,5.560,-67.58,32.72,
47723,145.932923,14.021707,5.360,5.18,-6.13,
47752,146.028717,42.051077,6.840,-20.74,-86.15,
47758,146.050543,-27.769563,4.780,-53.06,37.76,
47762,146.065202,-39.571190,6.810,-49.16,5.39,
47777,146.111441,74.587575,6.780,-75.86,7.33,
47779,146.125017,18.863626,6.490,-0.18,-55.15,
47790,146.151806,-22.751909,6.760,-60.73,18.72,
47791,146.152604,64.984066,6.180,-54.96,19.22,
47793,146.155653,-48.548886,6.700,-21.53,8.83,
47817,146.214871,-17.706413,6.780,-11.31,3.91,
47853,146.311433,23.474629,6.550,-25.90,-26.18,
47854,146.311781,-62.507923,3.690,-12.88,8.28,
47863,146.322841,-54.247466,6.910,-28.40,13.25,
47868,146.341728,-30.202762,6.450,-11.49,4.78,
47873,146.351445,-32.682632,6.900,-136.65,-26.37,
47880,146.369301,10.221949,6.900,14.15,-8.61,
47884,146.378999,78.134713,6.250,8.96,-1.58,
47893,146.419329,-57.186060,6.470,-18.69,7.75,
47908,146.462927,23.774278,2.970,-46.09,-9.57,
47909,146.466363,18.683616,6.780,20.35,-12.61,
47911,146.480770,63.653417,6.510,-16.78,-43.03,
47913,146.482594,-58.794000,6.220,-102.23,70.89,
47919,146.499064,-35.863587,6.880,-14.18,-83.49,
47929,146.511427,65.627161,6.970,10.57,-18.61,
47940,146.537496,-45.917951,6.600,-15.32,-2.18,
47943,146.541837,6.708614,5.800,5.68,-24.03,
47950,146.567243,-33.508251,6.940,-11.75,-1.90,
47956,146.585078,-76.775981,5.430,83.51,-56.95,
47959,146.597238,11.810001,5.670,-15.45,17.28,
47960,146.598512,1.785686,5.650,-54.69,-41.20,
47962,146.610411,-59.352698,6.860,-16.27,11.06,
47963,146.626588,-44.755059,5.580,-13.12,-0.43,
47965,146.631934,57.127990,5.090,0.12,33.12,
47973,146.676831,45.114714,6.810,55.40,-131.40,
47999,146.766573,-31.268126,6.970,-32.75,2.89,
48001,146.771421,-10.522987,7.000,-43.13,-6.15,
48002,146.775573,-65.072019,2.920,-11.55,4.97,
48009,146.808666,-17.205914,6.720,-22.92,6.46,
48017,146.825569,79.136730,6.090,-29.88,-20.44,
48023,146.842520,23.647692,6.490,-16.06,-2.37,
48029,146.858312,11.568177,6.440,-49.90,-4.83,
48034,146.877974,63.248137,6.940,-123.57,-136.15,
48037,146.895195,-38.189712,6.830,-16.05,0.01,
48042,146.901979,-33.243568,6.630,49.90,-50.29,
48054,146.933170,-49.943283,6.520,-17.95,-6.39,
48095,147.089703,-75.778087,6.800,-152.08,91.07,
48113,147.146604,46.021233,5.080,222.07,-92.62,
48119,147.166913,-56.411926,6.050,-58.39,14.77,
48125,147.178916,-26.414531,6.630,-153.73,35.61,
48126,147.181282,-9.918632,6.980,-31.23,-5.33,
48140,147.208877,60.097030,7.000,-77.32,-51.30,
48172,147.287242,-43.482866,6.530,-16.30,15.30,
48184,147.321897,-8.835074,6.850,-42.70,3.31,
48191,147.367286,-37.186785,5.950,-88.86,8.06,
48192,147.368432,36.747429,6.610,39.46,-18.45,
48198,147.388251,-11.784970,6.800,-46.03,8.17,
48212,147.444317,31.077119,6.820,55.64,-43.13,
48218,147.458841,21.179458,6.100,-43.98,-14.42,
48219,147.464005,-36.268473,6.360,-18.07,4.29,
48223,147.479091,-68.419510,6.700,-90.19,32.53,
48224,147.488173,-45.732760,5.090,-24.87,10.07,
48248,147.543227,24.561943,6.890,-48.76,43.23,
48256,147.557773,39.631693,6.640,4.10,6.28,
48266,147.598612,65.593296,6.270,-58.50,-28.38,
48273,147.625704,4.343774,6.240,-150.10,-50.91,
48287,147.674875,-46.934002,5.720,-38.82,32.70,
48298,147.705325,11.842418,6.860,-13.21,0.75,
48310,147.731659,-62.745137,5.560,-12.16,8.46,
48319,147.748715,59.039104,3.780,-294.45,-151.75,
48320,147.753335,-80.061096,6.470,-3.19,15.33,
48324,147.758220,13.066257,6.450,19.73,-7.42,
48327,147.765464,-23.017305,6.850,8.17,-4.61,
48339,147.800140,-59.425673,5.790,28.40,-41.59,
48341,147.808433,-4.243281,6.010,13.76,-28.25,
48348,147.832342,-46.193954,5.620,-49.65,33.82,
48351,147.840377,-6.182059,6.420,-126.85,53.73,
48356,147.869510,-14.846550,4.110,18.68,-21.88,
48371,147.911792,-46.512304,6.710,-25.30,8.03,
48374,147.919535,-46.547644,4.580,-24.41,9.80,
48375,147.921655,-11.340410,6.480,31.70,-39.82,
48390,147.970936,24.395794,5.290,20.98,-174.56,
48396,147.998027,-16.534611,6.080,13.18,-67.52,
48402,148.026501,54.064286,4.550,-4.21,19.18,
48413,148.049999,0.075672,6.340,-25.93,-25.40,
48414,148.051130,2.453899,6.020,-185.01,95.35,
48428,148.090276,37.914518,6.710,-52.64,-21.66,
48430,148.109575,-71.943407,6.910,-15.97,11.96,
48436,148.125566,35.524620,6.930,-10.01,0.98,
48437,148.126962,-8.104916,5.070,-61.83,-47.21,
48455,148.191490,26.007085,3.880,-216.29,-54.92,
48468,148.242543,-27.332404,6.280,-278.14,95.43,
48469,148.250438,-55.373217,6.500,-12.65,3.72,
48512,148.404253,34.983847,6.760,-17.22,-13.18,
48519,148.428862,5.958569,5.900,-2.92,1.72,
48527,148.458796,-51.146715,5.950,-13.68,0.55,
48552,148.527998,4.945383,6.720,-26.84,12.64,
48559,148.551827,-25.932482,4.870,-183.95,56.56,
48563,148.573154,59.920403,6.840,31.03,-16.79,
48561,148.573619,-45.283527,5.720,-17.20,4.42,
48571,148.596112,-46.636884,6.650,-25.23,12.28,
48584,148.632628,-22.487453,6.230,-26.01,-1.32,
48589,148.641198,-58.421274,6.640,-2.85,-0.03,
48592,148.644177,-12.950946,6.870,50.55,-235.60,
48613,148.713602,-50.243977,5.710,-37.02,7.29,
48615,148.717655,-19.009270,4.940,-46.09,-37.04,
48630,148.750596,-16.193919,6.510,-47.38,21.45,
48638,148.763950,61.116131,6.290,7.79,-3.24,
48641,148.773816,-69.189050,6.730,-67.46,31.29,
48643,148.775108,-57.382947,6.740,-25.17,10.43,
48662,148.858808,-41.586892,6.690,-2.82,3.51,
48672,148.897465,-17.469438,6.850,-16.08,-13.18,
48682,148.929190,49.819795,5.270,-3.45,19.66,
48687,148.937509,-8.836503,6.680,-5.75,2.69,
48699,148.979174,7.677282,6.790,-11.96,-30.04,
48703,148.995960,-39.553180,6.990,-23.72,-38.55,
48706,149.022298,-40.824504,6.390,-23.24,-17.15,
48710,149.025210,52.269065,6.630,-33.99,-33.64,
48712,149.033386,-7.645329,6.740,-16.07,6.07,
48715,149.040668,-71.389309,6.300,-15.36,3.78,
48720,149.057694,-53.619221,6.800,-18.69,9.21,
48723,149.064941,-31.091476,6.930,-3.76,-3.40,
48730,149.091257,-51.336154,6.390,-7.61,-1.66,
48734,149.108443,8.933108,5.850,-84.71,20.41,
48735,149.109468,54.243793,6.590,-41.91,-10.69,
48741,149.128982,-13.463840,6.780,-33.42,-9.79,
48742,149.130660,32.384609,6.550,-19.61,20.66,
48748,149.147792,-33.418550,5.830,34.33,22.02,
48763,149.195386,-26.549744,6.270,-77.40,29.70,
48768,149.202963,4.242196,6.700,-181.50,-49.80,
48774,149.215645,-54.567797,3.520,-13.13,2.83,
48776,149.225583,-27.475212,6.320,-73.03,23.82,
48782,149.249323,-69.101825,6.180,-17.86,8.81,
48799,149.295623,-52.638793,6.130,-8.83,4.11,
48802,149.306550,57.418351,5.970,35.74,-63.78,
48806,149.314117,-64.489561,6.590,-134.04,86.81,
48830,149.415287,-16.522060,6.620,8.84,-30.10,
48833,149.421435,41.055697,5.110,-116.94,-26.26,
48835,149.427524,-48.414070,6.060,-9.34,-1.84,
48839,149.432908,-1.941771,6.430,8.89,8.50,
48861,149.486836,45.414381,6.340,6.43,-34.11,
48873,149.529936,-62.585415,6.870,-29.28,23.52,
48876,149.531753,8.314045,6.050,17.59,-27.03,
48883,149.555795,12.444839,5.260,-25.28,-16.07,
48884,149.558342,-25.131122,6.770,-17.25,1.95,
48893,149.595458,72.879598,5.860,-69.92,-36.52,
48895,149.608815,27.759068,6.480,-116.60,-28.35,
48905,149.642402,58.951962,6.720,-9.27,-43.26,
48917,149.685209,50.125198,6.700,-20.63,-17.04,
48926,149.718083,-35.890933,5.230,-89.59,-16.27,
48942,149.773408,-63.345218,6.680,21.13,-39.47,
48943,149.776330,-23.950783,6.110,-23.22,5.30,
48964,149.828042,-20.356770,6.700,-19.96,-8.19,
48975,149.859242,-44.955438,6.720,-9.74,-4.75,
48977,149.867311,21.321450,6.740,-42.85,21.02,
48982,149.901157,29.645325,5.750,-94.44,-37.84,
48990,149.929659,3.384748,6.690,-58.82,18.07,
49005,149.965500,56.811876,5.500,-31.49,-28.04,
49029,150.053435,8.044277,4.680,-30.06,-22.11,
49052,150.144091,-56.946165,6.500,-53.08,23.35,
49065,150.182936,-82.214746,5.530,-26.99,31.11,
49076,150.244151,-50.477718,6.910,-8.18,4.17,
49081,150.254251,31.924715,5.370,-529.22,-428.93,
49092,150.300062,-56.096562,6.420,-27.45,1.00,
49103,150.326369,28.784393,6.930,0.37,7.23,
49137,150.419689,-53.364116,6.200,-16.56,0.47,
49141,150.434688,-23.806865,6.800,-34.78,-1.19,
49160,150.492043,-57.349845,6.200,-38.39,22.82,
49163,150.497631,74.759180,6.910,-50.43,-37.36,
49164,150.500438,-60.420900,5.930,-7.42,3.90,
49202,150.638603,-13.296558,6.980,-136.28,18.01,
49209,150.654283,-20.423959,6.820,24.30,-23.34,
49220,150.703996,21.949271,5.680,-13.75,-5.28,
49221,150.705138,-1.067629,6.700,12.30,-87.66,
49222,150.705466,-30.577586,6.540,-18.20,25.90,
49223,150.705929,-62.156676,6.410,-8.77,3.89,
49233,150.749791,-60.178686,6.180,-6.89,4.60,
49253,150.807112,50.109249,6.900,-20.32,-8.17,
49259,150.835853,-46.636165,6.110,-28.39,-10.77,
49264,150.848181,-33.238284,6.620,-25.69,-1.34,
49281,150.892248,-61.884050,6.140,-17.73,4.23,
49293,150.920793,-9.573770,6.090,-6.32,-9.17,
49294,150.923459,-25.316735,6.710,-18.10,5.65,
49308,150.973199,38.020739,6.750,-100.90,-124.42,
49321,151.011786,-18.101415,6.300,-27.28,3.65,
49326,151.030706,-81.565621,6.600,-50.13,52.97,
49329,151.035314,3.201283,6.430,-73.63,-93.76,
49338,151.086420,-48.445827,6.830,-53.00,40.08,
49339,151.087570,-24.285596,5.700,-117.30,25.29,
49343,151.097466,-39.975859,6.420,-37.32,0.51,
49351,151.116107,-51.798395,6.990,-20.72,4.48,
49360,151.142042,-64.647759,6.910,-14.91,13.53,
49363,151.151438,53.891726,5.710,-22.58,-3.84,
49375,151.204317,-28.188715,6.990,-27.17,11.38,
49393,151.257670,-56.897961,6.860,3.54,17.33,
49394,151.257762,-51.313648,6.230,-29.55,11.27,
49402,151.281219,-13.064674,4.600,-37.48,19.90,
49408,151.293314,52.371314,6.310,-14.01,-4.92,
49411,151.300136,-28.197055,6.970,-26.52,6.02,
49413,151.302981,-42.172294,6.530,50.24,-1.98,
49418,151.313686,-36.384352,6.270,-6.96,-12.19,
49428,151.360605,-34.882669,6.600,-11.64,-0.70,
49434,151.386757,-33.392152,6.990,-108.19,-19.88,
49445,151.420687,15.757524,6.360,-77.31,-7.20,
49450,151.438742,-30.891627,6.620,-38.01,-17.21,
49462,151.470498,-63.835083,6.910,-8.06,-15.40,
49477,151.530265,-52.187978,6.500,-55.35,16.15,
49485,151.546755,-47.369865,5.060,-10.84,-53.46,
49530,151.697684,5.611533,6.200,-33.02,-16.29,
49541,151.724442,-17.444189,6.720,-32.06,3.45,
49546,151.749637,-71.477973,6.580,-41.05,-23.77,
49561,151.781532,-21.255743,6.660,60.06,2.53,
49569,151.789540,-17.141596,5.590,15.41,-56.22,
49583,151.833139,16.762666,3.480,-1.94,-0.53,
49593,151.857188,35.244692,4.490,50.97,0.64,
49610,151.884055,-22.489619,6.990,-3.31,0.06,
49613,151.888929,0.918338,6.670,-16.27,-7.24,
49619,151.898875,-48.260830,6.400,-15.94,3.94,
49633,151.940269,-7.630735,6.630,-55.26,-14.19,
49637,151.976328,9.997664,4.390,-81.10,-64.20,
49641,151.984565,-0.371628,4.480,-26.17,-3.65,
49642,151.985988,-62.221435,6.450,-5.93,7.81,
49645,152.006958,-37.333462,6.340,-27.42,7.03,
49658,152.066426,31.604276,6.230,-79.91,-91.81,
49662,152.075524,-58.198549,6.630,-3.27,-13.73,
49669,152.093581,11.967195,1.360,-249.40,4.91,Regulus
49688,152.143323,83.918357,6.310,-1.21,6.27,
49689,152.147696,-15.611947,6.250,-37.47,3.13,
49694,152.171901,1.160717,6.680,12.86,16.43,
49698,152.178491,-65.815533,5.260,-62.86,38.98,
49701,152.190239,-10.884787,6.540,-4.29,-5.86,
49712,152.234390,-51.811262,4.850,-14.60,0.51,
49720,152.273938,-48.306599,6.760,-64.96,32.59,
49724,152.281896,63.952425,6.530,9.44,0.49,
49729,152.285011,18.530747,6.920,51.23,-64.77,
49739,152.311993,6.170909,6.600,-12.44,-2.86,
49747,152.331796,20.332394,6.680,-22.86,-17.70,
49751,152.341699,-61.549197,6.940,-93.65,77.27,
49764,152.375832,-68.682833,5.800,-19.74,22.09,
49769,152.383696,-35.856810,6.140,-442.84,16.26,
49788,152.450878,-47.446212,6.970,-23.44,16.33,
49802,152.485366,-12.095261,6.240,-1.70,-17.76,
49809,152.524831,-12.815658,5.300,-122.30,-109.18,
49812,152.531490,-8.408163,5.910,-28.51,-2.92,
49823,152.560134,-48.014047,6.820,-32.00,-14.43,
49828,152.588466,-67.263409,6.880,-11.04,5.62,
49833,152.601193,-64.384276,6.890,-15.89,19.13,
49841,152.647488,-12.353839,3.610,-200.33,-100.28,
49844,152.657066,-41.714933,5.980,28.07,-129.15,
49849,152.673830,-38.910916,6.760,-54.19,9.56,
49858,152.717758,-15.709198,6.960,-0.12,5.10,
49865,152.732755,-8.418351,5.640,-0.12,-45.43,
49870,152.745735,40.661602,6.340,-9.04,2.35,
49882,152.785362,20.696487,6.640,121.90,-140.27,
49892,152.803180,-67.892366,6.830,-30.97,3.01,
49893,152.803305,37.401971,5.860,-20.32,-29.01,
49900,152.823989,-7.316594,6.230,13.22,-13.31,
49902,152.829406,-18.956962,6.740,26.18,-80.20,
49908,152.847346,49.455464,6.600,-1361.55,-505.00,
49926,152.897866,-58.827827,6.070,-24.57,26.79,
49929,152.909117,13.355204,6.430,38.83,-37.05,
49934,152.943633,-58.060560,5.700,-10.71,6.63,
49943,152.953567,-34.333924,6.660,81.91,-44.45,
49950,152.974255,-35.324736,6.680,-1.48,0.38,
49967,153.011989,-28.605955,6.280,-39.83,-0.34,
49994,153.095722,-52.163352,6.160,-52.74,45.23,
50013,153.158738,-19.152808,6.450,-219.02,-95.75,
50019,153.177311,28.242041,6.860,-26.48,-11.79,
50027,153.201638,4.614690,5.770,-48.72,-4.37,
50038,153.239060,-65.166494,7.000,-20.11,6.05,
50043,153.254119,-19.689203,6.870,-12.15,14.83,
50044,153.254852,-59.918094,6.070,-15.31,2.60,
50066,153.331176,-27.028978,6.230,-55.56,35.83,
50067,153.338331,-61.658836,6.420,-15.79,2.73,
50069,153.342985,-56.586699,6.480,-26.39,0.61,
50070,153.345340,-51.232938,5.270,-39.70,-13.61,
50075,153.354114,-33.031879,6.380,-369.81,64.39,
50078,153.366851,-51.755805,5.780,-53.27,6.95,
50083,153.377844,-66.372839,5.150,-34.35,11.53,
50097,153.432625,50.496525,6.630,15.90,0.09,
50099,153.434496,-70.037922,3.290,-35.73,7.55,
50103,153.441584,-40.346076,5.910,-73.96,8.47,
50108,153.455224,-68.059829,6.730,-5.73,-1.07,
50109,153.457184,27.135827,6.050,-28.99,-3.32,
50122,153.485754,-40.310752,6.330,-30.43,-9.10,
50140,153.535031,-7.993447,6.970,-11.40,-22.07,
50142,153.537401,-23.813972,6.360,-24.41,10.87,
50149,153.557093,-39.103682,6.530,9.08,-15.66,
50174,153.624324,21.168233,6.020,-143.16,-72.05,
50191,153.684474,-42.122063,3.850,-150.68,49.84,
50196,153.709560,-41.726152,6.540,-113.65,31.82,
50200,153.723742,-42.383058,6.750,-22.42,5.88,
50210,153.753416,-44.467825,6.590,-20.88,5.12,
50218,153.776513,31.468075,6.470,-36.47,-3.65,
50221,153.781323,-55.549291,6.640,-61.21,7.70,
50222,153.781877,59.985527,6.180,14.22,5.14,
50232,153.819386,-54.974215,6.160,-13.49,3.23,
50234,153.837053,-36.517735,6.170,-28.59,7.54,
50241,153.881452,-43.112241,5.590,22.40,-52.68,
50263,153.952215,-50.177738,7.000,10.08,-16.33,
50279,153.986727,-55.519688,6.850,-40.53,15.08,
50286,154.013062,60.150699,6.770,-23.73,-34.67,
50287,154.013567,-59.903436,6.220,-39.12,10.59,
50292,154.037550,-11.203417,6.080,-23.72,-0.67,
50303,154.060331,29.310560,5.490,-71.25,-24.05,
50305,154.066877,17.740340,6.600,-5.65,1.73,
50308,154.071628,78.946963,6.850,24.21,3.98,
50316,154.117184,28.682703,6.460,-62.33,-92.18,
50319,154.135071,23.503013,5.950,-200.23,33.89,
50320,154.136762,-19.308165,6.700,-36.63,2.87,
50332,154.167386,-51.204664,6.200,-39.92,11.71,
50333,154.169797,13.728371,5.420,-22.85,-15.24,
50335,154.172518,23.417328,3.430,19.84,-7.30,
50336,154.174331,25.370698,5.840,-128.51,3.18,
50340,154.191377,-20.669646,6.570,-89.80,-15.40,
50371,154.270855,-61.332320,3.390,-24.25,6.38,
50372,154.274696,42.914469,3.450,-170.11,-42.64,
50384,154.311669,23.106456,5.810,-413.29,-97.22,
50389,154.323714,41.467478,6.550,-86.35,-19.93,
50391,154.334171,-46.834943,6.480,-22.66,0.45,
50403,154.381561,-65.429507,6.790,-10.27,-0.17,
50414,154.407902,-8.068921,5.250,-160.25,2.78,
50433,154.460896,71.060806,6.660,-35.29,-44.10,
50447,154.504949,73.073679,6.530,-57.78,-68.27,
50448,154.508961,65.108374,5.740,-89.48,-9.28,
50456,154.531669,-28.992027,5.520,-15.40,10.85,
50459,154.543879,27.415455,6.530,-24.39,10.05,
50461,154.545418,-82.910734,6.680,47.42,-18.49,
50480,154.617775,-41.668498,5.970,-28.24,3.13,
50485,154.637145,43.048634,6.480,-123.91,-77.74,
50492,154.657823,-36.804597,6.310,-32.36,10.29,
50493,154.658994,-56.110675,5.800,-239.33,115.90,
50505,154.716240,44.049050,6.660,62.98,-299.34,
50508,154.739563,17.705933,6.850,-41.79,-18.09,
50509,154.744872,46.760855,6.420,-49.37,-31.92,
50513,154.749049,51.405490,6.810,24.80,-0.52,
50516,154.753090,24.712120,6.420,-55.21,7.26,
50519,154.760728,-50.716116,6.890,-10.04,6.86,
50520,154.771331,-64.676288,5.660,-35.18,12.33,
50525,154.795059,-34.616552,6.730,-43.43,27.50,
50526,154.800788,72.437262,7.000,-87.06,-56.14,
50536,154.820332,-12.528100,6.010,-17.73,-13.01,
50546,154.862006,48.397031,6.000,-105.97,-110.66,
50552,154.884870,-5.105976,6.380,-41.13,-70.76,
50555,154.903188,-55.029315,4.590,-14.79,4.03,
50561,154.919622,-59.146095,6.950,-5.62,1.01,
50562,154.925175,-65.137244,6.350,-8.43,2.13,
50564,154.934626,19.471436,4.780,-229.99,-214.66,
50574,154.965696,-47.961237,6.700,13.85,-12.96,
50575,154.968132,-51.567885,6.880,-39.97,14.35,
50583,154.992341,19.841860,2.010,310.77,-152.88,Algieba
50584,154.997997,-9.058830,6.310,-63.40,-71.73,
50606,155.061998,53.779270,6.450,-88.11,49.87,
50609,155.069680,-47.699100,5.660,-9.13,4.00,
50626,155.114310,-72.130300,6.960,-0.71,22.93,
50635,155.129934,54.216854,6.010,-34.89,-6.03,
50641,155.142555,-31.813786,6.570,-142.42,47.05,
50658,155.184601,-5.382050,6.970,-47.56,-7.42,
50664,155.201279,-47.565894,6.640,20.30,-6.51,
50676,155.228396,-56.043224,4.500,-18.15,1.49,
50684,155.258378,2.289725,6.660,-10.07,-0.36,
50685,155.264284,68.747734,5.880,-54.63,-34.17,
50687,155.265289,41.849387,6.770,-0.58,3.27,
50692,155.279924,-5.415041,6.690,-13.26,33.31,
50693,155.283241,-17.984888,6.500,-30.52,-29.14,
50705,155.310706,-13.786516,6.560,-43.26,-5.18,
50719,155.339769,-25.372995,6.710,-15.59,-6.10,
50728,155.369566,-23.710877,6.470,-49.88,17.62,
50739,155.399538,-22.528512,6.520,-48.01,0.59,
50755,155.459677,14.975801,6.160,-32.15,-11.27,
50785,155.543649,-58.265637,6.340,-48.30,26.72,
50786,155.544397,41.229867,5.730,-120.17,-138.60,
50787,155.544956,-13.409701,6.910,-30.93,-10.35,
50790,155.553998,-19.866593,6.120,-34.74,9.19,
50792,155.559113,8.964392,6.630,-25.11,-8.85,
50799,155.581692,-41.650108,4.820,-27.23,60.77,
50801,155.582514,41.499434,3.060,-80.47,34.10,
50847,155.742414,-66.901525,4.970,-22.84,11.04,
50849,155.746882,-24.333618,6.830,22.66,-24.24,
50851,155.751904,6.542884,6.060,-16.27,-98.74,
50860,155.776407,33.908155,5.890,-14.13,-4.29,
50868,155.804745,-30.162235,6.250,2.91,-11.72,
50870,155.811468,5.694407,6.540,-239.36,-59.31,
50874,155.823480,-13.377049,6.610,-143.23,-42.66,
50885,155.860450,-4.074045,5.930,-50.51,4.24,
50887,155.868050,-0.902162,6.450,65.19,-33.77,
50888,155.872557,-38.009709,5.340,-158.83,-53.55,
50893,155.886098,-3.642868,6.390,-11.79,5.45,
50903,155.919640,-41.953220,6.240,-112.88,12.62,
50904,155.924020,29.615887,6.360,-7.90,-13.12,
50915,155.956353,25.568311,6.760,-13.85,-54.86,
50916,155.961065,-57.953904,6.340,-21.89,-11.86,
50921,155.980418,-29.645771,6.920,-38.02,99.72,
50933,156.032745,65.566474,4.940,-8.93,-20.83,
50935,156.035893,33.718535,5.520,-15.65,-1.93,
50939,156.054796,2.368072,6.330,44.22,-22.16,
50950,156.081438,10.587780,6.800,-32.44,-1.14,
50951,156.092450,34.176453,6.950,4.63,-20.91,
50954,156.098919,-74.031545,3.990,-16.12,-27.63,
50958,156.105392,2.393299,6.610,-41.89,-19.70,
50970,156.165200,-54.321944,6.800,-8.31,5.01,
50971,156.173949,82.801675,6.840,2.21,-4.34,
50976,156.185686,-73.971759,6.180,-24.84,10.90,
50993,156.247920,-58.576318,5.930,-74.09,6.12,
51001,156.277312,-50.106720,6.780,54.95,-25.44,
51008,156.313287,8.784939,5.610,10.54,-38.65,
51011,156.317534,-58.872477,7.000,-19.12,6.89,
51014,156.321732,-42.467374,6.180,-1.74,-12.47,
51021,156.348995,-29.193853,6.620,-55.38,4.49,
51029,156.377445,36.204607,6.640,-25.45,-22.20,
51046,156.434794,-7.060143,5.600,-135.20,129.00,
51047,156.437496,35.425571,6.490,-107.01,-58.05,
51049,156.443475,-54.988844,7.000,-43.23,58.06,
51056,156.478613,33.796264,4.720,-75.28,-59.00,
51061,156.494499,2.929215,6.970,-30.72,-1.67,
51069,156.522938,-16.836096,3.830,-128.51,-80.06,
51075,156.538338,3.932533,6.670,1.75,0.54,
51077,156.541279,-42.738398,6.130,-95.31,-39.21,
51087,156.565195,-53.891474,6.990,-9.98,4.96,
51090,156.576965,-6.427200,7.000,3.76,-9.07,
51097,156.595256,54.407483,6.980,-46.89,-1.40,
51104,156.606750,-39.361989,6.800,-29.56,-2.58,
51117,156.653928,-0.988078,6.330,-48.52,9.19,
51130,156.683116,-47.659680,6.560,8.03,-58.89,
51135,156.695412,-4.388336,6.550,-44.50,-1.37,
51140,156.703896,-54.877314,5.580,-13.71,5.01,
51141,156.705487,-73.167992,6.610,-30.98,16.93,
51161,156.752175,19.364551,6.150,-59.42,-5.57,
51172,156.788150,-31.067802,4.280,-80.42,9.63,
51179,156.801060,11.317056,6.640,-38.08,15.63,
51192,156.851993,-57.638814,4.650,-6.71,3.72,
51194,156.855831,-65.704714,6.000,-81.88,20.57,
51200,156.866992,41.601212,6.000,-47.23,-72.72,
51213,156.912441,9.762411,6.010,7.85,-6.27,
51224,156.941404,59.597291,6.860,-45.04,-19.97,
51232,156.969771,-58.739409,3.810,-13.25,2.21,
51233,156.971219,36.707478,4.200,-127.52,-109.62,
51245,157.008661,-49.405692,6.100,19.10,-44.93,
51246,157.011955,-57.198468,6.830,-10.65,2.91,
51247,157.013694,48.963957,6.750,-13.00,4.32,
51248,157.015879,48.787044,6.420,80.56,-881.76,
51265,157.076174,-63.164573,6.420,-16.31,3.26,
51290,157.152241,45.212263,6.370,-21.80,-21.03,
51291,157.153612,-19.524749,6.700,6.60,-25.91,
51294,157.176813,-43.838399,6.680,-33.54,23.80,
51302,157.183166,-3.742316,6.050,0.69,-28.28,
51307,157.200138,-57.233050,6.690,-17.16,19.74,
51309,157.202368,14.343718,6.850,-73.88,-7.04,
51313,157.219154,-64.172285,5.270,-15.90,2.83,
51325,157.256607,29.727596,6.610,14.10,-33.21,
51327,157.265297,-65.176335,6.420,54.40,37.44,
51362,157.369711,-2.739047,5.190,-48.78,-12.76,
51364,157.370889,-29.663854,5.580,-59.71,8.85,
51376,157.397493,-30.607071,5.570,-29.27,2.44,
51379,157.409458,-43.050832,6.810,-16.14,8.09,
51384,157.425868,84.252105,5.520,-128.39,-39.60,
51386,157.426325,1.491423,6.880,-151.45,-125.30,
51399,157.473701,28.581223,6.880,5.40,-0.75,
51401,157.476787,65.626304,6.320,5.21,-29.16,
51420,157.526916,38.925143,5.790,-15.68,-4.62,
51425,157.536719,-66.984667,6.190,-17.36,5.24,
51434,157.563605,50.569209,6.740,-1.02,-35.02,
51437,157.572929,-0.636972,5.080,-40.12,-22.17,
51438,157.583646,-71.992720,4.720,27.94,-30.04,
51444,157.593410,-57.077388,6.620,-5.60,-0.63,
51448,157.611057,64.257813,6.070,-50.85,-50.74,
51451,157.629001,2.150296,6.980,59.25,-38.22,
51457,157.650309,36.273634,6.850,-33.24,-63.57,
51459,157.657351,55.980618,4.820,-177.02,-33.45,
51461,157.663511,-61.356507,6.410,3.05,13.36,
51472,157.705316,-86.090678,6.640,1.11,-2.75,
51475,157.714299,-26.483802,6.510,-60.00,13.67,
51486,157.738526,-44.367836,6.840,-9.82,5.00,
51490,157.744936,-7.637545,6.200,-35.14,-2.00,
51491,157.749408,-13.588468,5.590,-33.59,-0.81,
51495,157.758644,-73.221509,4.940,-7.45,7.64,
51502,157.770919,82.558538,5.250,-79.21,20.43,
51523,157.842645,-53.715993,4.890,-418.76,209.46,
51538,157.901151,2.844824,6.570,-35.11,-23.44,
51551,157.953051,-28.237092,6.040,-81.10,-4.58,
51556,157.964016,32.379538,5.900,17.10,6.89,
51560,157.986059,-45.069656,6.040,-19.96,-1.70,
51561,157.989370,-45.066714,5.760,-15.40,1.41,
51576,158.006182,-61.685360,3.300,-16.59,11.42,
51585,158.049160,14.137210,5.430,-40.94,24.71,
51602,158.118950,-6.074995,6.820,-14.64,-35.06,
51610,158.140086,-44.618450,5.910,-12.76,-23.62,
51623,158.199236,-58.666750,5.980,-6.54,2.16,
51624,158.202813,9.306594,3.840,-5.57,-3.59,
51633,158.227698,-22.527610,6.970,-30.02,-1.37,
51635,158.237003,-47.003369,5.020,-24.04,6.83,
51656,158.302424,-13.404230,6.520,-21.54,-3.40,
51658,158.308322,40.425540,4.720,-142.04,8.00,
51661,158.313130,-55.386885,6.680,-13.69,-1.78,
51676,158.355822,-58.190157,6.090,-7.75,3.39,
51685,158.378882,34.988702,5.570,-28.70,-3.08,
51686,158.379625,-40.238369,6.680,23.00,-28.02,
51697,158.432513,53.497454,6.520,-26.84,-26.24,
51718,158.503713,-23.745216,5.080,-10.44,21.15,
51732,158.553009,-60.987629,6.250,-8.72,-0.22,
51739,158.570801,-37.386802,6.900,-17.90,4.32,
51775,158.700307,6.953611,5.070,-100.19,56.60,
51781,158.708010,27.961784,6.820,152.57,-85.69,
51784,158.709242,-3.899298,6.670,0.05,-161.69,
51795,158.740678,-23.176330,6.100,-99.70,34.01,
51802,158.759125,8.650439,5.670,-52.74,-5.56,
51806,158.769355,-57.677126,6.840,-20.79,-2.64,
51808,158.773285,75.712984,4.860,-45.58,-14.96,
51809,158.775455,2.204531,6.650,-19.86,3.10,
51810,158.775895,-69.351434,6.870,1.73,-16.82,
51813,158.785738,41.908965,6.940,24.76,-16.03,
51814,158.790093,57.082547,5.160,65.65,37.11,
51816,158.793541,-43.664662,6.090,-46.01,30.87,
51821,158.803646,-39.562597,5.500,-32.17,3.29,
51832,158.842731,-12.859269,6.790,-50.71,-73.67,
51835,158.853347,-76.309005,6.290,-17.82,7.86,
51839,158.867577,-78.607814,4.110,-38.00,11.53,
51849,158.897144,-57.557636,4.450,-15.43,-0.16,
51852,158.911919,-18.569006,6.490,5.20,11.63,
51857,158.925064,-58.192890,6.680,-7.56,3.14,
51866,158.955526,-58.224290,6.520,-7.52,2.79,
51870,158.965210,-49.231082,6.950,-13.98,5.69,
51883,159.008419,80.494638,6.480,-18.05,-3.70,
51885,159.018777,-26.675286,6.290,2.12,-79.49,
51905,159.069489,-16.344333,6.010,-30.43,2.93,
51907,159.072394,-10.583326,6.580,22.81,-31.64,
51912,159.085685,-59.564295,5.080,-39.90,-39.92,
51914,159.089145,36.327009,6.290,36.92,-33.84,
51933,159.134261,-12.228487,5.710,268.49,-672.31,
51936,159.147508,-28.771837,6.830,-35.76,8.24,
51943,159.177523,-27.656374,6.650,-30.94,8.93,
51958,159.213109,-22.665242,6.980,10.81,-17.00,
51967,159.256551,-71.691636,6.920,-51.84,27.17,
51974,159.298091,-11.748539,6.520,-64.76,-32.15,
51977,159.303589,-31.762710,6.770,-29.50,6.11,
51979,159.307495,-27.412687,4.870,-112.98,21.52,
51984,159.317183,-53.855265,6.430,-10.86,2.15,
51986,159.326070,-48.225616,3.840,-131.48,-1.58,
51992,159.335826,56.431357,6.550,-45.08,-6.36,
52003,159.362708,-12.394020,6.870,-13.91,31.77,
52004,159.362818,-58.733347,5.470,-7.46,3.11,
52009,159.388531,-13.384451,4.890,41.74,-37.83,
52022,159.425307,-35.720022,7.000,-12.65,-4.26,
52032,159.467824,34.078610,6.420,-18.93,5.20,
52043,159.511091,-57.256311,5.890,-15.58,0.72,
52059,159.573239,-65.041964,6.730,-17.81,11.97,
52064,159.582895,60.125030,6.770,-23.17,-202.10,
52085,159.645888,-16.876637,4.910,-98.57,26.75,
52098,159.680053,31.976220,4.680,0.10,7.18,
52102,159.687552,-59.182999,4.690,-14.29,0.79,
52103,159.689143,-59.262420,6.500,-14.26,-0.18,
52112,159.709705,-42.753414,6.100,-19.46,-12.22,
52113,159.710170,-12.443642,6.040,-46.88,10.15,
52116,159.714167,-64.498039,6.970,-15.36,10.10,
52120,159.727085,16.127477,6.610,57.05,-21.87,
52127,159.748770,-58.816886,5.960,-76.65,13.10,
52131,159.757616,-75.157497,6.750,-31.55,2.94,
52136,159.773934,53.668493,5.550,-90.15,-79.36,
52139,159.782481,37.910111,5.840,-220.38,-45.73,
52150,159.816407,-74.493384,6.080,-18.48,0.08,
52151,159.817946,-36.677184,6.690,-47.96,15.19,
52154,159.826719,-55.603279,4.290,-18.87,4.31,
52160,159.845227,-64.111813,6.330,-16.97,10.20,
52203,159.991403,-52.284127,6.880,-34.78,3.55,
52204,159.992432,-49.279720,6.970,-25.55,27.93,
52221,160.047765,-65.100240,5.510,-17.45,12.86,
52230,160.062274,-47.160265,6.990,-24.68,6.44,
52261,160.175539,-64.653218,6.810,-17.97,11.92,
52273,160.214826,-35.741731,6.360,-26.60,5.53,
52274,160.221084,-57.935601,6.900,-6.09,2.38,
52293,160.276827,-64.474407,6.730,-17.95,10.35,
52308,160.323020,-59.676922,6.350,-7.81,2.58,
52316,160.351111,-1.741201,6.250,-136.88,-119.10,
52320,160.358928,-56.068733,6.810,-40.47,4.42,
52324,160.376485,-35.731117,6.820,-24.79,-3.91,
52338,160.451272,68.443560,5.740,-29.43,-24.78,
52340,160.464900,-79.783302,5.970,-17.50,5.82,
52353,160.486593,65.716462,5.120,-162.71,-75.04,
52366,160.546957,31.697043,6.020,-3.18,-18.84,
52369,160.554917,-13.787295,6.790,235.49,-172.00,
52370,160.558933,-64.466454,4.760,-17.75,11.27,
52378,160.591627,-47.220244,6.960,-4.16,-15.43,
52385,160.613662,-8.727197,6.860,-2.11,2.68,
52391,160.630758,-13.974545,6.240,-14.89,12.54,
52397,160.650108,-75.463766,6.850,-12.24,1.99,
52401,160.656362,3.583024,6.570,-75.37,35.13,
52405,160.669058,-59.215765,5.360,-6.48,2.32,
52407,160.680037,-32.715673,5.630,-30.95,-0.12,
52414,160.718038,-23.549032,6.790,4.68,-0.02,
52419,160.739278,-64.394479,2.740,-18.87,12.06,
52420,160.754334,-49.057125,6.990,-9.98,33.26,
52422,160.758111,26.325697,5.510,-99.56,-49.34,
52425,160.766831,69.076245,5.010,0.28,-12.86,
52436,160.789349,-61.168541,6.620,-14.85,3.49,
52447,160.824650,-31.759628,6.550,14.43,-38.24,
52452,160.837118,4.747750,5.770,19.69,-32.96,
52457,160.854291,23.188384,5.080,-116.66,8.27,
52464,160.873059,80.427095,6.700,18.63,5.21,
52468,160.884615,-60.566627,4.580,-15.22,3.12,
52469,160.887989,46.204038,5.180,-268.17,-66.06,
52478,160.930487,57.199329,5.790,17.38,-51.66,
52484,160.954508,18.313093,6.510,16.70,-43.89,
52487,160.963394,-64.249052,5.740,-16.35,4.05,
52488,160.967773,-60.117788,6.450,-6.55,2.03,
52502,161.028905,-63.961101,4.800,-17.06,11.97,
52506,161.040194,-51.923728,6.870,-41.66,3.01,
52513,161.060914,19.758884,6.270,-116.65,-20.60,
52520,161.083763,-70.859723,6.250,-46.04,0.85,
52526,161.095496,-59.993327,6.320,-7.10,2.48,
52535,161.113562,-72.443627,6.260,-151.58,53.25,
52536,161.117163,-23.985463,6.630,-25.75,14.66,
52537,161.135086,-70.855255,6.430,-47.91,0.18,
52550,161.163936,-36.930579,6.690,86.72,-22.65,
52577,161.266761,67.411382,5.950,4.38,0.74,
52584,161.289520,2.488028,6.270,-48.56,-23.87,
52595,161.318230,-80.469523,5.460,-17.40,-30.30,
52599,161.335403,45.566318,6.970,8.96,1.82,
52622,161.421035,-47.459816,6.640,-7.92,2.73,
52633,161.446399,-80.540203,4.450,-37.33,6.19,
52636,161.460735,-40.973392,6.840,-24.01,6.90,
52638,161.466301,30.682402,5.360,-26.61,-36.43,
52639,161.466386,72.287958,7.000,1.57,-2.21,
52660,161.523686,6.373272,6.380,-6.77,-36.58,
52678,161.569077,-64.514586,5.330,-15.83,10.88,
52679,161.571322,-60.602893,6.260,-43.82,8.38,
52683,161.580486,12.747921,6.900,-0.82,-30.73,
52685,161.593908,57.366054,6.340,-53.18,-57.57,
52686,161.602030,18.891622,5.500,94.06,-40.64,
52689,161.605637,14.194803,5.490,-125.33,-64.92,
52690,161.608232,-63.299565,6.970,-21.01,-52.52,
52694,161.613885,-42.643463,7.000,-94.36,14.76,
52701,161.623379,-64.263264,5.230,-16.98,9.16,
52709,161.654756,-43.192539,6.290,0.91,-55.08,
52721,161.678481,-26.048273,6.700,-173.96,49.36,
52727,161.692175,-49.420125,2.690,62.55,-53.57,
52730,161.700373,-69.209793,6.340,-7.87,2.83,
52736,161.713517,-64.383497,4.870,-18.61,9.33,
52737,161.716937,-17.296830,5.440,-16.03,-17.91,
52742,161.739562,-56.757191,5.140,-21.25,-0.58,
52762,161.829516,-57.325429,6.960,-7.19,2.90,
52785,161.877565,-69.437734,6.350,-8.29,0.30,
52789,161.889210,-31.603226,6.970,-23.22,-1.00,
52794,161.903052,65.616735,6.940,-13.09,-39.42,
52795,161.908056,-15.261928,6.670,-0.15,-10.89,
52797,161.910039,-57.467418,6.290,-11.94,2.78,
52799,161.916387,-64.547186,6.540,-16.13,3.03,
52804,161.928527,-15.109815,6.960,3.96,6.77,
52806,161.934730,-59.875257,6.470,-15.53,-0.12,
52815,161.973126,-64.262866,6.460,-15.46,9.65,
52816,161.981200,-52.246108,6.740,-30.99,5.00,
52822,162.003167,39.742403,6.780,8.34,-31.18,
52823,162.010706,41.109956,7.000,-25.07,-1.17,
52827,162.022566,-59.919169,5.980,-7.58,2.71,
52841,162.058882,-31.687854,5.870,-29.19,1.61,
52863,162.169028,-1.958915,5.920,-18.58,7.93,
52865,162.173062,-47.749969,6.510,-75.88,30.38,
52877,162.207761,65.132474,6.400,5.09,7.39,
52882,162.238674,29.416149,6.150,-80.20,-37.66,
52883,162.240365,-27.917824,6.940,-48.99,12.47,
52911,162.314303,10.545261,5.320,-4.37,-24.39,
52913,162.322094,-4.023926,6.610,-50.66,-1.96,
52922,162.351902,-59.323778,5.850,-16.79,-5.94,
52924,162.357224,-42.367505,6.770,-75.51,31.45,
52929,162.370076,63.810001,6.420,-14.40,11.58,
52943,162.405967,-16.194132,3.110,92.77,199.02,
52948,162.431179,-9.852629,5.850,9.78,-27.17,
52959,162.473890,27.973872,6.050,-10.54,31.22,
52965,162.487692,-34.058200,5.610,-40.12,6.99,
52980,162.575247,-8.897727,5.800,-5.33,-14.72,
53005,162.652524,23.406243,6.590,-63.39,18.22,
53007,162.666837,-61.269557,6.840,-18.01,3.95,
53029,162.744321,-59.957311,6.790,-13.77,-0.94,
53035,162.772667,-3.092641,5.950,-54.06,-10.92,
53037,162.775075,-18.332230,6.560,-41.48,6.78,
53039,162.785660,11.578854,6.850,-74.66,-31.77,
53043,162.796180,56.582237,5.660,-69.47,5.46,
53064,162.848990,59.320244,5.570,-29.73,-51.20,
53074,162.876259,-75.882768,6.680,-13.20,1.48,
53085,162.905265,-21.250096,7.000,-14.21,2.72,
53100,162.945542,-57.272315,6.290,-50.89,-0.10,
53106,162.972045,-49.157441,6.560,71.53,-49.68,
53109,162.984193,-58.415462,6.880,-6.94,2.36,
53113,162.994377,-55.138355,6.530,-65.17,9.14,
53134,163.042147,50.265621,6.630,6.46,-67.10,
53141,163.057047,1.024982,6.370,2.61,-3.83,
53151,163.119450,-79.559442,6.360,-11.29,2.09,
53154,163.128553,-57.240414,5.260,-6.77,3.63,
53155,163.128743,52.565411,6.760,-14.46,-25.49,
53157,163.133809,52.503731,6.440,-58.63,-51.87,
53167,163.150399,-0.201595,6.310,-6.24,-25.25,
53190,163.193669,-68.210385,6.700,-37.83,19.04,
53211,163.255454,-35.489050,6.790,-10.97,0.19,
53229,163.327666,34.215566,3.790,92.47,-286.06,
53231,163.338260,-58.893461,6.260,-13.23,3.27,
53240,163.354331,-2.255010,6.120,-131.91,-82.01,
53252,163.372840,-20.138150,5.230,80.53,-239.09,
53253,163.373193,-58.853265,3.780,79.75,38.65,
53257,163.380750,69.854045,5.910,-397.51,-67.48,
53259,163.386933,-15.445686,6.340,65.49,-57.19,
53260,163.389263,-56.420513,6.450,-17.46,5.19,
53261,163.393828,54.585152,5.120,-66.85,-9.83,
53272,163.425539,-70.720338,5.990,-29.45,0.48,
53273,163.432337,-2.129241,5.450,-83.35,15.00,
53289,163.485280,-36.456896,6.730,-170.04,7.27,
53295,163.494608,43.190015,4.660,44.78,-24.43,
53316,163.574087,-13.758059,5.650,-6.35,9.53,
53334,163.623323,-61.826613,5.950,4.92,-3.85,
53345,163.647593,29.630193,6.530,-97.80,-48.16,
53347,163.654693,-55.618980,6.760,20.04,-8.19,
53355,163.675847,25.490723,6.190,-54.26,-0.42,
53356,163.680413,-42.018098,6.950,-62.55,-19.95,
53377,163.742584,34.034908,5.730,-57.68,-45.20,
53379,163.754335,-42.251092,6.080,-45.98,-2.52,
53387,163.798247,-20.664972,6.450,-11.41,3.83,
53389,163.804674,77.087553,6.810,-38.47,5.93,
53394,163.821929,-60.517208,5.930,-36.09,84.30,
53411,163.863548,-43.020549,6.400,-53.22,8.53,
53417,163.903533,24.749755,4.300,-78.41,-14.89,
53423,163.926404,0.736931,5.910,103.00,-3.41,
53426,163.935261,33.506996,5.020,-111.67,-27.59,
53449,164.006179,6.185384,5.910,-22.45,-5.48,
53460,164.043896,0.432934,6.660,-7.77,0.10,
53465,164.060447,42.008392,6.030,14.40,-97.54,
53472,164.070315,22.351663,6.170,-36.27,8.20,
53481,164.111787,57.503035,6.800,-37.32,-31.36,
53492,164.143512,25.500263,6.360,-23.00,-7.90,
53502,164.179151,-37.137463,4.600,74.96,-124.50,
53530,164.282841,-50.765049,5.900,-37.55,12.92,
53532,164.283363,-0.311890,6.880,-107.22,-30.86,
53546,164.315857,-75.099771,6.160,-11.14,3.94,
53556,164.334249,-69.038062,6.480,-24.98,2.86,
53576,164.407797,-45.875889,6.830,-65.89,3.97,
53589,164.450807,-59.732195,6.360,-5.12,2.09,
53654,164.656265,19.622088,6.800,21.67,-17.35,
53675,164.736217,-19.604620,6.840,41.86,-71.68,
53681,164.752521,45.197893,6.910,-52.16,-32.66,
53685,164.769053,-53.539274,6.810,-101.73,26.53,
53699,164.807266,-33.737454,5.700,-4.53,-58.03,
53700,164.807887,-81.556328,6.700,-148.92,67.60,
53701,164.808524,-61.320744,6.160,-28.70,1.94,
53702,164.809019,-84.593873,6.190,-64.13,-8.02,
53706,164.824549,51.882368,6.220,-18.02,-3.85,
53721,164.867566,40.430123,5.030,-315.92,55.15,
53723,164.878975,-16.353681,5.880,-43.14,-8.55,
53726,164.886412,36.093224,5.990,67.25,-51.05,
53737,164.921771,11.705758,6.530,-228.43,45.19,
53740,164.944787,-18.299097,4.080,-462.39,129.11,
53761,164.987578,77.770225,6.180,-70.28,-20.80,
53762,164.997620,-43.807135,5.810,-62.71,10.03,
53771,165.034745,-51.817806,6.150,-64.00,2.81,
53773,165.038524,-42.225870,4.370,23.00,4.50,
53778,165.048745,-14.083299,5.860,-8.79,-28.65,
53781,165.061234,45.526269,5.470,9.66,3.03,
53791,165.086510,42.912021,6.030,-107.87,-122.13,
53798,165.106595,51.502140,6.410,-29.93,-15.96,
53807,165.140164,3.617534,4.840,15.66,-16.24,
53811,165.151385,-53.111869,6.440,-86.03,15.35,
53818,165.170151,-31.839619,6.060,-77.49,102.97,
53821,165.175252,42.731448,6.690,-13.74,-11.69,
53824,165.186801,6.101503,4.980,-51.03,-22.24,
53836,165.207472,-52.074966,6.820,-17.80,-6.59,
53838,165.210334,39.212132,5.060,-80.94,-16.34,
53840,165.213823,-40.498129,6.770,-237.69,7.16,
53849,165.238902,-15.792592,6.350,86.61,-36.82,
53860,165.273858,63.421235,6.380,-51.01,-51.42,
53906,165.455527,29.871290,6.950,-58.79,13.77,
53907,165.456954,-2.484497,4.730,9.58,-36.11,
53909,165.457222,-64.303919,6.940,-5.61,2.30,
53910,165.459961,56.382345,2.340,81.66,33.74,Merak
53940,165.557660,-41.114067,6.480,16.52,-32.13,
53951,165.573621,58.666460,6.630,-34.11,-22.96,
53954,165.582422,20.179746,4.420,-9.60,39.57,
53963,165.601704,-26.831205,6.210,67.88,-123.74,
53984,165.653352,-3.512579,6.810,-23.89,-15.36,
53996,165.692587,-59.740993,6.960,-5.82,1.24,
54006,165.728413,-72.242220,6.780,-29.01,-1.51,
54019,165.771152,-25.575079,6.720,-54.35,17.18,
54021,165.775680,-60.910734,6.670,-7.41,1.17,
54027,165.810634,-0.752069,6.120,-19.77,-113.26,
54029,165.812201,-11.303209,5.510,-81.71,-107.11,
54030,165.817022,-31.960785,6.440,-42.02,-26.29,
54038,165.864028,70.030821,6.440,10.72,-33.19,
54048,165.902222,-13.434911,6.340,4.17,-3.84,
54049,165.902614,-0.000832,5.950,-60.23,-0.41,
54060,165.928389,-51.352703,6.740,-207.69,19.25,
54061,165.932654,61.751119,1.810,-136.46,-35.25,Dubhe
54063,165.937043,25.774617,6.970,-116.11,11.88,
54075,165.976050,-19.649964,6.640,-66.41,3.14,
54082,166.001035,-57.955333,6.160,-18.37,0.65,
54087,166.012159,-54.197762,6.540,-12.21,-1.06,
54110,166.080096,-1.278196,6.890,6.25,-12.49,
54136,166.130332,38.241361,6.010,-72.10,1.36,
54137,166.130422,-47.679183,5.670,-115.47,32.74,
54141,166.138904,12.666994,6.870,2.75,-4.60,
54166,166.202847,-75.155168,6.900,-64.22,-9.95,
54173,166.225873,-35.804689,5.430,-21.69,4.45,
54179,166.239888,-59.858903,6.570,-6.08,1.87,
54182,166.255125,7.336123,4.620,-344.41,-47.40,
54185,166.267265,-49.392326,6.110,-36.36,11.03,
54204,166.333469,-27.293596,4.920,-190.74,-6.87,
54214,166.391582,-11.088727,6.090,25.80,-71.37,
54231,166.440700,-47.442290,6.820,-31.62,-2.22,
54235,166.451702,38.394395,6.920,-74.34,-16.65,
54255,166.489781,-27.287812,5.690,34.44,-17.10,
54260,166.509361,1.210702,6.980,-11.35,-15.45,
54264,166.523921,-51.212744,6.280,-0.53,-72.33,
54266,166.524309,-59.949888,6.700,-10.99,4.71,
54289,166.601331,-64.839956,6.390,-48.91,-6.73,
54291,166.614857,-50.956743,6.310,-55.30,7.48,
54294,166.622081,-58.675036,6.070,-10.06,5.86,
54301,166.635310,-62.424137,4.620,-36.83,9.57,
54311,166.661994,-28.727519,6.760,-45.14,-32.17,
54315,166.673024,-13.002653,6.510,-2.49,-72.27,
54319,166.683388,17.737426,6.400,25.62,-25.56,
54327,166.708038,-70.877938,5.580,-22.57,3.30,
54332,166.718132,-30.554823,6.680,-19.70,-61.50,
54336,166.726795,1.955734,5.520,-383.06,-85.67,
54347,166.770444,25.537162,6.860,-57.80,-14.38,
54349,166.785042,-32.586917,6.580,-85.37,-44.76,
54360,166.819817,-42.638781,5.150,-82.12,41.21,
54380,166.892271,-48.640038,6.440,-15.22,23.14,
54388,166.915484,23.323738,6.480,-17.17,9.83,
54400,166.978199,-30.174247,6.510,-505.80,-131.75,
54424,167.056393,-52.402481,6.850,-42.87,115.66,
54430,167.065710,-29.972455,6.470,9.04,-12.92,
54432,167.070588,-1.903091,6.660,3.66,-9.47,
54461,167.141690,-61.947180,5.110,-5.82,2.03,
54463,167.147482,-58.975042,3.930,-5.03,2.09,
54470,167.170031,17.201134,6.800,-20.93,-160.69,
54474,167.172231,-86.230943,6.870,-28.12,5.17,
54477,167.183532,-28.080616,5.430,-73.09,-22.24,
54487,167.204517,24.658450,5.700,10.25,6.08,
54493,167.237575,-19.416452,6.920,9.09,-7.46,
54515,167.307070,-1.333248,6.820,-64.62,-4.52,
54518,167.319780,51.378997,6.820,-3.77,-4.35,
54522,167.329633,36.309434,5.710,-44.02,-22.81,
54537,167.410643,43.207752,5.890,-66.98,-6.43,
54539,167.416081,44.498553,3.000,-62.35,-27.38,
54540,167.416324,67.210275,6.070,-87.45,-27.39,
54543,167.421473,-58.837732,6.790,-9.27,3.17,
54552,167.446381,54.106593,6.900,-15.14,-2.60,
54561,167.472423,-32.367457,5.790,17.54,-29.60,
54570,167.494892,-29.794144,6.830,-50.17,-11.68,
54582,167.556188,-7.388984,6.810,-240.24,-171.51,
54630,167.728405,-58.455267,6.880,-21.97,5.94,
54673,167.873215,-71.436199,6.340,-16.77,4.07,
54674,167.880593,54.149299,6.680,-48.71,37.53,
54682,167.914526,-22.825606,4.460,4.73,-99.06,
54684,167.918357,-60.310799,6.680,-19.43,-8.22,
54688,167.932468,14.400185,6.300,-60.31,-13.22,
54703,167.991074,-26.806152,6.430,-26.98,15.87,
54708,168.014983,-58.423354,6.240,-49.73,-0.76,
54718,168.042687,-46.266775,6.270,-51.71,5.58,
54721,168.045398,68.271854,6.400,27.70,6.57,
54725,168.061593,-32.433825,6.350,11.58,13.29,
54734,168.094986,34.784809,6.930,-99.47,-61.52,
54742,168.126601,-18.499800,6.110,-19.65,-25.54,
54745,168.135540,35.814448,6.410,-248.55,-151.33,
54746,168.138107,-49.101078,5.370,-99.28,33.70,
54749,168.144967,-21.749351,6.390,12.87,4.72,
54751,168.150085,-60.317631,4.590,-6.23,2.33,
54765,168.185206,54.894292,6.630,0.79,-2.09,
54767,168.188627,-64.169783,5.220,-46.98,5.41,
54783,168.236416,-49.736105,6.120,-26.00,6.36,
54795,168.271241,-47.055225,6.650,20.09,10.42,
54801,168.281600,67.322899,6.600,-27.91,14.50,
54811,168.311208,-44.372221,5.770,-5.40,1.92,
54814,168.322926,-50.122518,6.870,-27.07,4.63,
54819,168.332554,33.443895,6.620,-145.85,-63.89,
54829,168.378296,-59.619317,5.740,-7.52,-0.57,
54840,168.414207,-53.231903,5.750,-16.39,37.23,
54842,168.417095,41.088797,6.330,-13.73,16.26,
54844,168.421737,20.129131,6.930,-387.57,-122.78,
54849,168.439917,-0.069509,5.400,-48.14,2.73,
54854,168.461377,-52.855753,6.820,14.97,-58.07,
54857,168.471117,2.268585,6.750,-93.24,-41.94,
54863,168.507528,8.060955,5.790,46.23,-106.76,
54872,168.526717,20.524034,2.560,143.31,-130.43,
54879,168.560170,15.429763,3.330,-59.01,-79.37,
54910,168.657096,-1.270754,6.630,32.96,-28.72,
54929,168.725558,-43.733708,6.220,-16.50,1.89,
54931,168.728032,-68.327905,6.980,-28.70,7.52,
54938,168.760420,-33.317879,6.980,-143.89,55.33,
54949,168.785722,-39.476934,6.870,-4.01,-8.54,
54951,168.801013,23.095525,4.560,-22.24,-9.48,
54960,168.823418,-19.637559,6.890,-52.48,8.09,
54971,168.842361,-66.511946,6.860,-6.55,2.23,
54974,168.848289,-11.588108,6.860,19.64,-30.51,
54999,168.915712,-12.592541,6.510,-2.68,-12.25,
55003,168.928181,-57.355869,6.420,-13.26,-5.41,
55016,168.966237,13.307593,5.310,5.07,-6.16,
55019,168.973740,-47.920834,6.540,-18.90,-9.62,
55029,168.984797,12.613614,6.820,-22.85,-16.35,
55033,168.990929,12.844935,6.660,-32.98,-54.56,
55044,169.016159,52.773023,6.510,159.82,56.75,
55048,169.037964,78.308985,6.890,-67.45,-12.48,
55060,169.079249,59.943183,6.910,-23.06,7.18,
55063,169.082628,-34.667895,6.800,-39.37,1.25,
55068,169.116419,-45.880179,6.300,-139.84,68.68,
55081,169.151835,-3.966758,6.760,25.14,-9.42,
55084,169.165684,-3.651514,4.450,-108.15,-35.76,
55086,169.174692,49.476277,5.880,-85.18,-11.02,
55100,169.221350,-38.398804,6.880,-17.68,26.20,
55105,169.239987,-34.927337,6.890,-21.73,-0.78,
55106,169.242423,-7.134708,6.110,-7.15,7.68,
55109,169.250054,-54.776900,6.770,55.54,-60.25,
55126,169.294519,-41.390537,6.850,-119.32,26.81,
55130,169.300256,-38.014389,6.240,-71.63,9.26,
55133,169.309862,-41.934304,6.460,-53.86,-9.13,
55137,169.322367,2.010903,5.180,55.10,-142.89,
55140,169.329257,-67.823499,6.060,14.18,-6.64,
55148,169.362258,60.271787,6.650,6.30,-1.39,
55149,169.364846,-59.105412,6.700,-22.40,7.11,
55164,169.412011,-34.737307,6.440,-27.55,-16.83,
55165,169.413151,-33.546332,6.840,76.69,-332.18,
55168,169.428918,-36.534298,6.670,-98.02,29.39,
55170,169.434622,27.362248,6.960,6.28,-10.53,
55193,169.505839,22.179974,6.840,-32.07,-10.50,
55209,169.587649,11.984622,6.660,10.94,-45.23,
55218,169.619433,42.316433,6.940,76.10,-31.99,
55219,169.619814,33.094239,3.490,-26.61,27.51,
55225,169.642526,-79.668602,6.350,57.70,-20.06,
55228,169.652262,-24.343302,6.690,-23.46,7.91,
55238,169.682430,-58.186428,6.610,-38.07,6.34,
55243,169.701578,35.489357,6.670,17.71,0.99,
55249,169.729090,1.650531,5.900,-38.19,-55.95,
55254,169.749449,14.268935,6.600,58.82,-138.88,
55256,169.764975,62.182612,6.930,-48.16,25.69,
55266,169.783098,38.185722,4.760,-57.15,-68.10,
55280,169.820181,-64.582597,5.990,-301.28,43.90,
55282,169.835511,-14.779044,3.560,-124.47,206.61,
55288,169.844861,-1.654515,6.610,-221.17,-152.48,
55302,169.882638,32.825073,6.570,-150.58,24.89,
55308,169.902420,-75.142450,6.260,-23.94,-0.91,
55332,169.961813,-72.958277,6.460,-41.91,-5.79,
55350,170.017348,-71.994333,6.410,-24.93,-1.62,
55374,170.079374,-28.332249,6.680,-239.59,6.32,
55387,170.124732,-45.728771,6.910,15.42,-19.45,
55389,170.130439,-10.294552,6.540,-107.69,7.57,
55391,170.133495,44.998352,6.730,-64.54,-26.51,
55412,170.223786,67.100856,6.200,43.78,-50.16,
55425,170.251843,-54.491014,3.900,-35.32,-2.20,
55434,170.284367,6.029353,4.050,-91.76,-12.83,
55455,170.362342,6.634957,6.690,-290.21,-0.34,
55485,170.455631,57.074843,6.430,-58.31,5.81,
55488,170.459389,9.168441,6.690,-89.17,-30.18,
55497,170.487950,-77.608348,6.430,-77.89,-8.36,
55518,170.564782,-58.385927,6.640,17.55,-47.56,
55528,170.596446,-44.645847,6.100,-44.80,-31.72,
55531,170.619786,-8.842651,6.910,-37.12,4.50,
55537,170.632013,-53.369849,6.770,-9.42,0.64,
55549,170.674121,40.175466,6.580,-65.40,2.58,
55560,170.706724,43.482737,4.990,-36.87,-13.85,
55564,170.713544,64.330427,6.020,-4.48,35.35,
55569,170.728095,-50.786688,6.870,-24.94,1.86,
55581,170.784022,-56.779369,5.820,-31.63,5.72,
55588,170.802926,-36.164768,5.000,-26.52,-0.63,
55589,170.813150,6.585849,6.900,-8.56,-12.35,
55595,170.824892,0.132069,6.050,-39.64,-7.97,
55597,170.839298,-64.954731,5.090,-22.59,7.00,
55598,170.841968,-18.779903,5.080,-305.91,-29.06,
55629,170.948108,-36.089214,6.990,-27.36,1.15,
55641,170.972398,37.234851,6.930,-59.52,-8.41,
55642,170.980703,10.529698,4.000,140.75,-77.80,
55645,170.985599,-57.880394,6.500,10.90,-17.88,
55650,171.009736,1.407764,5.390,-16.47,0.70,
55657,171.046571,-72.256602,5.550,-26.02,-2.45,
55666,171.090861,-5.909746,6.940,-85.21,-94.31,
55667,171.091920,-42.669100,6.130,-8.47,-0.69,
55682,171.143781,48.605792,6.780,3.26,-6.20,
55687,171.152522,-10.859383,4.810,-24.14,24.46,
55705,171.220763,-17.684017,4.060,-97.01,3.22,
55713,171.242585,-2.212278,6.750,-62.23,-39.32,
55716,171.245778,11.430310,5.800,-101.94,-7.36,
55735,171.299411,-73.632483,6.880,-77.84,51.49,
55756,171.373046,-36.063105,5.210,-107.66,17.68,
55763,171.388033,-37.747548,5.870,-41.69,-11.45,
55765,171.401914,16.456551,5.580,-141.15,-4.89,
55766,171.409334,29.987313,6.880,-42.45,10.87,
55769,171.414461,3.301243,6.730,-34.50,-43.56,
55779,171.431517,-63.972316,5.180,-314.38,-65.52,
55791,171.458762,3.860194,6.350,-83.06,-34.72,
55795,171.475062,-13.751314,6.520,-25.57,-1.05,
55797,171.488268,55.850341,5.730,-71.92,48.81,
55802,171.508422,-20.582219,6.720,-58.85,-27.33,
55816,171.575142,8.659593,6.730,0.50,-15.94,
55821,171.606599,33.450565,6.330,-35.83,17.47,
55830,171.641861,-21.356503,6.880,-36.69,0.79,
55831,171.647644,-61.115171,5.220,-13.83,1.78,
55846,171.690607,3.012660,6.490,-726.28,181.91,
55849,171.697103,-53.159956,5.800,-40.94,16.76,
55863,171.748619,-61.369326,6.720,-7.88,2.06,
55865,171.753514,-56.280216,6.680,-40.09,18.70,
55874,171.789897,-12.356807,5.930,-98.30,23.82,
55912,171.907007,-25.860913,6.750,-61.34,24.83,
55928,171.929521,-60.495841,6.860,-7.84,0.10,
55936,171.959945,45.185253,6.680,-9.54,-16.43,
55941,171.973878,-1.699953,6.230,-35.17,3.09,
55944,171.983872,44.565845,6.840,-137.89,-6.40,
55945,171.984291,2.856291,4.950,17.32,-10.41,
55950,171.987076,44.878536,6.900,-0.22,-18.06,
55953,171.994438,-35.328849,6.440,9.18,-0.12,
55958,172.008647,11.973129,6.550,-19.36,-14.24,
55979,172.076929,-72.473969,6.090,-25.85,-3.45,
56000,172.146280,-42.674218,5.140,-34.61,6.27,
56005,172.159458,-54.883518,6.790,-11.44,-26.49,
56024,172.231682,-43.479246,6.960,-18.62,-2.59,
56028,172.247389,10.037824,6.970,-147.26,41.58,
56034,172.267344,39.336942,5.300,-53.83,13.22,
56035,172.269598,61.777786,5.830,-113.93,239.58,
56050,172.313100,-63.553941,6.450,-6.26,1.29,
56076,172.406428,-28.030584,6.670,-17.36,-1.67,
56078,172.411033,-24.464058,5.770,-49.69,19.40,
56079,172.416660,7.599435,6.730,-5.27,-25.36,
56080,172.424427,15.413386,5.740,-28.06,-47.74,
56081,172.425618,-38.456860,6.740,-3.39,-0.98,
56083,172.431914,56.737655,6.290,-89.53,-33.79,
56109,172.518220,29.965115,6.900,-82.35,-199.74,
56120,172.553597,54.362333,6.520,8.47,-40.17,
56127,172.578674,-3.003459,4.770,19.78,-17.14,
56130,172.586208,-25.798609,6.590,-31.77,0.66,
56135,172.603457,46.657466,6.300,-5.36,27.66,
56145,172.619437,43.578317,6.670,-270.29,70.83,
56146,172.621170,18.409739,5.540,-81.49,25.91,
56148,172.629878,43.173043,5.940,-49.20,81.81,
56165,172.707652,41.287108,6.950,93.33,-96.27,
56170,172.721428,47.929101,6.400,-222.13,-75.26,
56178,172.728905,28.451565,6.740,-83.96,1.89,
56194,172.792829,48.789636,6.540,-25.08,-25.06,
56201,172.812719,-61.278468,6.280,-6.41,2.00,
56211,172.851202,69.331122,3.820,-41.14,-18.79,
56228,172.898194,-44.738490,6.960,-27.87,10.39,
56242,172.938094,14.364964,6.270,-327.88,-188.71,
56243,172.941971,-59.442064,5.070,-4.08,1.14,
56245,172.948438,-20.776567,6.240,-118.10,39.30,
56246,172.949497,-73.902670,6.880,-5.14,1.85,
56250,172.953364,-59.515649,5.120,-6.59,0.67,
56253,172.962829,81.127174,6.120,-144.22,34.19,
56260,172.985944,-6.470320,6.740,-32.24,-85.64,
56274,173.052237,36.247328,6.590,-11.59,-30.80,
56280,173.068406,-29.261374,4.930,-20.32,144.40,
56287,173.083319,-66.961835,5.890,-0.10,4.68,
56290,173.086487,61.082752,5.460,-14.21,-95.13,
56293,173.097239,-26.746853,6.150,-82.86,19.69,
56301,173.135186,-59.717832,6.780,-35.66,-1.50,
56318,173.198088,-7.827524,5.940,-7.54,0.44,
56319,173.200580,-40.436336,5.640,-74.90,58.55,
56326,173.214723,-36.209127,6.680,-186.03,-30.25,
56332,173.225625,-31.087235,5.130,-28.55,4.02,
56343,173.251079,-31.857524,3.540,-209.09,-41.60,
56364,173.311712,-16.280273,6.050,19.99,-44.13,
56379,173.356281,-70.194789,6.690,-38.78,-0.05,
56388,173.401389,2.499072,6.490,22.92,-15.94,
56391,173.405266,-40.586703,5.390,-83.64,27.08,
56410,173.484899,36.815737,6.380,-126.15,-50.37,
56418,173.515686,-16.045895,6.990,1.52,-8.24,
56429,173.541362,11.023919,6.540,36.92,-22.77,
56444,173.589206,-5.527137,6.760,-97.87,13.38,
56445,173.591900,3.060415,5.760,-181.62,-102.66,
56452,173.624804,-32.833342,5.960,-670.98,823.84,
56473,173.677070,16.796916,5.950,-8.78,-0.55,
56480,173.690466,-54.264132,4.620,-55.55,16.64,
56497,173.737519,-49.136947,5.500,-172.45,188.13,
56500,173.745545,-4.361180,6.430,-44.54,-45.83,
56506,173.763711,-53.242235,6.910,19.22,15.94,
56507,173.764393,-56.122327,6.970,5.22,1.11,
56508,173.765793,20.441548,6.450,-58.60,-1.19,
56510,173.770404,54.785375,5.630,10.66,18.02,
56518,173.805658,-47.372561,5.640,-87.27,-7.70,
56519,173.808065,-60.894505,6.570,-183.11,-20.29,
56520,173.808961,-35.612047,6.880,-37.43,2.66,
56535,173.882819,11.188679,6.610,57.40,-29.52,
56550,173.926433,-61.287874,6.230,-7.00,1.54,
56553,173.930827,10.911328,6.570,32.03,-19.51,
56558,173.939084,-72.842061,6.530,-165.08,49.75,
56561,173.945534,-63.019825,3.110,-33.84,-6.87,
56573,173.981482,-47.641520,5.260,33.95,-50.42,
56583,174.010899,69.323260,5.190,109.23,-126.40,
56601,174.074754,27.781302,5.800,19.72,20.04,
56606,174.093254,-61.052437,5.840,-12.94,1.70,
56618,174.142585,6.106705,6.830,-101.80,-108.17,
56620,174.145518,-33.569975,5.710,29.35,-33.95,
56621,174.147475,-36.121292,6.810,5.32,-1.75,
56632,174.169761,-37.237193,6.300,-26.71,2.74,
56633,174.170619,-9.802254,4.700,-59.32,2.82,
56639,174.190431,-24.439102,6.970,-66.78,-29.39,
56647,174.237208,-0.823854,4.300,1.30,43.43,
56649,174.241801,-38.959534,6.950,-24.08,-3.34,
56654,174.249585,-22.948205,6.510,-48.57,49.55,
56656,174.253340,-61.283446,5.140,-228.21,1.73,
56657,174.255099,-32.987996,6.320,-9.65,-77.42,
56673,174.311318,-69.674218,6.620,-35.13,0.78,
56675,174.316427,-75.896541,5.640,-128.21,-1.21,
56698,174.385799,-39.358814,6.850,6.86,-11.55,
56700,174.391876,-47.747378,5.460,-68.58,28.07,
56702,174.392239,-60.903250,6.560,-67.62,8.14,
56708,174.403188,44.716323,6.840,-17.49,-2.31,
56716,174.426303,77.595694,6.490,1.81,2.15,
56721,174.444609,-31.218508,6.920,-76.17,-61.04,
56727,174.452113,-67.620354,5.940,-84.13,-10.46,
56731,174.471033,50.618275,6.140,-47.33,-26.48,
56754,174.530716,-61.826555,5.150,-62.04,-3.49,
56756,174.541107,8.883777,6.180,-58.37,5.99,
56769,174.584876,-63.372751,6.460,-6.24,1.49,
56770,174.586199,43.625514,5.560,-146.17,-34.98,
56775,174.600379,-2.435938,6.220,-38.96,15.06,
56779,174.615040,8.134283,5.240,-3.37,6.28,
56784,174.634723,33.625862,6.290,-16.16,-13.68,
56789,174.639763,46.834276,6.090,-35.43,-27.36,
56802,174.666488,-13.202250,5.480,99.62,126.17,
56809,174.689132,45.108380,6.290,-593.87,14.80,
56813,174.696181,-40.303090,6.950,-58.32,-12.07,
56816,174.704670,64.346963,6.490,12.47,1.05,
56830,174.751759,-24.720509,6.400,30.75,-240.23,
56841,174.794488,-57.739528,6.970,-16.86,0.43,
56862,174.873471,-65.397749,5.010,-28.52,-7.01,
56864,174.875473,-13.184020,6.800,86.63,-143.23,
56899,174.959771,-16.620209,6.170,-17.52,-8.60,
56901,174.963098,-14.468512,6.210,-36.39,-7.14,
56904,174.973657,-50.486007,6.670,-44.09,10.57,
56908,174.987768,-33.449841,6.840,-48.39,-26.62,
56909,174.993907,-38.108315,6.650,-52.36,-19.93,
56920,175.038925,23.708152,6.880,-64.58,3.53,
56922,175.053418,-34.744655,4.700,-44.04,-1.84,
56929,175.067299,-62.432407,6.910,-3.33,1.17,
56941,175.100330,0.952178,6.870,1.67,-5.63,
56944,175.114333,57.970374,6.350,-9.39,12.68,
56961,175.154210,-62.568103,6.320,-5.73,0.61,
56970,175.177051,-53.968549,5.950,-10.83,-23.94,
56975,175.196273,21.352841,5.260,-61.09,-46.02,
56986,175.223553,-62.090104,4.930,-15.00,1.08,
56992,175.245056,-55.573837,6.960,-7.90,0.51,
56996,175.256654,-83.099962,6.320,-59.61,10.24,
56997,175.262605,34.202560,5.310,-13.95,-380.46,
57001,175.285847,-29.196822,6.440,-305.06,225.64,
57003,175.290134,-17.705231,6.990,26.94,-46.01,
57004,175.293945,-61.140998,6.780,-38.99,-28.06,
57013,175.332733,-43.095677,5.540,-82.40,4.24,
57021,175.358809,-41.017960,6.860,165.68,-123.92,
57027,175.385473,-77.054655,6.930,21.98,-15.57,
57029,175.393752,31.745984,5.730,-351.85,30.63,
57045,175.431322,55.171993,6.280,-19.67,7.28,
57047,175.433135,-32.499322,5.200,-5.54,-33.42,
57053,175.442946,41.237674,6.920,44.75,-37.91,
57064,175.473851,-60.230812,6.820,-6.62,1.32,
57072,175.491535,-24.385729,6.900,-6.47,-30.43,
57079,175.514723,-20.294036,6.210,-8.05,-53.92,
57082,175.521879,22.211192,6.650,-98.98,-55.71,
57092,175.561750,-75.227303,6.480,43.19,-5.79,
57107,175.606559,2.362191,6.940,-55.38,-32.69,
57111,175.618450,66.744809,5.320,-44.98,40.17,
57137,175.727218,-79.306363,6.380,127.49,-10.97,
57165,175.863338,-37.190102,5.980,-19.05,-21.81,
57173,175.877939,-15.042827,6.930,-39.14,1.04,
57175,175.879999,-62.489399,5.000,-5.85,1.14,
57176,175.880080,31.762119,6.790,-17.42,-32.75,
57179,175.889140,-52.619682,6.850,-32.00,8.81,
57189,175.902556,-68.478724,6.990,10.20,-0.31,
57192,175.904406,-80.483464,6.610,-30.81,-5.86,
57191,175.904775,41.722474,6.710,22.22,-8.71,
57211,175.970101,-62.878243,6.100,13.47,-15.26,
57213,175.979516,-9.132343,6.880,9.52,-25.28,
57214,175.979531,-6.677061,6.050,56.23,-41.77,
57217,175.986633,-29.747795,6.970,-275.63,36.22,
57240,176.054883,25.218304,6.020,-13.62,9.75,
57253,176.099162,-20.695747,6.850,-44.37,-7.86,
57283,176.190662,-18.350615,4.710,27.15,-24.56,
57296,176.218522,-73.150551,6.960,-17.00,5.28,
57320,176.297744,14.263326,6.510,-60.42,3.58,
57322,176.302735,-49.069869,6.260,-22.97,10.87,
57328,176.320853,8.258175,4.840,59.66,-22.80,
57340,176.354301,-40.516536,7.000,-27.91,13.74,
57362,176.396115,35.894286,6.910,-38.75,25.07,
57363,176.402364,-66.728843,3.630,-100.42,33.21,
57371,176.433349,-45.690145,5.280,-41.73,4.80,
57380,176.464877,6.529814,4.040,-19.65,-180.02,
57399,176.513059,47.779337,3.690,-138.38,28.37,
57401,176.526216,7.174286,6.910,-1.08,-38.29,
57439,176.628538,-61.178359,4.110,-21.85,-16.23,
57443,176.634363,-40.501335,4.890,-1531.69,403.41,
57451,176.651735,-64.765974,6.890,-15.20,-2.27,
57477,176.731703,55.628268,5.270,13.44,-31.92,
57488,176.753979,23.720446,6.940,-72.43,11.11,
57497,176.779251,-35.906792,6.160,41.36,-28.84,
57498,176.782682,61.401960,6.590,-37.42,-41.23,
57507,176.816614,-30.285957,6.480,-265.29,-227.49,
57512,176.829871,-57.696547,5.420,-25.51,19.99,
57522,176.844158,-18.380568,6.820,21.29,-47.12,
57547,176.922482,-67.692268,6.750,-1.58,-7.10,
57562,176.978882,8.245865,5.310,-53.24,12.14,
57565,176.996777,20.218941,4.500,-145.47,-4.04,
57581,177.060373,-66.814871,4.750,30.77,-16.25,
57587,177.098125,-10.312840,6.240,-105.90,-109.06,
57606,177.161544,14.284197,5.900,-103.25,5.17,
57611,177.173426,-14.344431,6.850,-5.71,-57.85,
57613,177.187939,-26.749754,5.100,-34.88,-9.68,
57629,177.255842,-0.318678,6.150,-206.09,3.44,
57630,177.257748,16.132416,6.840,-16.50,11.75,
57632,177.266160,14.572337,2.140,-499.02,-113.78,Denebola
57636,177.279814,5.183738,6.550,-81.67,-152.90,
57641,177.294980,-7.360628,6.960,-13.58,-0.10,
57644,177.303137,-57.691568,6.860,-23.49,3.23,
57646,177.311522,16.243013,6.050,38.16,-53.99,
57669,177.421200,-63.788489,4.300,-17.93,4.44,
57670,177.424163,34.931739,5.730,-118.21,7.65,
57696,177.485946,-70.225786,4.980,-7.61,-1.96,
57720,177.558603,54.252552,6.740,38.34,19.61,
57732,177.581686,-15.863706,6.130,-1.34,16.21,
57741,177.613687,-62.649383,5.680,-5.99,0.89,
57749,177.655153,-27.277954,6.480,-83.31,7.23,
57757,177.672026,1.765377,3.590,740.96,-271.18,
57779,177.730929,12.278971,6.370,-136.66,27.20,
57791,177.759295,-5.333334,5.620,0.88,0.86,
57803,177.786465,-45.173449,4.470,-72.42,-8.62,
57805,177.789643,33.374963,6.250,-5.50,20.58,
57806,177.795546,-7.991569,6.870,15.08,-22.46,
57808,177.804157,-61.846155,6.510,-8.29,0.74,
57809,177.804845,-43.933034,6.620,-32.16,-9.66,
57817,177.838684,-43.079733,7.000,-57.79,14.64,
57819,177.841835,-12.187922,6.340,-239.32,45.48,
57841,177.923403,-30.834096,5.850,-10.46,-293.31,
57851,177.963637,-65.205894,4.890,-34.37,-6.55,
57861,178.017242,-49.401142,6.990,-19.58,1.65,
57870,178.043308,-56.987827,5.560,-106.90,35.13,
57885,178.075942,-51.314706,6.590,3.58,-25.37,
57920,178.192531,15.436471,6.830,31.11,-61.58,
57936,178.227339,-33.908130,4.290,-58.02,2.40,
57939,178.232568,37.732808,6.420,4003.69,-5813.00,
57960,178.320027,-36.577263,6.620,18.50,-38.21,
57971,178.361942,-35.066573,6.170,-79.06,-29.89,
57994,178.429922,73.756351,6.770,-48.29,-118.06,
57998,178.448283,33.615322,7.000,1.42,-19.66,
58001,178.457255,53.694733,2.410,107.76,11.16,Phecda
58002,178.459590,0.552107,6.310,-41.83,2.94,
58003,178.460332,40.913047,6.730,-36.05,-60.57,
58041,178.547965,-57.410191,6.050,-9.67,-2.82,
58057,178.608577,-37.749074,6.460,-331.05,57.19,
58059,178.611134,-56.969770,6.920,-9.75,1.49,
58082,178.677116,-25.714066,5.260,48.96,73.58,
58085,178.685908,-66.376039,6.380,14.51,-65.43,
58103,178.750095,-63.279179,5.890,-8.83,-0.51,
58106,178.754675,-56.095506,6.700,209.05,-197.49,
58110,178.763131,8.443905,5.580,-30.47,15.53,
58112,178.773918,46.476839,6.540,10.32,2.94,
58119,178.808757,36.756490,6.470,-63.13,-46.03,
58135,178.852285,25.522247,6.970,-57.88,-9.02,
58148,178.876666,-24.857757,6.800,-72.88,46.40,
58158,178.917205,-28.477037,5.930,3.82,-27.16,
58159,178.918865,15.646809,5.530,10.08,3.52,
58177,178.978021,-39.689476,6.130,60.62,-17.06,
58181,178.993365,56.598563,5.830,7.70,-1.22,
58184,179.001019,35.340587,6.740,-23.80,-27.25,
58188,179.004098,-17.150809,5.170,-49.07,-8.23,
58193,179.014827,40.647688,6.900,-2.56,-30.21,
58208,179.071845,35.448141,6.620,-96.65,10.48,
58213,179.086358,26.679600,6.790,-140.06,14.81,
58221,179.111775,14.186268,6.740,-18.35,-15.96,
58232,179.156684,65.242952,6.510,59.10,-17.87,
58242,179.183433,-47.072436,6.260,-126.50,23.10,
58259,179.221971,61.549319,6.220,-30.51,-43.40,
58264,179.234197,-13.754210,6.540,32.52,-143.76,
58268,179.251609,-4.782789,6.730,-154.43,5.96,
58272,179.265755,-33.315449,6.200,-50.82,-5.17,
58275,179.270936,-52.100251,6.520,113.52,-13.48,
58287,179.311269,40.343890,6.600,-159.22,-61.39,
58301,179.335624,-49.360094,6.680,-171.54,-8.59,
58326,179.416826,-62.448736,5.590,-24.01,-5.19,
58327,179.426851,17.467830,6.800,-81.68,2.83,
58331,179.439029,-8.548766,6.580,-110.25,21.57,
58334,179.442728,-60.451356,6.830,-17.35,4.07,
58345,179.487161,-27.705536,6.990,-1079.64,-619.99,
58358,179.501354,67.812159,6.960,-61.48,-25.95,
58368,179.528668,-4.370651,6.930,-132.98,67.94,
58369,179.530203,32.274059,6.420,-108.43,-62.38,
58377,179.558022,3.482024,6.700,5.62,-6.67,
58379,179.563530,-56.317314,5.440,-21.56,1.77,
58380,179.565506,-47.976891,6.760,-130.74,-85.96,
58388,179.584720,-40.947313,6.770,-60.93,20.80,
58389,179.585346,61.464571,6.740,34.73,-4.80,
58406,179.633137,47.765389,6.930,-129.85,3.33,
58410,179.647312,-77.825393,6.730,-42.00,-9.22,
58427,179.698620,-64.339557,5.590,-5.98,-1.53,
58436,179.726635,-25.908803,6.420,-27.91,-22.46,
58445,179.764065,0.530608,6.180,-65.45,29.65,
58450,179.789066,-10.475971,6.490,-9.02,30.93,
58452,179.794607,-45.832200,6.360,-30.05,-8.45,
58453,179.795322,-51.696748,6.040,-15.46,-5.21,
58460,179.823074,33.167021,5.950,-0.15,-7.13,
58463,179.842960,-30.060812,6.830,-17.15,-0.85,
58465,179.849076,-57.167962,6.770,-39.92,-8.52,
58466,179.849815,1.826819,6.820,-23.26,-41.33,
58469,179.856773,-62.830950,6.340,-5.51,0.91,
58482,179.896922,-46.633128,6.650,36.33,-7.07,
58484,179.907047,-78.221818,4.880,-41.24,-8.48,
58510,179.987182,3.655217,5.360,-19.36,-8.36,
58512,179.989188,34.034670,6.490,-40.68,32.12,
58519,180.019817,19.419441,6.940,-94.02,-27.68,
58520,180.021651,-78.192921,6.580,-39.13,-5.58,
58545,180.078512,80.853277,6.210,-65.31,-37.55,
58574,180.175952,-21.837480,6.280,-8.90,-8.43,
58576,180.184864,-10.444839,5.540,141.98,-483.34,
58587,180.213208,-19.658998,5.280,-16.85,6.69,
58590,180.218293,6.614395,4.650,-0.25,-29.71,
58591,180.219572,70.237823,6.750,-2.87,12.75,
58603,180.257291,-1.767986,6.320,-19.79,-73.90,
58616,180.307455,12.377781,6.930,-34.55,2.99,
58642,180.371901,-57.503738,6.160,-58.20,-16.38,
58654,180.414718,36.042277,5.590,-82.19,-78.75,
58661,180.434581,22.094328,6.570,-40.12,-11.28,
58662,180.435672,-69.197867,6.950,8.33,-10.40,
58669,180.442613,-34.650343,6.910,-185.79,10.81,
58674,180.462059,-73.298519,6.870,-32.85,-7.84,
58684,180.529430,43.045465,5.220,-345.55,55.72,
58697,180.586150,-85.631761,6.050,-56.44,1.55,
58706,180.619105,-71.489008,6.410,-62.20,11.00,
58708,180.621639,43.085324,6.640,-347.02,-511.45,
58720,180.657320,-69.192271,5.890,-39.05,-6.89,
58741,180.715336,-7.683662,6.240,-34.25,16.22,
58748,180.734840,-62.175287,6.780,-6.94,-0.19,
58756,180.754500,-57.260130,6.690,-9.41,-0.60,
58758,180.757080,-63.312945,4.320,-152.53,6.10,
58765,180.777867,-48.194936,6.610,8.21,-3.42,
58798,180.898303,69.019975,7.000,-13.63,-3.95,
58799,180.902584,-39.008965,6.510,-369.36,-44.53,
58803,180.913812,-42.433787,5.150,323.63,-110.85,
58809,180.935541,5.557952,6.390,-149.01,-83.08,
58810,180.935571,-74.214086,6.440,-14.15,-4.20,
58820,180.967565,-53.498199,6.990,-19.36,-2.43,
58830,181.001473,-10.296150,6.590,-11.48,11.74,
58848,181.037397,-69.521973,6.740,-6.98,0.16,
58858,181.069067,21.459163,5.890,35.20,-4.43,
58859,181.069736,-51.472489,6.480,-34.82,-11.76,
58867,181.080157,-63.165711,4.720,-17.19,-0.01,
58874,181.118876,85.586911,6.270,-55.16,90.97,
58884,181.162278,-68.328897,5.340,-39.05,-6.40,
58901,181.188723,-59.253248,6.300,-37.67,-16.10,
58905,181.194432,-76.519175,5.040,-77.48,46.84,
58921,181.238525,-60.968238,5.950,-25.02,-5.59,
58942,181.285941,-61.179529,6.640,-30.46,-19.37,
58948,181.302790,8.732846,4.120,-220.32,57.52,
58952,181.311411,76.905958,5.780,147.22,-92.36,
58955,181.333825,-50.270568,6.960,-6.67,1.11,
58960,181.345877,-62.975764,6.690,-79.58,5.13,
58981,181.396074,-5.845894,6.620,-27.89,4.96,
58989,181.415679,62.933294,6.140,-48.82,-71.60,
59003,181.473449,-65.546875,6.300,-5.98,-1.42,
59008,181.486212,-35.693932,6.230,-34.61,2.77,
59010,181.499294,-3.131543,6.370,-27.64,-19.81,
59021,181.521871,-32.960759,6.490,-77.55,-194.27,
59031,181.546224,-73.556777,6.550,-18.36,-3.19,
59035,181.554260,-38.675640,6.910,-27.87,-11.00,
59046,181.583056,-68.651401,6.230,-5.01,-1.62,
59050,181.596183,-65.709426,5.950,-51.58,-11.20,
59055,181.657818,-37.860101,6.630,-27.13,-0.27,
59068,181.697443,-12.240844,6.770,-105.49,-1.38,
59072,181.720220,-64.613639,4.140,34.27,-37.49,
59087,181.755867,-23.766348,6.930,-106.00,34.78,
59111,181.817419,-64.681793,6.810,-158.79,8.11,
59135,181.897376,-31.410296,6.720,-108.76,-109.27,
59143,181.912368,-23.975285,6.720,112.22,-242.82,
59151,181.958701,-75.367065,5.170,-92.34,19.00,
59164,182.002472,0.621359,6.980,-7.11,-24.21,
59173,182.021901,-50.661254,4.460,-34.07,-9.85,
59184,182.061374,-48.692470,5.340,-19.54,-7.01,
59192,182.081131,-34.674952,6.750,-61.66,6.57,
59196,182.089765,-50.722410,2.580,-47.53,-6.42,
59200,182.103071,-60.847128,6.220,-3.72,0.23,
59199,182.103136,-24.728780,4.020,100.18,-39.33,
59210,182.155066,26.493642,6.970,62.01,-39.13,
59229,182.224327,-44.325886,5.750,-47.03,-42.33,
59232,182.227492,-41.231585,5.510,-12.05,-8.27,
59243,182.282606,-78.781295,6.850,-43.35,-7.07,
59265,182.346748,-63.820322,6.940,-5.42,0.80,
59272,182.368105,-11.856666,6.810,320.94,-163.82,
59285,182.422022,1.898328,5.950,42.12,-180.44,
59290,182.444243,-51.783878,6.740,0.02,0.88,
59291,182.446191,74.661366,6.340,-5.91,0.83,
59294,182.454579,77.390296,6.870,-120.65,53.81,
59307,182.510755,-34.704736,6.160,-44.96,-2.30,
59309,182.514632,5.806963,5.720,-159.75,18.33,
59313,182.524344,-17.537281,6.630,-86.87,-43.69,
59316,182.531358,-22.619792,3.020,-71.52,10.55,
59346,182.613314,-7.774030,6.550,-13.63,22.54,
59352,182.631841,16.809276,6.400,-21.66,-2.23,
59353,182.640759,-37.870268,6.070,46.10,-33.24,
59360,182.675461,-56.442285,6.970,-45.61,-9.57,
59364,182.692095,27.281529,6.010,-10.44,-9.60,
59366,182.697266,39.891537,6.850,-45.86,-11.50,
59384,182.750374,81.709837,6.000,-25.80,-1.71,
59389,182.755076,-68.260934,6.480,1.43,-13.23,
59392,182.762194,-45.422864,6.610,-19.43,-0.72,
59394,182.766171,-23.602372,5.450,-65.51,-20.64,
59396,182.771863,-61.277380,6.080,-115.80,-18.38,
59422,182.841073,-3.778718,6.950,-102.42,-62.33,
59423,182.841767,-2.698936,6.740,15.56,-71.37,
59426,182.845832,-16.790704,6.880,-153.83,-56.45,
59433,182.868762,-44.282758,6.590,142.52,-38.09,
59439,182.881962,-51.359178,6.230,-199.45,-63.75,
59448,182.908549,-54.417641,6.800,61.44,1.82,
59449,182.913131,-52.368416,3.970,-42.17,-18.39,
59451,182.917646,4.055886,6.930,-1.92,8.83,
59458,182.937062,57.054445,6.340,9.92,-14.97,
59459,182.941883,23.322551,6.730,30.63,-21.51,
59463,182.951396,77.440771,6.760,1.93,6.44,
59468,182.963338,25.870355,5.660,-38.11,-30.87,
59488,183.003201,-64.510403,6.540,-7.36,-1.06,
59489,183.004049,28.536463,6.470,67.88,-61.87,
59501,183.038747,20.542106,5.600,-14.21,-17.24,
59502,183.043031,-63.454089,6.980,-39.44,-10.41,
59504,183.049638,77.616192,5.140,10.53,20.18,
59517,183.091610,-62.950773,5.910,-5.17,-0.08,
59528,183.106054,-60.067810,6.820,-80.32,2.46,
59551,183.195966,-70.151787,6.050,-7.65,-0.27,
59588,183.304035,-34.125287,6.340,-37.20,6.15,
59607,183.354411,-38.929159,5.770,-29.09,-11.69,
59608,183.358310,10.262360,5.850,-94.48,-7.95,
59622,183.403324,-33.792881,6.340,11.23,-15.42,
59646,183.482607,2.260268,6.910,-90.95,-19.41,
59647,183.485314,-78.573887,6.340,-4.31,-19.64,
59654,183.511362,-45.723930,5.310,-35.19,4.41,
59658,183.523648,66.109277,6.740,-33.25,7.01,
59660,183.527533,32.784218,6.860,-107.56,-5.15,
59676,183.564610,-5.716876,6.560,-85.60,114.05,
59678,183.570555,-64.408519,6.200,-5.33,0.14,
59701,183.654100,39.342292,6.960,-6.42,-16.00,
59708,183.680960,53.434671,6.180,-21.15,-18.33,
59728,183.748260,-20.844233,5.820,1.34,5.55,
59742,183.776746,-29.237193,6.500,-28.60,-26.31,
59746,183.785557,70.200077,5.720,-24.44,-28.29,
59747,183.786487,-58.748902,2.790,-36.68,-10.72,
59750,183.793911,-10.309940,6.110,31.97,-1012.44,
59753,183.806579,16.907410,6.820,-7.94,12.04,
59767,183.836129,87.699989,6.270,-27.15,51.95,
59774,183.856038,57.032598,3.320,103.56,7.81,Megrez
59785,183.877974,-41.912839,6.240,-337.63,-180.89,
59791,183.902430,-20.529544,6.850,-37.23,28.32,
59796,183.922952,72.551258,6.290,-9.20,-25.11,
59801,183.944600,-23.353805,6.530,-0.15,-39.92,
59803,183.951949,-17.541984,2.580,-159.58,22.31,
59811,183.981658,-54.056786,6.610,-22.33,-9.37,
59819,184.000979,14.899145,5.090,-80.58,-30.52,
59831,184.031402,40.660259,5.690,17.08,-32.06,
59847,184.085647,23.945423,4.930,-26.85,-5.91,
59851,184.099479,-72.614460,6.210,-32.18,-16.33,
59856,184.125728,33.061799,4.990,-54.87,-111.87,
59865,184.160067,-63.197922,6.970,-145.28,7.08,
59879,184.205626,86.435843,6.330,211.86,-10.06,
59895,184.264011,-16.693741,6.050,-49.20,2.07,
59898,184.276517,-65.692936,6.060,-37.57,-9.34,
59920,184.373176,53.191441,5.800,38.50,-45.45,
59923,184.377489,28.937103,5.710,-33.12,35.20,
59926,184.383769,-48.925489,6.810,-263.57,-39.56,
59929,184.394318,-67.960672,4.060,-231.26,-26.37,
59941,184.434331,15.144800,6.360,34.54,-41.27,
59950,184.447062,-36.093961,6.150,-40.90,-7.49,
59965,184.480444,-57.850149,6.750,-17.52,0.07,
59966,184.481389,-24.013411,6.950,-21.88,0.21,
59984,184.539913,-3.948833,6.570,-14.32,22.04,
59987,184.546274,-52.306289,6.840,-11.21,0.09,
60000,184.587266,-79.312269,4.240,-38.07,12.00,
60009,184.609553,-64.003046,4.060,-33.19,-10.38,
60014,184.621187,32.748920,6.680,-13.51,-9.17,
60018,184.631536,30.249335,6.230,76.60,-118.34,
60030,184.667909,-0.787145,5.900,33.51,-16.17,
60041,184.694784,-88.414945,6.630,-32.53,9.52,
60044,184.708605,75.160550,5.470,-36.03,4.35,
60059,184.749286,-55.142975,5.010,-70.44,-11.06,
60066,184.758470,26.008371,6.440,-11.76,-9.05,
60087,184.830004,23.034695,6.260,-13.09,-9.17,
60088,184.834131,-8.914599,6.840,3.04,-24.09,
60089,184.834367,14.541756,6.520,-27.66,-48.41,
60098,184.873588,28.157222,6.380,-202.47,-125.69,
60119,184.940875,-76.800885,6.850,-158.26,-54.07,
60122,184.953013,48.984132,5.280,-14.43,6.82,
60123,184.960968,28.464375,6.640,-12.14,-9.39,
60128,184.973796,-62.854184,6.810,-5.80,-0.31,
60129,184.976631,-0.666747,3.890,-59.14,-23.13,
60132,184.980455,-26.736889,6.600,-53.12,-17.18,
60138,184.992331,-41.359665,7.000,8.35,-9.17,
60150,185.020393,13.855080,6.940,-59.81,-11.18,
60157,185.045144,-22.175627,5.940,-105.42,-30.25,
60161,185.056438,37.902156,6.730,-61.58,-8.75,
60168,185.074350,26.001829,6.160,-140.89,19.05,
60170,185.082167,26.619751,5.520,-66.70,-110.40,
60172,185.088136,3.312727,4.970,-293.82,-62.85,
60183,185.117838,-65.842630,6.200,-40.84,-10.77,
60189,185.140461,-22.215834,5.200,-109.68,-27.71,
60197,185.172376,27.054838,6.320,9.08,-120.37,
60202,185.179555,17.792653,4.720,-109.67,88.50,
60210,185.203112,15.540969,6.470,-51.97,7.80,
60212,185.211793,57.864290,5.540,47.75,-70.53,
60221,185.232149,-13.565749,5.140,-5.09,10.27,
60235,185.277486,-42.561989,6.830,-9.56,-4.00,
60259,185.338095,-62.281631,6.560,-10.76,-0.90,
60260,185.340880,-60.401370,3.590,-171.06,91.82,
60291,185.444363,-49.948974,6.580,-27.47,4.62,
60305,185.484577,47.182260,6.330,-57.76,-23.61,
60308,185.489327,-56.374384,5.910,-10.77,-0.77,
60313,185.508761,16.744798,6.670,-46.65,-27.74,
60316,185.517979,61.591408,6.740,46.29,-5.21,
60320,185.530778,-67.522093,5.150,-31.28,-5.16,
60327,185.545264,24.773877,6.210,-54.47,-4.47,
60329,185.550143,-68.307199,5.730,-2.45,-48.14,
60334,185.562825,-73.503678,6.770,-54.43,-11.49,
60338,185.576968,-15.555352,6.540,42.87,-21.98,
60351,185.626330,25.846182,4.780,-10.75,-8.85,
60353,185.633902,5.305574,6.460,-166.57,-53.15,
60370,185.686151,-39.177322,6.700,173.97,-147.50,
60374,185.694126,-52.293012,6.520,18.19,-14.81,
60379,185.706135,-57.676101,5.380,-37.73,-12.71,
60396,185.750551,-24.871310,6.820,-60.18,37.82,
60407,185.789806,-7.299133,6.960,-24.56,3.26,
60417,185.812668,-67.632171,6.360,-751.13,257.04,
60418,185.813950,-4.974433,6.470,30.41,-28.62,
60421,185.828740,-11.812092,6.480,-51.02,-10.49,
60425,185.839999,-24.840621,5.660,-21.40,-19.59,
60449,185.897706,-35.412659,5.320,-41.24,-7.49,
60454,185.903166,-39.302372,6.390,-23.07,4.90,
60455,185.907093,-61.629124,6.890,-9.09,-0.80,
60463,185.936609,-38.911351,5.790,-56.54,-12.46,
60467,185.946148,42.542709,6.030,-80.13,14.40,
60468,185.949255,-30.335385,6.390,10.21,-12.25,
60485,186.006176,51.562229,4.760,13.15,11.32,
60490,186.014456,25.851254,6.710,-12.87,-9.10,
60503,186.053906,-38.913816,6.880,-0.24,0.77,
60514,186.077249,26.098613,5.170,-26.91,-3.08,
60517,186.089278,-47.372931,6.610,-36.09,-2.39,
60525,186.111702,25.582430,6.410,-7.46,-10.65,
60526,186.117416,-77.214700,6.980,-22.84,1.70,
60549,186.186545,-41.384120,6.240,-67.26,-69.93,
60561,186.216658,-72.603873,6.610,-40.68,-9.93,
60570,186.233185,-65.211013,6.920,-5.14,0.20,
60584,186.263432,56.777858,5.820,-14.25,-12.46,
60589,186.276596,63.802775,6.310,-15.55,2.77,
60591,186.285937,-42.514258,6.100,-134.49,-22.30,
60595,186.299170,-11.610513,5.950,-58.99,-31.89,
60598,186.309001,-25.986554,6.850,-196.29,49.39,
60599,186.312804,23.926302,6.030,56.82,-41.09,
60601,186.323426,-65.769612,6.290,-63.26,-99.22,
60603,186.326705,-27.748999,6.090,2.41,-1.23,
60610,186.340683,-35.186401,5.710,-40.55,-6.48,
60638,186.409491,-86.150597,6.320,-4.91,-6.56,
60644,186.443793,-64.021940,6.990,-181.60,-60.80,
60646,186.462488,39.018699,5.010,-78.10,-34.00,
60668,186.505088,-49.588273,6.920,-56.72,14.99,
60672,186.513660,15.863918,6.740,-0.08,9.88,
60697,186.600307,27.268263,4.920,-14.80,-10.40,
60699,186.601972,71.929884,6.330,-150.27,-23.30,
60710,186.632451,-51.450612,4.820,-31.04,-9.83,
60718,186.649756,-63.099056,0.770,-35.37,-14.73,Acrux
60729,186.702966,-48.912998,6.250,-642.01,-79.23,
60735,186.715392,-32.830048,5.560,-5.65,-30.09,
60742,186.734698,28.268620,4.350,-83.41,-80.99,
60744,186.745397,-52.702906,6.990,-85.04,-11.37,
60746,186.747100,26.825722,4.980,-11.58,-9.23,
60771,186.853523,-63.788960,6.020,-13.81,-10.90,
60780,186.870157,-58.316479,6.350,-1.09,13.97,
60781,186.870318,-58.991769,5.380,-14.95,5.34,
60791,186.888124,41.355083,6.510,-12.99,-10.55,
60795,186.896358,55.712752,5.680,-20.94,-11.43,
60797,186.909881,25.912128,6.690,-9.75,-9.21,
60804,186.925287,8.610371,6.360,22.23,-11.21,
60809,186.956054,-16.631853,6.300,-10.33,3.90,
60813,186.964996,-4.615282,6.230,-86.75,2.27,
60816,186.981764,-8.677905,6.750,-224.21,-36.57,
60821,187.007535,-14.450855,6.810,-11.51,-32.94,
60823,187.010048,-50.230605,3.910,-32.49,-12.41,
60845,187.069960,-61.765323,6.820,75.28,-158.89,
60850,187.076848,4.396602,6.720,-46.08,-17.72,
60851,187.080462,-64.340961,6.050,-36.16,-11.79,
60855,187.093691,-39.041138,5.450,-28.69,-14.00,
60861,187.107125,-61.794831,6.210,-20.10,-4.43,
60870,187.140998,-56.407266,6.150,-232.75,-226.30,
60880,187.159022,26.226973,6.520,-17.67,-5.66,
60891,187.185743,25.899362,6.630,-18.50,-15.76,
60904,187.227991,25.912888,5.290,-20.21,-15.00,
60905,187.228651,-61.870909,6.930,-11.13,-2.17,
60912,187.252538,-83.802688,6.610,-15.58,7.20,
60924,187.290430,-2.429552,6.860,-20.55,-4.79,
60941,187.362724,24.108921,5.470,-18.09,1.84,
60957,187.430098,20.896185,5.680,24.89,-31.29,
60965,187.466597,-16.515094,2.940,-209.97,-139.30,
60969,187.475809,-56.524969,5.780,5.79,11.99,
60978,187.489162,58.405527,5.370,-66.78,88.75,
60979,187.491180,-41.735862,6.000,4.92,-16.09,
60984,187.501971,-42.929609,6.700,-35.21,-0.14,
60988,187.512932,51.535570,6.210,-293.08,25.33,
60992,187.517601,58.767810,6.070,31.19,-14.92,
60994,187.520548,-13.393052,6.370,-261.58,-54.16,
60998,187.528172,69.201261,5.010,-63.12,-56.48,
61015,187.572758,-23.696420,5.630,-25.36,0.70,
61019,187.581422,-60.989891,6.680,-6.31,-0.62,
61045,187.677780,-73.088699,6.950,-6.93,-7.96,
61053,187.708822,53.076166,6.200,19.46,182.10,
61054,187.709771,-4.060816,6.860,-62.36,5.31,
61058,187.723450,71.299958,6.950,-44.76,-13.37,
61068,187.742608,65.897859,6.930,-31.01,-2.62,
61071,187.752367,24.567189,5.470,-12.02,-8.94,
61078,187.768205,39.582061,6.790,18.58,-5.54,
61084,187.791372,-57.112569,1.590,27.94,-264.33,
61103,187.839284,7.604283,6.050,-20.97,10.66,
61133,187.910280,-30.981884,6.730,82.73,-3.67,
61134,187.911421,-5.052667,6.190,-31.56,30.79,
61136,187.918104,-59.423914,5.490,-13.19,-3.47,
61158,187.983970,-63.505899,5.960,-28.91,25.05,
61162,187.996669,-41.055089,6.970,22.00,-18.10,
61172,188.018354,-32.533732,6.460,-24.12,-12.03,
61174,188.018686,-16.195866,4.300,-424.37,-58.41,
61179,188.036794,-56.129558,6.540,-30.52,8.03,
61181,188.041230,-73.001043,5.880,40.72,-5.29,
61199,188.117129,-72.132976,3.840,-50.59,-5.16,
61208,188.137055,-21.212005,6.410,-138.45,-45.66,
61212,188.150361,-13.858974,5.740,-146.68,-53.89,
61232,188.208686,-30.044734,6.790,-21.91,0.00,
61246,188.262120,10.295661,6.290,-50.11,4.27,
61257,188.300905,-52.082813,6.550,-30.85,-12.89,
61270,188.342783,-19.792486,6.260,-30.00,-25.79,
61280,188.370163,-41.414035,6.700,-28.08,-14.81,
61281,188.371010,69.788210,3.850,-58.14,11.42,
61283,188.374476,38.069070,6.530,-77.24,-12.62,
61292,188.386043,7.679071,6.960,-94.89,46.90,
61295,188.392612,24.283005,6.280,-10.88,-8.57,
61296,188.392787,-12.830328,5.580,-16.99,51.63,
61309,188.412103,33.247660,5.420,21.21,-31.43,
61317,188.437886,41.356768,4.240,-705.06,292.93,
61318,188.444989,-9.452078,5.480,-82.20,0.11,
61320,188.447543,33.384695,6.240,5.36,-10.90,
61328,188.496904,-49.909693,6.380,-165.18,-48.19,
61347,188.549338,-32.092760,6.980,-80.63,12.68,
61359,188.596809,-23.396623,2.650,0.86,-56.00,
61366,188.628090,7.734819,6.760,57.01,-42.93,
61379,188.676902,-44.672517,5.760,-75.86,-206.23,
61384,188.683605,70.021773,4.950,-30.40,-1.36,
61394,188.712991,22.629190,4.800,-57.42,28.53,
61404,188.726932,-67.756889,6.110,-11.89,-2.40,
61415,188.776444,18.377034,6.570,24.82,12.78,
61418,188.782344,18.377001,5.030,-4.58,23.30,
61420,188.783974,21.881431,5.860,21.99,-19.56,
61443,188.874108,-61.841398,6.220,-270.92,-73.27,
61444,188.874439,-61.740759,6.600,-13.41,-18.90,
61449,188.888277,-12.021039,6.700,16.03,-20.92,
61463,188.928387,-16.826136,6.680,-78.78,12.07,
61468,188.940061,-41.021947,5.120,-107.25,1.11,
61486,188.969862,-12.069191,6.610,-19.76,23.02,
61496,188.994887,-20.527354,6.200,33.29,-50.35,
61498,189.004475,-39.869447,5.780,-55.92,-24.00,
61513,189.051104,-52.417693,6.560,-0.37,-10.59,
61544,189.158500,-39.326282,6.720,-36.29,-3.53,
61557,189.194358,-50.335371,6.400,-47.39,-9.53,
61558,189.197378,-5.831851,5.880,-27.51,-19.46,
61564,189.218956,70.184741,6.540,-8.21,-6.96,
61571,189.243142,17.089579,5.700,-35.65,-17.53,
61578,189.278074,-2.321749,6.950,155.46,-145.78,
61579,189.281874,8.796860,6.610,-54.58,3.51,
61585,189.296182,-69.135534,2.690,-39.87,-12.44,
61597,189.331750,79.215446,6.990,-140.87,14.96,
61621,189.425944,-27.138659,5.410,79.52,-94.16,
61622,189.426366,-48.541288,3.850,-186.61,-6.45,
61628,189.466001,4.288683,6.990,-26.24,-30.72,
61631,189.485402,54.853125,6.890,-21.26,0.01,
61637,189.518472,3.282471,6.330,-29.08,-11.21,
61639,189.530377,-55.931186,6.950,-36.39,-12.95,
61658,189.593550,1.854705,5.680,-79.51,-17.47,
61685,189.680659,-4.373547,6.670,-47.16,-1.31,
61688,189.686195,-18.250165,6.000,-122.68,26.64,
61692,189.692900,40.874695,6.350,-24.25,-13.49,
61703,189.718192,-67.193047,6.220,-4.58,-0.71,
61709,189.728140,-76.065913,6.770,-26.44,-19.75,
61719,189.759199,22.659545,6.390,-42.12,-19.77,
61720,189.764519,-30.422349,5.860,-38.64,-15.55,
61724,189.780657,21.062581,5.490,-77.41,-8.86,
61738,189.810986,-75.370570,6.460,-27.07,-10.01,
61740,189.811719,-7.995504,4.660,-77.30,-24.66,
61748,189.820195,35.951965,6.390,19.31,-2.63,
61763,189.878935,-6.100556,6.710,48.43,-4.27,
61789,189.969006,-39.987242,4.630,-42.01,-24.94,
61796,189.982926,-66.511122,6.260,-34.25,-6.57,
61853,190.150242,-14.099800,6.840,-24.78,-2.77,
61902,190.282400,30.437090,6.940,-20.33,13.16,
61905,190.290572,-44.101183,6.720,-88.30,-0.96,
61908,190.307264,-27.908183,6.640,-29.32,-2.65,
61910,190.316764,-13.013920,5.170,-117.92,7.86,
61916,190.346021,-46.145727,5.840,-70.95,59.98,
61927,190.370176,49.290463,6.890,-58.66,33.87,
61932,190.380021,-48.959886,2.200,-187.28,-1.20,
61936,190.391457,62.713082,6.020,-30.71,-17.68,
61937,190.393563,10.426268,6.220,-106.08,0.71,
61941,190.416676,-1.449522,2.740,-616.66,60.66,
61950,190.451750,9.886020,6.970,-68.18,18.46,
61951,190.456271,-19.759134,6.020,-179.95,17.10,
61960,190.470865,10.235843,4.880,82.62,-89.51,
61966,190.485820,-59.685811,4.910,-24.70,-3.57,
61968,190.488165,6.806644,5.570,-71.67,-11.15,
61969,190.490330,-7.500188,6.810,15.00,-45.64,
61981,190.520975,-69.407551,6.310,-4.55,-1.18,
61982,190.527137,-54.760892,6.580,-24.73,13.17,
61995,190.574538,33.688839,6.640,-221.11,-106.62,
62012,190.648171,-48.813035,4.660,-123.27,-30.36,
62026,190.707482,-55.946961,6.060,-34.64,-16.52,
62027,190.709512,-63.058616,5.270,-13.32,-3.47,
62046,190.767460,61.155372,6.390,-51.36,19.85,
62058,190.788384,-56.176196,5.990,-31.16,-11.39,
62062,190.804517,-24.990488,6.800,1.81,-10.77,
62073,190.826950,26.126599,6.680,22.74,-3.46,
62081,190.859348,-40.177810,6.430,25.18,-16.14,
62084,190.868335,-58.902741,6.410,-71.12,-0.34,
62103,190.908425,-1.576815,5.910,48.10,-74.58,
62109,190.948620,-12.014173,6.610,42.32,-20.84,
62125,190.982987,-13.141894,6.960,30.01,-11.64,
62128,190.994432,-36.349135,6.380,7.37,-7.39,
62131,191.002293,-28.323861,5.460,-29.54,-39.41,
62141,191.046741,-2.842540,6.760,-70.73,-8.72,
62170,191.107919,80.621128,6.330,31.45,-42.61,
62172,191.113020,44.102997,6.340,-30.32,2.91,
62177,191.140539,43.126608,6.960,-6.95,-2.11,
62179,191.145810,-57.286894,6.640,-31.06,-12.45,
62207,191.248651,39.278578,5.950,-359.75,139.32,
62212,191.258608,-68.830748,6.160,-6.72,-1.17,
62223,191.282620,45.440224,5.420,-2.20,13.05,
62232,191.318355,-28.766024,6.780,-41.19,-6.20,
62241,191.347923,-48.170509,6.640,12.80,14.89,
62267,191.404675,7.673315,5.220,-108.93,4.53,
62268,191.407984,-60.981161,4.690,112.51,-64.86,
62285,191.469075,-21.768242,6.910,-0.15,-9.78,
62312,191.522900,-54.612207,6.650,-21.65,0.42,
62322,191.570290,-68.108094,3.040,-40.40,-10.32,
62325,191.593248,9.540790,5.650,278.73,-455.04,
62327,191.594790,-56.488780,4.620,-33.11,-14.62,
62345,191.629217,-11.812575,6.870,-282.42,55.14,
62349,191.636549,24.145576,6.830,-114.20,-216.47,
62356,191.661472,16.577649,5.120,12.55,17.39,
62360,191.692586,-33.315414,5.870,11.60,-28.28,
62375,191.759134,9.063998,6.890,-6.61,-14.36,
62376,191.759536,5.950508,6.310,29.95,-55.54,
62388,191.794070,15.591710,6.660,8.79,-14.85,
62394,191.806731,11.958133,6.110,44.68,-18.39,
62402,191.828856,62.781139,5.880,20.02,6.54,
62421,191.889251,-6.301649,6.270,5.27,-42.22,
62423,191.893089,66.790316,5.430,1.64,-4.71,
62428,191.913496,-58.297536,6.950,-33.09,-14.01,
62434,191.930495,-59.688732,1.250,-48.24,-12.82,Mimosa
62437,191.951567,50.156964,6.820,-100.06,-5.68,
62443,191.964239,3.572721,6.420,-8.93,-2.11,
62447,191.972243,-25.015278,6.810,-27.02,-29.62,
62448,191.973636,-24.851747,6.430,-41.50,36.50,
62459,192.001589,18.836851,6.910,34.27,-17.63,
62476,192.055769,52.453189,6.880,-24.71,-10.67,
62478,192.059851,13.553101,6.470,-48.47,-33.96,
62483,192.068714,-44.718753,6.880,-26.62,-6.25,
62500,192.109828,-27.597230,5.650,-152.82,-63.33,
62512,192.163903,60.319897,5.830,107.79,-30.60,
62516,192.174414,48.466812,6.250,-63.99,10.73,
62523,192.196931,24.840484,6.290,-334.55,-106.06,
62541,192.225817,14.122633,5.710,28.96,-20.23,
62561,192.278297,83.417794,5.920,-22.05,15.52,
62572,192.307502,83.412858,5.380,-28.15,17.55,
62576,192.322968,27.552326,5.760,-92.90,21.73,
62580,192.343633,-40.775286,6.890,-27.47,21.68,
62600,192.408546,48.740048,6.500,-15.66,-7.49,
62608,192.437290,-71.986245,5.550,10.52,-5.87,
62610,192.440332,-15.882965,6.630,-4.91,-35.04,
62611,192.445990,-15.078910,6.970,-15.96,-3.44,
62614,192.452543,26.431354,6.870,31.98,-14.97,
62618,192.464762,-50.323820,6.930,0.79,-13.32,
62636,192.522044,-7.632229,6.990,-239.76,10.81,
62641,192.545024,37.516884,5.870,-88.59,21.83,
62646,192.549252,-60.400516,6.730,-15.29,-5.05,
62651,192.558530,-62.641344,6.610,-20.24,19.68,
62653,192.571791,22.863569,6.430,104.67,-66.38,
62655,192.581364,-48.459560,6.260,-48.03,6.71,
62683,192.671612,-33.999268,4.900,-29.11,-14.29,
62703,192.741265,-52.787395,5.700,-27.20,-12.02,
62732,192.824924,-60.329786,5.710,-5.26,-1.09,
62743,192.845551,-10.338211,6.480,-8.80,-3.41,
62757,192.903794,3.056739,6.020,-36.59,20.08,
62763,192.924699,27.540734,4.930,-9.50,-8.82,
62773,192.960883,-31.201898,6.970,-25.38,-8.45,
62785,192.986695,-35.082418,6.980,-17.94,1.11,
62786,192.987292,-39.680385,5.990,-27.07,-18.97,
62788,192.991530,-26.738352,6.140,-109.86,31.80,
62799,193.022796,-48.094295,6.310,-44.21,3.76,
62807,193.051066,17.073955,6.320,2.21,-4.95,
62819,193.095152,17.108478,6.930,37.61,-35.93,
62821,193.102531,-53.829927,6.260,-17.41,-1.66,
62825,193.114680,16.122526,6.290,-43.25,-12.66,
62861,193.267767,-54.952484,5.910,-96.63,4.68,
62867,193.279069,-48.943253,4.330,-79.18,-25.34,
62875,193.297129,-3.553090,6.110,-263.79,-3.45,
62880,193.305417,-39.390232,6.850,-1.52,0.05,
62886,193.324045,21.245021,4.890,-42.48,-32.00,
62894,193.341249,-60.328486,5.750,-4.12,-0.97,
62896,193.358942,-40.178819,4.250,69.64,-21.83,
62904,193.384169,19.481491,6.420,-150.31,-176.84,
62913,193.406771,-60.357060,6.910,-6.48,-0.57,
62915,193.408836,-4.224509,6.450,3.82,-62.73,
62931,193.453848,-60.376240,5.890,-3.03,-1.74,
62933,193.456978,12.418501,6.250,63.35,-35.13,
62944,193.482269,26.780004,6.910,1.64,-4.12,
62953,193.499186,-60.335417,6.780,-4.94,-1.46,
62956,193.506804,55.959843,1.760,111.74,-8.99,Alioth
62972,193.554783,33.534404,6.250,-89.66,31.32,
62975,193.560472,75.409295,6.950,-15.05,0.21,
62981,193.574497,-70.036783,6.880,4.92,0.90,
62983,193.578092,-11.648596,6.000,-138.92,10.56,
62985,193.588226,-9.538946,4.770,-18.26,-19.72,
62986,193.591702,-58.430606,6.740,-9.74,-2.91,
62996,193.625910,-20.098022,6.730,-19.16,-2.62,
63003,193.648573,-57.177891,4.030,-30.45,-13.55,
63005,193.653839,-57.168644,5.080,-32.35,-10.93,
63007,193.663417,-59.146665,4.620,-33.35,-14.75,
63008,193.666596,22.108012,6.990,52.95,-32.26,
63024,193.735567,47.196738,5.750,-17.24,-6.50,
63031,193.743116,-85.123422,5.450,67.47,22.11,
63033,193.744609,-44.151406,5.890,-237.30,-230.98,
63043,193.771589,19.614894,6.660,-91.89,-66.58,
63045,193.779106,-42.290869,6.820,-5.05,-5.74,
63046,193.779312,-13.452741,6.970,-15.76,-4.31,
63056,193.796233,3.049223,6.950,-10.17,38.34,
63066,193.831090,-42.915701,5.460,-37.77,-12.64,
63076,193.868980,65.438547,5.230,-4.63,-30.38,
63081,193.876408,11.495881,6.910,-70.38,17.23,
63083,193.885188,-30.070086,6.900,14.18,-10.63,
63090,193.902014,3.397599,3.390,-471.44,-52.81,
63093,193.910127,0.055301,6.780,-30.87,-4.02,
63096,193.912708,54.961222,6.780,-10.96,7.30,
63104,193.936707,32.000702,6.850,-11.96,-26.34,
63109,193.971894,-15.327022,6.180,-19.08,-1.03,
63117,193.988082,-56.835804,5.340,-5.12,-0.78,
63121,194.002516,38.314698,5.610,-203.89,88.34,
63123,194.006324,-31.482062,7.000,-48.26,-9.59,
63125,194.007671,38.318246,2.890,-233.43,54.98,
63143,194.073509,54.099483,5.840,-78.10,2.54,
63145,194.077646,-55.561054,6.830,-27.81,-3.59,
63152,194.107890,65.994415,6.630,12.39,-9.83,
63155,194.110615,-0.954380,6.620,22.63,-87.56,
63159,194.125510,-26.460239,6.730,12.63,-21.27,
63165,194.132167,-72.185182,5.930,-15.99,-12.08,
63179,194.161718,43.552010,6.970,6.19,1.85,
63182,194.165060,-47.686232,6.750,-55.21,-7.31,
63203,194.241856,67.242834,6.550,-20.82,12.01,
63204,194.242734,-54.587310,6.480,-33.73,-15.37,
63210,194.268252,-51.198716,5.170,-29.54,-14.82,
63211,194.282513,46.176920,6.110,-9.40,-53.88,
63220,194.302848,-12.066924,6.330,-17.13,-9.55,
63221,194.306735,8.293757,6.810,-92.61,10.84,
63225,194.329261,-8.910814,6.930,13.35,-2.45,
63236,194.359367,-67.960665,6.770,-38.24,-14.93,
63235,194.359615,1.427957,6.910,-134.62,-7.48,
63242,194.383555,-65.646538,6.860,-66.96,31.27,
63243,194.388191,-22.753468,6.310,-58.42,-13.00,
63276,194.504151,-38.917211,6.720,-28.35,5.38,
63286,194.541175,-23.055113,6.950,-122.37,-11.50,
63287,194.545095,-47.064934,6.850,-26.64,-5.57,
63297,194.578645,64.925504,6.440,-18.03,12.06,
63320,194.641229,28.319542,6.940,-108.78,11.05,
63328,194.666511,-2.903604,6.670,21.72,-16.17,
63331,194.670496,-36.275181,6.950,-15.10,-6.35,
63340,194.697096,75.472475,6.000,13.18,13.77,
63350,194.719842,-39.105615,6.940,-46.77,-14.78,
63355,194.731108,17.409361,4.760,-38.66,34.95,
63356,194.736429,39.844256,6.860,-32.35,8.43,
63359,194.740519,-21.546689,6.620,17.69,-26.85,
63414,194.914773,-3.811942,5.790,-48.20,6.57,
63420,194.941852,9.525996,6.740,-32.59,1.42,
63432,194.980316,66.597308,5.370,-139.75,-14.64,
63445,195.012709,-36.182117,6.970,6.24,-28.21,
63462,195.068689,30.785037,4.880,-21.59,-6.38,
63464,195.070161,-48.603702,6.950,43.77,-3.37,
63479,195.106841,31.779239,6.650,11.23,-12.43,
63490,195.136288,-33.505092,6.010,-74.19,-71.81,
63491,195.140037,-33.051181,6.580,-118.89,-59.50,
63494,195.149827,-3.368608,5.990,-19.39,49.42,
63497,195.161900,18.372865,6.200,-234.60,59.27,
63503,195.181607,56.366331,4.930,108.36,2.67,
63533,195.290084,17.123203,5.970,-9.00,-23.01,
63538,195.306783,-20.777551,6.920,-15.31,-10.56,
63583,195.443301,-39.616213,6.650,-169.37,26.65,
63584,195.446467,63.610163,6.010,-171.55,25.53,
63608,195.544836,10.959102,2.850,-275.05,19.96,
63613,195.565740,-71.548799,3.610,263.58,-23.28,
63623,195.594520,-28.286325,6.680,-46.69,8.18,
63647,195.668567,59.716330,6.500,-29.47,-9.75,
63677,195.747825,22.637589,6.920,-37.39,-17.87,
63688,195.772335,-71.475723,5.930,-11.18,-2.39,
63692,195.793482,23.826567,6.980,-49.63,1.95,
63724,195.888950,-49.527236,4.830,-46.58,-11.24,
63738,195.941778,-20.583510,5.580,142.13,5.14,
63740,195.947410,-40.851155,6.930,-1.69,-17.31,
63748,195.972531,43.007608,6.800,-9.18,-4.64,
63750,195.976840,-3.663047,6.620,-37.64,-39.65,
63820,196.201035,-41.196282,6.240,-17.23,-16.45,
63822,196.207425,73.024952,6.430,-19.04,9.64,
63839,196.258713,-64.441543,6.640,-37.54,-17.77,
63849,196.277909,-47.116827,6.440,-45.87,-34.04,
63883,196.378446,-52.115682,6.430,-51.96,9.01,
63901,196.435260,35.798852,5.200,-36.75,19.32,
63916,196.467831,45.268490,5.640,-14.53,24.63,
63933,196.542884,29.029253,6.510,-64.79,-9.74,
63943,196.564876,-55.611667,6.950,-0.18,-0.98,
63945,196.569710,-48.463254,4.710,-29.72,-14.68,
63948,196.588679,21.153510,6.000,-69.06,-46.54,
63950,196.594101,22.616291,5.530,29.84,-42.71,
63951,196.594614,22.279844,6.830,4.33,23.71,
63952,196.595259,62.041974,6.150,17.06,-43.36,
63972,196.646031,-41.588407,5.590,44.26,-14.59,
63981,196.657791,-31.611794,6.750,-25.19,-34.76,
64003,196.725955,-35.861823,5.630,34.80,-86.36,
64004,196.727763,-49.906216,4.270,-26.24,-12.43,
64022,196.794616,27.624907,4.800,33.27,-68.21,
64030,196.832327,0.585199,7.000,-101.92,-97.60,
64033,196.851292,-59.860490,5.980,-11.78,-8.06,
64053,196.909669,-53.459715,5.700,-36.87,-20.40,
64077,196.973583,27.556108,6.200,-39.64,-61.88,
64078,196.974179,-10.740385,5.150,16.03,-9.38,
64089,197.010175,24.831061,6.810,-46.69,35.78,
64094,197.029829,-65.306017,5.440,-5.35,-2.23,
64108,197.085506,-78.445970,6.430,-38.85,-24.94,
64111,197.091487,-36.224127,6.850,-116.10,16.68,
64117,197.115999,-67.796762,6.340,-9.56,-0.02,
64122,197.135367,-8.984229,5.570,-36.21,-64.19,
64133,197.164317,-23.106376,6.690,-123.10,-52.92,
64150,197.212390,5.208869,6.780,84.52,-669.96,
64166,197.263679,-23.117973,4.940,-19.97,-39.90,
64169,197.273720,18.625672,6.940,-3.99,17.29,
64179,197.301760,10.022468,5.790,22.78,0.18,
64181,197.309467,-9.538099,6.320,-56.19,0.49,
64199,197.364909,-48.524636,6.840,-17.01,-5.56,
64212,197.411347,37.423132,6.010,-105.99,5.86,
64217,197.425175,38.533871,6.250,-14.76,6.16,
64218,197.426689,-16.515193,6.750,-31.34,-1.50,
64224,197.438701,-10.329309,5.950,-14.98,-7.31,
64226,197.449531,16.848649,5.910,-65.58,-15.39,
64231,197.459213,62.229142,6.520,-27.07,-8.13,
64238,197.487550,-5.538930,4.380,-35.08,-32.80,
64241,197.498123,17.529116,4.320,-445.95,129.69,
64246,197.513619,38.498872,5.910,-71.11,44.86,
64302,197.691860,34.300717,6.890,-67.59,-28.85,
64307,197.707773,-52.907577,6.670,-16.53,6.59,
64312,197.718080,21.233888,6.820,20.43,-59.16,
64320,197.743608,-52.566854,6.050,-35.20,-17.88,
64332,197.787254,-42.232828,5.780,-76.67,-26.10,
64346,197.840460,-13.962268,6.920,-90.87,-36.20,
64348,197.847115,-43.368505,5.240,-114.50,-19.66,
64362,197.876786,-35.129908,6.630,-22.17,0.48,
64365,197.884816,21.918728,6.820,-24.52,-24.13,
64370,197.900345,-56.908980,6.790,-12.62,1.62,
64375,197.913519,-26.551726,6.490,-71.84,1.55,
64378,197.919131,-11.221649,6.890,-64.39,-0.25,
64390,197.964090,-69.942020,5.920,35.02,1.26,
64394,197.970511,27.876038,4.230,-801.94,882.70,
64395,197.971143,-63.302986,6.320,-4.02,-2.50,
64398,197.981510,-61.117329,6.740,-7.19,-1.54,
64405,198.008463,32.085282,6.710,24.43,-4.69,
64408,198.014445,-37.803136,4.850,-382.44,47.01,
64407,198.014519,-16.197903,5.040,96.17,-287.23,
64417,198.035098,24.258129,6.310,-22.32,-41.79,
64425,198.073455,-59.920537,4.580,-28.54,-17.46,
64437,198.106063,80.471282,6.250,-6.34,11.27,
64445,198.137298,11.556170,5.760,-50.68,-30.57,
64449,198.149788,18.751770,6.510,-65.74,2.61,
64459,198.184985,-31.872599,6.680,-202.12,-308.50,
64466,198.203193,-66.226766,5.910,25.31,7.85,
64470,198.206384,42.626618,6.790,-9.77,21.57,
64472,198.211913,-42.699712,6.190,-26.80,-3.52,
64478,198.232113,-59.816342,6.180,8.23,-107.89,
64482,198.251782,67.309661,6.960,-156.21,10.12,
64484,198.264575,38.277384,6.830,160.13,-102.43,
64496,198.302239,18.727128,6.100,-216.03,-49.28,
64515,198.347427,-50.699786,5.900,-33.58,-17.68,
64520,198.361869,-18.826381,6.260,-21.28,-10.45,
64522,198.367763,67.287934,6.520,-155.51,10.24,
64527,198.383116,72.799132,6.570,17.09,-14.33,
64530,198.399757,36.887581,6.500,3.03,0.25,
64532,198.403707,56.708314,6.820,111.91,-17.88,
64540,198.429090,40.152848,4.940,-52.19,15.50,
64543,198.435959,32.530481,6.680,-18.59,-17.70,
64550,198.467986,-45.185531,6.930,-110.07,-110.65,
64556,198.489986,1.456557,6.550,-53.26,-45.02,
64557,198.490833,-43.139161,6.160,-150.09,22.34,
64564,198.507991,-62.653881,6.820,-5.47,-3.23,
64577,198.545707,-19.931335,5.310,-120.23,159.67,
64580,198.550624,-58.683908,5.910,-55.30,-11.67,
64583,198.564284,-59.102859,4.900,-249.62,-154.60,
64587,198.572319,-78.447445,5.840,-8.41,-3.72,
64590,198.583987,-42.852091,6.720,-97.85,-39.40,
64598,198.606269,-75.171151,6.980,-3.34,-3.48,
64603,198.614914,-24.284272,6.660,-75.89,7.35,
64607,198.630179,11.331785,5.640,68.52,-52.81,
64623,198.680680,-48.956805,5.840,-108.72,-89.45,
64624,198.684966,-63.581055,6.870,-5.16,-0.49,
64625,198.688033,-10.370276,6.950,-23.25,-43.51,
64648,198.785948,35.445788,6.800,-49.82,7.08,
64651,198.789540,-36.371358,6.170,-43.66,-21.35,
64654,198.792666,18.918882,6.550,-15.09,9.13,
64661,198.812491,-67.894563,4.790,-36.92,-10.63,
64682,198.857358,-69.679197,6.370,-99.97,-35.52,
64692,198.883521,40.855172,5.770,-120.26,11.09,
64711,198.945599,7.952966,6.750,-24.34,8.10,
64725,198.994093,-19.942822,5.210,304.74,-115.41,
64739,199.027748,-57.061590,6.950,-8.96,0.17,
64749,199.053163,-52.414738,6.890,17.96,-24.90,
64751,199.059777,19.051716,6.460,-96.89,7.31,
64769,199.106263,-1.390465,6.690,-33.69,-31.02,
64774,199.119399,68.407961,6.200,-14.10,16.26,
64778,199.132688,-44.704377,6.850,-18.41,2.00,
64779,199.134702,19.785217,6.430,-110.15,29.54,
64781,199.153099,18.903260,6.720,-60.59,7.35,
64790,199.187692,-65.138126,6.060,-98.97,-54.65,
64792,199.194639,9.423693,5.190,-334.51,190.70,
64797,199.211113,17.017816,6.490,631.21,-260.84,
64803,199.221297,-31.506077,5.100,34.60,-49.27,
64820,199.304312,-66.783423,4.860,-15.27,-6.34,
64822,199.308013,-43.979442,5.820,-4.03,-15.47,
64823,199.315097,13.675647,5.330,8.09,42.94,
64828,199.341730,-11.483547,6.610,-64.51,8.12,
64834,199.364067,-10.546328,6.890,-84.62,16.40,
64838,199.374554,-0.676041,6.360,-68.14,-9.60,
64843,199.382412,-15.547926,6.680,-35.23,-59.83,
64844,199.385988,40.572563,4.720,-125.67,18.45,
64852,199.401195,5.469845,4.780,-7.16,10.00,
64867,199.436096,-47.589924,6.630,-26.46,-2.30,
64876,199.481053,-68.495644,6.680,-22.63,-10.28,
64892,199.521372,-44.055334,6.800,-31.19,-18.62,
64906,199.560585,49.682015,5.140,-33.34,19.42,
64914,199.582805,-63.449144,6.780,-3.69,-0.68,
64920,199.597754,-28.332311,6.800,-74.31,-85.66,
64925,199.603857,-45.764611,6.870,-32.06,-17.97,
64924,199.604050,-18.308611,4.740,-1069.90,-1063.78,
64927,199.615448,34.098293,5.810,29.23,4.55,
64933,199.645381,-51.285747,6.180,-26.86,-11.87,
64951,199.701404,-79.975961,6.340,-18.11,-22.90,
64954,199.713142,3.687669,6.620,-51.72,-14.62,
64962,199.730222,-23.171412,2.990,68.41,-41.09,
64979,199.767803,35.127935,6.010,-29.97,17.54,
64983,199.777917,3.722853,6.910,-1.17,-6.80,
64994,199.829140,-72.035478,6.040,-5.64,-51.40,
65015,199.910059,-60.635176,6.980,-9.87,-3.83,
65046,199.993963,-41.190695,6.730,-328.23,12.67,
65050,200.008876,-62.526604,6.910,1.79,8.80,
65067,200.061226,3.287553,6.960,5.35,-8.32,
65072,200.079149,40.150556,5.600,-57.97,-3.29,
65074,200.083552,-11.304118,6.730,-114.47,-5.60,
65108,200.146100,-59.772758,6.200,-31.63,-9.24,
65109,200.150273,-36.712081,2.750,-340.76,-87.98,
65112,200.157727,-52.747785,5.470,-30.71,-16.46,
65119,200.173356,2.942317,6.260,-62.29,-11.23,
65129,200.201430,-55.800698,6.000,-3.89,4.02,
65135,200.213034,43.990119,6.510,-147.44,27.59,
65144,200.240679,-46.880058,5.760,-74.13,20.84,
65151,200.270001,-24.470244,6.890,-32.44,8.43,
65154,200.280455,47.269753,6.970,27.26,-4.85,
65159,200.295308,37.857098,6.930,20.12,3.88,
65178,200.358046,-43.634285,6.670,-29.98,-16.47,
65183,200.374239,-19.489287,6.210,-77.24,-2.84,
65198,200.423661,2.087371,5.690,-61.27,-52.40,
65230,200.516549,43.903334,6.340,-61.73,18.65,
65235,200.526663,-14.419764,6.840,3.95,-44.73,
65236,200.530922,-60.184984,6.920,-5.01,-1.03,
65239,200.534368,-12.579533,6.880,5.35,-4.50,
65241,200.540541,5.154851,5.890,-69.02,-35.55,
65245,200.562779,30.292021,6.800,19.30,-33.85,
65247,200.567874,-52.182952,5.810,-4.47,-1.95,
65265,200.629125,-6.201804,6.630,-71.17,-143.25,
65271,200.658249,-60.988356,4.520,-35.50,-15.19,
65288,200.718745,-47.943219,6.180,16.53,-0.70,
65289,200.719253,-72.146674,6.060,-17.73,-15.46,
65301,200.754772,-17.735204,5.360,-50.08,-28.67,
65303,200.760866,-48.562786,6.370,-8.80,-2.28,
65309,200.772926,47.001955,6.640,-14.62,16.12,
65311,200.786016,-33.189887,6.170,-17.90,3.71,
65323,200.828772,-4.924388,5.880,-19.50,-16.10,
65372,200.967446,-49.822734,6.480,-79.89,-31.45,
65373,200.969658,-47.890489,6.770,-50.74,-21.49,
65376,200.974662,37.033948,6.100,14.63,-11.14,
65378,200.980916,54.925415,2.230,121.23,-22.01,Mizar
65381,200.987939,-20.924538,6.440,-37.39,-19.90,
65387,201.001847,-64.535617,4.520,29.10,-20.96,
65413,201.108284,-51.875188,6.680,-8.05,9.87,
65414,201.108811,-4.308631,6.820,-83.86,-142.34,
65417,201.127241,12.431745,6.440,-11.74,35.83,
65420,201.138068,-5.163922,5.760,157.73,-36.24,
65466,201.277853,23.854438,5.750,-9.95,-8.06,
65468,201.280668,-74.887497,5.040,-108.28,-132.08,
65474,201.298352,-11.161245,0.980,-42.50,-31.73,Spica
65477,201.305898,54.987999,3.990,120.35,-16.94,
65479,201.308899,-64.485092,5.320,-154.30,-21.43,
65503,201.380548,-68.528083,6.980,-10.07,2.10,
65509,201.417034,15.564067,6.830,-62.82,-1.73,
65522,201.459995,-70.627251,5.650,-55.50,1.05,
65528,201.491883,-35.075824,6.820,-8.95,-6.24,
65530,201.501530,63.260739,6.500,-392.63,220.51,
65532,201.526027,-16.858620,6.560,21.77,54.40,
65535,201.531829,-39.754965,5.110,168.31,-58.60,
65536,201.533430,72.391498,5.820,22.62,-9.19,
65539,201.533969,-32.547271,6.850,-48.84,-15.98,
65545,201.547837,-1.192484,5.970,-114.57,5.20,
65550,201.569070,46.028104,5.880,30.17,-19.98,
65551,201.569706,-48.786543,6.700,-49.90,-18.56,
65557,201.610251,-34.009614,6.870,-30.46,-180.36,
65581,201.680186,-12.707613,5.270,-128.56,-21.22,
65593,201.733850,-41.497565,5.690,-9.71,1.10,
65595,201.738415,78.643796,5.740,-140.35,30.28,
65603,201.769598,64.735441,6.640,-68.76,35.16,
65606,201.776666,-49.143695,6.310,-14.83,-5.57,
65621,201.811143,-40.162691,6.400,-17.68,10.74,
65628,201.827397,-74.691722,6.620,-35.56,-13.53,
65630,201.836086,-49.381284,6.270,-3.74,-2.87,
65639,201.863492,-15.973631,4.760,-122.13,21.61,
65678,201.998865,52.745643,6.340,-101.74,-22.29,
65682,202.007846,-26.402225,6.490,-3.27,-4.19,
65698,202.049521,50.587186,6.960,-99.32,42.79,
65709,202.078134,31.149231,6.940,1.57,1.23,
65721,202.108127,13.780188,4.970,-234.81,-576.19,
65723,202.109301,40.729786,6.490,12.44,-57.56,
65728,202.113242,59.945703,5.400,-78.04,34.47,
65754,202.190819,50.718751,6.420,35.69,-74.81,
65755,202.195102,-69.627113,6.170,-20.61,-16.29,
65760,202.228869,-62.102274,6.640,-5.19,-1.11,
65783,202.283267,-64.675777,6.090,-60.73,-7.09,
65790,202.304318,10.818396,5.650,-60.34,-35.52,
65796,202.312253,-1.364284,6.420,-42.01,-58.99,
65798,202.316993,-45.537764,6.610,-15.93,-3.49,
65810,202.355231,-51.165115,5.040,-1.50,-7.79,
65813,202.371622,-18.729059,6.880,46.85,-22.31,
65822,202.400762,-47.875784,6.940,-23.21,-14.30,
65835,202.428412,-23.281358,6.400,-60.73,11.01,
65839,202.446344,1.095593,6.590,-65.49,-101.17,
65855,202.490204,6.013388,6.510,-14.87,59.57,
65862,202.500328,7.178841,6.180,3.42,4.89,
65891,202.605424,-58.664334,6.750,-25.14,-9.05,
65892,202.607076,-6.470295,6.100,44.20,12.32,
65911,202.663077,9.316859,6.880,-15.54,-18.34,
65920,202.714294,-3.049913,6.910,-1.57,33.77,
65936,202.761119,-39.407280,3.900,-15.65,-11.25,
65949,202.805064,-13.448783,6.930,-108.04,2.41,
65951,202.816008,42.106086,6.070,-95.49,27.69,
65955,202.843730,-42.464707,6.560,21.96,-18.41,
65969,202.888414,-28.112746,6.480,-77.63,2.12,
65970,202.889238,-61.582360,6.660,-3.96,-0.62,
66005,202.990951,-65.321818,6.620,-62.36,-12.23,
66006,202.991442,-6.255711,4.680,-103.80,-43.40,
66015,203.011943,-18.728836,6.010,-96.54,-17.83,
66019,203.022450,-38.398754,6.140,34.84,-37.22,
66023,203.045322,-79.660757,6.690,-24.70,-7.88,
66042,203.091647,36.818221,6.820,18.04,-19.60,
66057,203.136543,-69.231693,7.000,2.45,2.14,
66060,203.143831,-29.565282,6.450,-77.97,7.92,
66065,203.149842,-28.692714,5.690,-95.64,-22.18,
66086,203.200718,24.347210,6.110,66.50,-192.22,
66089,203.212575,34.907167,6.780,-42.86,-12.39,
66091,203.215369,-15.363012,5.520,-77.23,0.27,
66098,203.242047,-10.164908,5.210,-30.72,-37.96,
66113,203.288231,5.853018,6.640,34.26,24.56,
66121,203.311066,-77.569019,6.520,-367.08,-152.10,
66128,203.344186,33.657698,6.680,-28.06,-15.07,
66139,203.372906,-43.422734,6.650,-106.44,-13.96,
66152,203.399668,-65.632622,6.360,-34.28,-27.91,
66171,203.449146,-39.945692,6.690,-50.07,9.17,
66198,203.530521,55.348450,5.600,-18.71,-6.64,
66200,203.532939,3.659025,4.920,43.89,-24.03,
66223,203.591042,38.789209,6.370,21.11,23.00,
66234,203.614056,49.015906,4.680,-128.28,27.39,
66236,203.620775,-48.272146,6.320,-27.37,-6.82,
66247,203.668660,-13.214306,5.920,-47.98,-7.32,
66249,203.673978,-0.595938,3.380,-278.89,48.56,
66251,203.678394,76.546708,6.460,-25.27,0.89,
66254,203.681721,-33.310825,6.460,-52.33,-11.97,
66257,203.698943,37.182439,4.910,84.70,-9.81,
66275,203.757181,12.513950,6.560,-22.64,3.24,
66289,203.796457,-62.630662,6.700,-5.96,-27.27,
66290,203.798228,22.499418,6.910,-248.35,128.08,
66292,203.801206,-32.212321,6.770,-76.31,-29.05,
66294,203.808801,44.197013,6.830,-15.56,13.84,
66320,203.880363,-5.396392,5.700,15.54,82.55,
66326,203.889052,10.205089,6.480,88.28,-52.58,
66345,203.967015,8.292762,6.930,-43.47,8.05,
66376,204.109052,-42.415363,6.820,12.62,7.98,
66380,204.139978,52.687590,6.930,6.68,-31.09,
66385,204.166228,49.486684,6.480,2.28,-14.83,
66398,204.201546,-26.498014,6.720,-91.03,16.20,
66400,204.202122,-26.495236,5.730,-92.70,15.43,
66405,204.210738,-34.467755,6.480,-8.21,-34.63,
66417,204.246249,24.613303,5.720,-25.95,-2.26,
66422,204.261355,67.036419,6.700,58.99,-41.64,
66427,204.275216,-44.143169,5.960,-51.05,-14.27,
66435,204.296060,71.242266,5.500,-36.28,-6.02,
66438,204.300837,-61.691572,5.630,149.75,-116.81,
66440,204.303175,52.593090,6.730,-49.01,-14.73,
66454,204.347906,-46.427840,5.910,-28.19,-15.97,
66458,204.365404,36.294841,4.820,-94.78,23.63,
66475,204.428911,50.714830,6.510,-11.25,3.63,
66476,204.433357,2.382347,6.660,-15.10,-13.56,
66482,204.445644,-3.235953,6.680,6.28,-25.67,
66511,204.504194,22.527550,6.990,-136.97,-92.74,
66515,204.514428,-42.764993,6.970,2.57,1.27,
66521,204.531780,-58.414581,6.410,-0.80,-26.77,
66522,204.532765,14.301962,6.490,41.01,-14.98,
66524,204.537771,-50.349885,6.640,-60.75,-13.34,
66563,204.675525,-29.560680,5.810,-86.56,-77.17,
66574,204.690963,-70.444753,6.110,-65.71,-31.61,
66575,204.704016,-57.622702,6.000,-11.47,-6.09,
66577,204.709873,-33.111259,7.000,-14.93,-6.93,
66594,204.759638,18.265372,6.460,-47.37,-20.23,
66607,204.800164,-75.683770,6.320,-18.06,-7.27,
66610,204.807878,10.509781,6.640,23.88,-46.48,
66613,204.812181,51.804200,6.490,-14.84,5.60,
66618,204.832912,-67.670357,6.970,251.32,-190.28,
66634,204.877415,52.921071,5.460,-136.05,56.38,
66640,204.894518,10.746301,5.570,-113.44,-13.38,
66645,204.920225,-39.747568,6.290,-14.44,-7.88,
66656,204.952441,-40.051575,5.610,-47.42,-54.98,
66657,204.971970,-53.466363,2.290,-14.60,-12.79,
66663,204.993839,-16.446515,6.710,-3.77,-9.25,
66666,204.999573,-49.950001,5.740,-99.40,18.73,
66668,205.002472,-70.787768,6.590,-23.70,-8.03,
66679,205.036551,-27.577760,6.800,-48.79,-11.85,
66681,205.045009,-64.576554,5.790,-69.60,0.46,
66690,205.065116,31.011813,6.210,-72.80,91.93,
66700,205.089325,57.207542,6.280,-50.00,26.54,
66704,205.097281,50.519272,6.310,-124.73,57.86,
66722,205.156976,-44.330185,6.570,-29.18,-20.01,
66725,205.163013,28.065141,6.220,-69.82,9.89,
66727,205.168742,19.955663,5.730,-46.46,23.23,
66728,205.170567,76.843785,6.690,-44.25,0.02,
66735,205.180573,52.771887,6.880,20.35,-16.42,
66738,205.184552,54.681661,4.630,-19.14,-11.37,
66753,205.234064,-85.785992,5.560,-87.65,-21.03,
66763,205.259822,22.495832,5.630,-15.28,-26.28,
66765,205.266773,-34.463752,6.920,205.92,-166.03,
66782,205.306560,-46.028249,6.700,-37.12,-23.87,
66783,205.306884,-71.868354,6.910,-34.09,35.27,
66798,205.374237,64.822440,5.850,55.02,-11.71,
66800,205.378599,-23.449812,6.600,-10.84,0.67,
66802,205.402523,-45.493749,6.890,28.68,-33.07,
66803,205.403461,-8.703082,5.030,-91.65,40.28,
66806,205.414588,-75.115363,6.900,-11.55,-2.84,
66821,205.436728,-54.559365,4.990,-43.65,-24.58,
66825,205.439929,-33.597386,6.580,-27.61,3.37,
66849,205.504674,-58.787050,5.380,-30.71,-11.70,
66857,205.526371,65.273083,6.600,85.38,0.92,
66860,205.554096,8.388606,6.160,-377.86,-87.16,
66874,205.586589,-33.980517,6.660,-17.73,23.35,
66878,205.595599,82.752511,5.920,32.67,-42.51,
66892,205.620307,41.674252,6.300,-86.37,12.33,
66893,205.628935,55.727673,6.910,-23.13,8.80,
66903,205.664100,78.064326,5.910,-64.25,45.78,
66904,205.669062,-61.737831,6.860,-4.16,-0.86,
66907,205.680921,34.988995,5.980,13.01,11.00,
66910,205.685474,-61.892025,6.870,-9.95,-4.68,
66923,205.727672,-50.790198,6.430,-8.85,-15.81,
66924,205.729428,-41.400951,5.960,-51.69,-37.81,
66925,205.733825,-56.767960,6.000,-7.42,-4.76,
66936,205.766184,3.538080,5.350,-294.22,-72.88,
66958,205.857762,45.520251,6.690,-14.73,8.13,
66974,205.899538,14.365626,6.920,-314.66,-6.59,
66984,205.917066,-42.067511,5.960,-13.49,-4.31,
66992,205.938055,22.700513,6.120,49.19,-37.04,
66997,205.956116,-40.177957,6.910,-67.23,-10.93,
67004,205.976117,-5.498900,6.510,-53.68,-14.08,
67005,205.978315,52.064427,6.020,-19.56,-5.79,
67008,205.989082,-59.235962,6.510,-30.24,-11.20,
67036,206.066784,-51.012406,6.440,-29.15,-19.87,
67057,206.124247,-16.179059,5.550,12.62,-5.63,
67069,206.185841,-14.224760,6.900,0.45,-173.12,
67071,206.190426,-25.500879,6.210,-57.64,-22.17,
67103,206.304598,55.880221,6.470,104.91,-358.91,
67104,206.306116,10.325414,6.420,-54.99,-44.79,
67125,206.364368,-48.791729,6.760,-143.70,27.77,
67139,206.396221,-15.767409,6.180,-40.99,-23.74,
67143,206.403907,-26.115985,5.810,-71.63,-10.23,
67153,206.423194,-33.043366,4.230,-461.85,-146.17,
67172,206.484711,-12.426547,5.500,-19.18,8.00,
67194,206.556806,41.088849,5.880,-113.84,-42.28,
67195,206.557953,30.897248,6.510,-258.00,-97.33,
67199,206.560587,-54.683313,6.420,-30.74,-22.75,
67206,206.575017,-62.451593,6.580,-3.97,-1.31,
67210,206.579577,38.503656,5.920,-48.88,-12.56,
67231,206.648647,54.432690,5.680,-19.19,-4.51,
67232,206.652483,-62.909611,6.600,-4.69,-1.75,
67234,206.664035,-51.432698,4.640,10.33,-27.98,
67239,206.680562,25.702381,5.970,-18.34,-59.46,
67244,206.734839,-36.251905,5.150,-13.28,-11.50,
67246,206.739260,6.350642,6.330,-511.29,-109.99,
67250,206.749479,38.542750,5.510,-134.18,-21.69,
67260,206.794110,-52.269216,6.930,-28.60,-18.55,
67261,206.795294,-62.589706,6.400,-5.49,-3.66,
67270,206.805111,-19.255754,6.730,-60.90,-11.73,
67271,206.805850,-9.709350,6.040,-0.29,-43.20,
67275,206.816819,17.456774,4.500,-480.33,54.18,
67288,206.855644,-17.859764,5.410,60.79,-31.04,
67289,206.855853,-6.705386,6.990,-66.84,-12.82,
67292,206.864937,-50.249321,5.920,58.93,12.64,
67300,206.881430,37.893313,6.990,6.33,-3.60,
67301,206.885609,49.313303,1.850,-121.23,-15.56,Alkaid
67302,206.892735,-71.231098,6.830,-32.80,-16.82,
67304,206.911124,-50.320667,5.460,-141.24,-6.28,
67338,207.021215,42.047607,6.590,22.51,-56.75,
67355,207.075038,-6.837335,6.570,-39.33,-19.24,
67379,207.144441,7.960145,6.810,46.57,-12.83,
67384,207.161412,31.190115,5.610,-4.49,37.76,
67385,207.161925,-2.840454,6.710,8.49,-8.70,
67389,207.174292,-37.127402,6.730,34.47,-5.98,
67408,207.231022,-35.703737,6.560,-526.85,-182.22,
67438,207.318979,-40.516409,6.950,-86.94,2.90,
67457,207.361464,-34.450630,4.190,-42.59,-59.87,
67459,207.369574,15.797806,4.050,-93.64,40.76,
67461,207.372216,6.343909,6.760,-33.88,-33.69,
67464,207.376239,-41.687660,3.410,-26.01,-20.38,
67470,207.400631,13.010240,6.660,-148.26,25.21,
67472,207.404199,-42.473685,3.470,-23.85,-19.22,
67480,207.428416,21.264064,4.920,21.09,17.00,
67481,207.434044,8.408611,6.600,-26.63,10.97,
67483,207.437435,36.632764,6.430,-79.76,24.24,
67485,207.439285,61.489546,5.970,62.67,-95.69,
67494,207.468102,-18.134076,4.960,-99.34,-37.71,
67495,207.468448,13.191900,6.650,-48.38,19.77,
67512,207.506469,78.995685,6.590,-53.70,2.03,
67521,207.526057,18.628995,6.840,-42.73,-23.73,
67523,207.527258,-29.081240,6.190,-50.03,-33.30,
67529,207.533750,42.557285,7.000,-2.76,-4.41,
67537,207.580802,-39.900834,6.430,6.70,-8.89,
67543,207.598028,21.276588,6.820,-34.61,7.65,
67545,207.602803,5.497222,6.000,10.42,0.71,
67548,207.615697,58.539428,6.450,-21.30,12.18,
67555,207.644237,-19.897916,6.540,-36.81,8.58,
67578,207.711746,-7.784253,6.920,0.38,-14.52,
67589,207.747492,68.315442,6.390,-176.59,-58.13,
67590,207.749151,53.290420,6.880,-90.72,44.51,
67592,207.751740,80.767929,6.670,44.35,-4.75,
67596,207.768791,34.772536,6.660,32.16,-8.29,
67605,207.788369,34.664530,5.890,10.00,-53.78,
67620,207.836251,-24.389772,6.430,-580.93,-244.87,
67627,207.858073,64.723283,4.580,1.45,-4.55,
67648,207.902401,-36.433002,6.340,-110.63,-113.84,
67663,207.946793,-46.898630,5.770,-15.69,-14.83,
67664,207.947598,-69.401247,5.730,3.94,-4.78,
67665,207.947873,34.444318,4.760,-20.49,-31.82,
67669,207.956772,-32.994016,4.320,-35.74,-30.14,
67673,207.962858,11.937140,6.900,-149.88,24.48,
67674,207.965917,10.135979,6.570,-40.48,-22.19,
67696,208.004156,-31.619136,6.110,-32.13,-29.24,
67700,208.012164,-47.865691,6.940,-8.14,-20.93,
67703,208.020417,-52.811464,5.260,-39.41,-27.33,
67714,208.076625,12.165159,6.100,26.88,-9.71,
67735,208.136139,16.729058,6.650,-7.70,-20.01,
67744,208.161827,-18.709027,6.950,-49.39,6.46,
67778,208.285180,40.338002,6.480,-8.62,-10.37,
67782,208.293179,28.648062,5.910,-121.46,28.52,
67786,208.302285,-31.927586,4.750,-13.53,-10.74,
67787,208.303963,17.932855,5.710,-33.54,5.25,
67799,208.334192,52.322991,6.760,-13.65,0.22,
67800,208.336741,42.184800,6.860,-34.88,5.91,
67803,208.346394,33.786788,6.980,-42.57,-1.76,
67819,208.386751,-35.664194,5.530,-82.39,-22.28,
67836,208.429627,-53.373281,5.870,-15.97,-17.43,
67848,208.462676,53.728692,5.700,-28.60,-6.22,
67851,208.467802,-35.314192,6.170,-295.30,-69.78,
67861,208.488529,-47.128154,5.830,-7.89,-4.30,
67888,208.567045,-28.743146,6.770,-22.89,-16.80,
67890,208.569799,-28.569429,6.050,-168.90,-66.42,
67892,208.583849,-32.445438,6.970,-120.58,-33.55,
67896,208.589133,-17.180105,6.590,-30.69,-6.97,
67899,208.600595,-54.412110,6.770,-2.45,-2.75,
67908,208.632001,-22.244826,6.610,39.08,-86.08,
67918,208.660143,-34.597350,6.830,-126.30,-77.96,
67927,208.671317,18.398587,2.680,-60.95,-358.10,
67929,208.675818,-1.503071,5.160,-85.06,-21.93,
67942,208.704737,-67.652064,5.740,-16.82,-14.59,
67953,208.742936,-8.058764,6.190,-174.33,-36.18,
67956,208.747072,-55.021512,6.970,-24.99,9.55,
67958,208.757251,-19.217252,6.970,-6.74,-7.51,
67973,208.800707,-52.160769,5.660,-29.45,-21.61,
67980,208.818009,-32.099205,6.980,-36.78,-9.36,
68002,208.885145,-47.288266,2.550,-57.14,-44.75,
68009,208.912454,-82.666134,5.950,-25.06,-23.27,
68019,208.933826,-41.994924,6.640,-7.00,-5.25,
68021,208.935309,-31.284992,6.530,-57.07,6.18,
68024,208.949867,-9.559892,6.690,-19.52,-7.49,
68030,208.959036,14.056481,6.160,-291.04,9.20,
68035,208.968273,-50.660899,6.920,-44.50,-19.75,
68038,208.971314,-9.755314,6.850,6.09,12.34,
68043,208.976730,-30.578211,6.960,11.18,-3.97,
68050,209.001628,-3.661894,6.780,-10.37,-22.62,
68054,209.019260,-55.953008,6.830,-28.29,-19.31,
68055,209.019929,28.672525,6.990,-14.78,10.00,
68064,209.039918,25.918724,6.780,-96.68,-5.38,
68065,209.043921,32.032481,6.310,-118.69,48.32,
68079,209.082889,-46.592729,5.820,-138.60,-90.31,
68080,209.083301,-54.132373,6.140,-26.60,-19.16,
68088,209.110773,-52.035583,6.730,-16.03,-5.27,
68092,209.116222,1.050548,5.900,-28.09,13.65,
68099,209.130232,-27.638086,6.830,15.73,-0.95,
68101,209.137440,-54.704116,6.000,-41.31,-225.92,
68103,209.142344,27.492198,5.020,28.19,-47.76,
68108,209.154109,15.890960,6.820,-52.38,56.94,
68114,209.179587,-38.319085,6.970,17.30,-17.60,
68124,209.199971,-46.386003,6.950,-8.17,-3.44,
68146,209.276248,20.953954,6.680,25.06,-17.49,
68170,209.339482,-62.488790,6.650,-122.68,-64.15,
68177,209.365615,-23.022652,6.140,-35.04,9.14,
68184,209.383737,61.492335,6.490,-32.32,216.48,
68191,209.412237,-63.686616,4.710,-40.45,-32.83,
68196,209.428402,53.910100,6.940,15.26,-15.22,
68207,209.452341,-49.018989,7.000,58.30,-15.54,
68224,209.495240,-25.998090,6.420,27.54,4.45,
68245,209.567853,-42.100705,3.830,-23.68,-19.82,
68267,209.624331,-14.122061,6.840,8.37,-1.64,
68269,209.629909,-24.972178,5.200,-49.92,-29.29,
68270,209.630347,-65.800573,6.200,-30.53,-37.88,
68276,209.662203,21.696321,5.760,-9.52,-42.08,
68279,209.666438,14.649417,6.010,-62.85,-58.63,
68282,209.669881,-44.803531,3.870,-27.97,-21.69,
68290,209.690455,46.596252,6.980,-12.51,-4.33,
68304,209.730818,53.106475,6.830,18.08,-0.78,
68309,209.749598,-6.925059,6.950,16.98,-72.44,
68333,209.822736,-50.369606,5.920,28.47,-16.71,
68380,209.955403,-3.549651,6.360,-29.68,-56.30,
68390,210.001025,-25.010180,5.770,-194.14,-91.78,
68398,210.019542,-8.161526,6.560,-25.56,-46.69,
68413,210.072790,-61.480943,6.490,-64.45,-35.22,
68414,210.078692,-46.127256,6.570,-14.75,3.17,
68418,210.097595,39.029939,6.630,15.69,-0.92,
68431,210.136891,-78.589959,6.090,-14.19,-9.03,
68434,210.150481,-26.266032,6.730,-23.33,-157.47,
68455,210.219227,-66.268851,5.960,-116.10,-24.20,
68474,210.284808,-37.469918,6.880,75.72,-39.56,
68475,210.285939,-44.197626,6.700,-61.13,-37.57,
68478,210.293887,27.386548,6.230,-79.26,18.99,
68493,210.329503,-40.221945,6.120,-28.71,0.59,
68498,210.335041,8.894909,5.980,32.96,-1.19,
68501,210.343030,31.563692,6.870,-11.93,-39.30,
68508,210.359259,9.298821,6.910,-1.71,-28.42,
68516,210.403494,17.668593,6.360,-45.85,-83.14,
68520,210.411596,1.544583,4.230,17.41,-21.20,
68523,210.431216,-45.603370,4.340,3.89,-20.94,
68536,210.455773,40.420059,6.810,-16.01,-7.23,
68537,210.461270,68.678685,6.340,-33.68,-4.45,
68567,210.550688,45.753647,6.280,28.71,-78.23,
68581,210.595012,-27.429763,5.470,-32.38,-4.12,
68594,210.633157,9.686266,6.180,-188.93,-70.10,
68637,210.749064,50.971825,6.160,-18.17,-6.65,
68641,210.757110,-31.684196,6.180,24.53,66.02,
68643,210.767425,-17.366990,6.320,-185.83,-9.47,
68665,210.841654,22.495802,6.880,-16.60,-18.55,
68670,210.860729,-56.213381,5.930,-66.41,-21.61,
68673,210.864559,-41.423305,6.080,-33.79,-16.51,
68682,210.884587,10.787518,6.270,85.26,-304.04,
68687,210.903287,7.546213,6.250,-38.49,-17.43,
68702,210.956019,-60.372978,0.610,-33.96,-25.06,Hadar
68705,210.971238,-22.421616,6.300,-12.13,5.87,
68707,210.982343,4.900980,6.240,-9.97,-2.75,
68708,210.987419,11.282530,6.700,-83.88,-27.04,
68736,211.051310,-41.812417,7.000,-34.33,-69.37,
68739,211.060705,-5.381385,6.390,-16.35,-12.66,
68752,211.089564,-9.257659,6.650,-41.82,-8.89,
68756,211.097608,64.375809,3.670,-56.52,17.19,
68763,211.112508,-14.971656,6.350,-35.28,-21.42,
68776,211.156041,2.297529,6.280,-38.82,0.90,
68785,211.191420,25.818013,6.950,6.68,-110.21,
68808,211.308382,-16.335985,6.560,2.74,-0.20,
68815,211.333755,-76.796676,5.690,-87.41,-31.23,
68842,211.443878,-54.669302,6.200,-52.97,-25.03,
68862,211.511608,-41.179580,4.360,-24.42,-21.63,
68872,211.545466,-43.091619,6.180,-6.70,-34.15,
68888,211.574052,-8.891666,6.540,-0.80,19.89,
68895,211.592787,-26.682019,3.250,43.05,-140.82,
68902,211.604836,-59.715902,6.390,-3.26,-1.17,
68913,211.623335,16.970200,6.540,-4.90,12.47,
68915,211.625203,-34.898701,6.840,-24.34,-6.53,
68933,211.672186,-36.368696,2.060,-519.29,-517.87,
68937,211.673537,-14.204845,6.570,-6.89,-17.15,
68940,211.678777,-9.313525,5.460,-140.62,4.05,
68955,211.732818,28.438039,6.890,-71.53,1.74,
68956,211.735343,74.593750,6.430,-53.19,12.74,
68958,211.742749,-47.589167,6.990,-16.40,-15.36,
68964,211.770345,-63.445326,6.780,-8.86,-6.47,
69011,211.920159,-48.703959,6.430,-35.53,-27.73,
69012,211.923162,-49.867866,6.450,-37.28,106.39,
69038,211.982277,43.854525,5.130,11.73,-29.76,
69040,211.985601,48.210842,6.800,-86.83,-19.25,
69065,212.059471,-63.208036,6.390,19.17,35.26,
69067,212.066149,24.315041,6.570,-24.96,4.06,
69068,212.072317,49.458021,5.260,-59.54,60.28,
69090,212.115446,-74.850723,6.020,-242.32,180.31,
69092,212.120803,-11.829432,6.840,-21.36,-11.57,
69107,212.192447,59.337699,6.470,-123.18,-20.76,
69112,212.212538,77.547433,4.800,-30.36,33.39,
69113,212.216260,-43.470736,6.190,-19.25,-17.44,
69122,212.234444,-59.276670,6.340,-12.51,-17.04,
69127,212.252490,-10.334599,6.450,-6.24,21.73,
69165,212.367145,2.797581,6.800,-43.11,-1.92,
69174,212.396093,-51.504645,5.960,-32.69,-10.97,
69178,212.404880,15.621703,6.870,41.66,-64.34,
69191,212.478986,-53.438726,4.740,-144.17,-90.54,
69207,212.536796,68.863393,6.540,0.37,-3.56,
69213,212.554441,-30.620888,6.770,-48.36,-27.11,
69226,212.599785,25.091823,4.820,-23.02,-60.07,
69241,212.628797,-70.305450,6.070,-5.89,-5.84,
69260,212.680751,15.290762,6.950,-13.21,-2.77,
69265,212.699079,0.799660,6.850,-43.96,-33.20,
69269,212.710348,-16.302004,4.930,3.82,-10.87,
69271,212.716102,-32.075703,6.640,-16.47,0.61,
69295,212.755558,58.549123,6.730,22.86,-54.29,
69298,212.758051,-69.719268,6.070,-31.27,-20.52,
69299,212.760569,-48.782276,6.610,-77.96,-66.80,
69316,212.813069,32.295799,6.140,-22.19,38.38,
69340,212.880325,1.362323,6.420,-128.36,31.08,
69350,212.904654,42.340692,6.880,-36.23,12.96,
69373,213.016890,69.432669,5.180,-26.12,-49.53,
69389,213.065960,2.409496,4.990,-44.67,-26.10,
69398,213.102308,-24.363340,6.350,19.90,-5.22,
69415,213.191805,-27.261100,5.070,-13.44,-35.52,
69427,213.223921,-10.274044,4.180,8.04,140.79,
69429,213.229642,-40.833467,6.750,-19.38,-7.15,
69449,213.290829,-13.859877,6.820,-39.31,-23.71,
69458,213.305199,-26.612266,6.230,13.08,-17.86,
69462,213.318419,-53.665651,5.530,-12.66,-9.52,
69481,213.365617,51.787877,6.620,64.58,-3.78,
69483,213.370625,51.789991,4.530,61.39,-10.57,
69487,213.392268,-84.544629,6.780,-48.89,1.02,
69491,213.416013,-54.625600,6.090,-18.03,-11.15,
69493,213.419454,-0.845124,5.890,207.42,-139.09,
69500,213.429079,-11.838343,6.980,12.65,-18.04,
69517,213.456121,11.997814,6.590,-15.88,-28.50,
69523,213.477525,29.105443,6.820,37.25,-5.16,
69536,213.522216,12.959577,5.530,-254.02,-54.60,
69546,213.547991,35.603623,6.910,-47.33,-1.73,
69564,213.589533,-5.947920,6.360,-306.24,83.58,
69569,213.598189,41.519015,6.230,-22.87,-106.25,
69584,213.645832,-66.154141,6.950,-6.55,-4.32,
69585,213.648596,13.975255,6.450,-94.50,80.58,
69591,213.665275,-65.701374,6.720,-9.49,-12.40,
69592,213.670571,21.873410,6.380,41.12,-7.18,
69598,213.678176,-41.837448,5.610,-129.08,-19.27,
69612,213.711927,10.101010,5.290,-22.50,-164.31,
69614,213.721033,3.335938,6.410,-49.98,-24.78,
69618,213.738183,-57.086075,5.030,-23.97,-20.97,
69623,213.755325,-29.281869,6.100,-37.72,-14.42,
69625,213.756162,-40.900633,6.960,-10.50,-2.83,
69626,213.756570,23.686114,6.780,-21.72,-20.40,
69628,213.756712,-61.706768,6.680,-4.60,-2.95,
69650,213.820887,52.535932,6.560,-17.59,-2.66,
69655,213.838862,-53.509930,6.400,-18.38,-4.44,
69658,213.850471,-18.200662,5.530,-45.46,-11.45,
69671,213.910749,-45.000421,6.310,127.52,-137.60,
69673,213.918114,19.187270,-0.050,-1093.45,-1999.40,Arcturus
69699,213.999532,56.689372,6.680,-2.99,-91.35,
69701,214.003687,-5.999526,4.070,-25.84,-419.84,
69704,214.010032,45.566111,6.500,-17.33,64.59,
69713,214.041956,51.367014,4.750,-149.98,89.42,
69722,214.076336,-33.241330,6.570,24.24,3.47,
69727,214.089195,-6.621518,6.440,-42.65,-10.49,
69732,214.096568,46.087919,4.180,-187.42,159.01,
69735,214.101587,39.744694,6.380,-140.37,6.97,
69747,214.125743,-3.196226,6.150,-22.40,-32.55,
69748,214.127020,55.298439,6.900,31.91,-31.81,
69751,214.137198,20.122076,6.250,-135.94,-93.79,
69753,214.141342,32.208418,6.730,19.56,6.59,
69763,214.161358,-66.587881,5.720,-7.14,-5.24,
69773,214.203105,-8.884438,6.470,-16.93,-14.35,
69775,214.206005,-5.644010,6.880,14.66,-11.92,
69778,214.229855,-77.664215,6.480,-5.86,-2.87,
69792,214.265803,-18.585681,6.220,-5.27,-7.68,
69793,214.266344,54.542998,7.000,-169.70,-55.65,
69818,214.338173,51.307392,6.190,-23.60,-8.04,
69823,214.344341,-9.022749,6.620,-13.09,-3.69,
69825,214.356333,-55.765147,6.620,-5.19,-1.55,
69828,214.365508,-19.963708,6.950,-84.44,-26.95,
69829,214.368511,15.263361,5.840,15.33,7.73,
69856,214.442734,51.857705,7.000,-33.62,75.02,
69859,214.449527,55.425374,6.880,14.85,-5.50,
69862,214.455041,48.002096,6.320,-12.33,-38.10,
69879,214.499234,35.509471,4.800,4.92,14.18,
69881,214.502373,-7.541817,6.470,267.04,-234.99,
69896,214.558210,-81.007601,4.890,-19.95,-65.39,
69904,214.599192,-33.220454,6.540,-73.25,-39.84,
69917,214.629846,52.033328,6.910,-18.07,-2.15,
69929,214.659568,-18.715882,5.860,-65.60,-35.37,
69955,214.732036,38.767361,6.860,1.21,26.62,
69958,214.733030,54.863774,6.470,-18.71,-8.56,
69965,214.754692,-25.816317,5.870,-356.39,366.76,
69969,214.766771,19.065416,6.860,-15.98,7.01,
69972,214.772314,-59.377068,6.660,-454.49,-810.00,
69974,214.777508,-13.371166,4.520,-17.12,29.39,
69977,214.779887,-27.141155,6.350,-23.12,3.03,
69989,214.817570,13.004377,5.410,105.91,-32.22,
69995,214.849646,-37.002807,5.930,-48.77,-41.11,
69996,214.850970,-46.058084,3.550,-12.81,-3.79,
70012,214.885623,-2.265344,5.140,-119.29,-71.87,
70022,214.920720,0.384364,6.180,-37.38,-12.41,
70027,214.938837,16.306801,4.840,-140.91,60.31,
70029,214.948826,38.794077,6.330,26.72,-10.18,
70035,214.965432,-61.272757,5.220,-165.01,-88.32,
70038,214.971891,-6.746110,6.420,-90.74,-23.53,
70041,214.978831,67.782484,6.950,-36.46,4.61,
70042,214.989115,-73.968442,6.580,-7.77,-0.38,
70051,215.036133,30.429144,6.450,-9.34,-6.68,
70054,215.040456,-43.058862,5.550,-8.95,7.66,
70069,215.081470,-56.386479,4.300,-9.29,-7.57,
70081,215.120592,0.182042,6.790,-100.15,-78.89,
70090,215.139497,-37.885267,4.050,-64.50,-11.39,
70104,215.177296,-45.186881,4.780,37.17,-73.61,
70108,215.187839,26.075537,6.790,4.60,-2.16,
70145,215.289098,19.180183,6.900,-4.87,6.52,
70220,215.494209,-1.988068,6.820,-59.82,-6.41,
70225,215.506820,-28.308432,6.800,-93.82,-4.00,
70236,215.558447,29.369984,6.500,-38.76,-26.30,
70243,215.582239,-34.786792,5.570,-26.28,-0.33,
70248,215.596654,-80.108911,5.060,-10.89,-14.13,
70261,215.644813,-20.757653,6.800,-35.55,18.33,
70264,215.654675,-58.459158,4.760,-47.03,17.03,
70269,215.661062,-7.767852,6.820,15.61,-133.80,
70270,215.661333,-48.319846,6.100,-6.27,-4.42,
70282,215.693435,-0.637100,6.740,-58.19,-13.31,
70289,215.716361,-39.623946,6.830,-37.18,-18.47,
70300,215.759405,-39.511766,4.410,-24.32,-21.81,
70306,215.774616,-27.753734,4.780,-201.57,-116.63,
70310,215.778846,25.338018,6.220,-156.53,63.80,
70319,215.813143,1.242730,6.250,223.66,-477.48,
70320,215.813994,-47.416951,6.410,-6.24,-3.85,
70325,215.834434,-50.772234,6.030,-11.72,-7.18,
70327,215.844750,8.446640,4.860,-75.28,-9.56,
70336,215.856793,-11.713900,6.220,-7.19,-58.66,
70346,215.883700,-66.644965,6.780,-6.38,-22.99,
70356,215.924802,40.844385,6.720,-80.62,20.31,
70363,215.952659,-53.176210,5.990,-58.08,-9.46,
70375,215.982153,-29.676278,6.930,32.69,-8.09,
70379,215.990511,-16.101899,6.690,-27.52,-4.84,
70384,216.003668,8.244004,5.940,-6.18,-14.32,
70385,216.008265,27.413188,6.390,-3.89,-4.43,
70386,216.023854,11.246967,6.760,65.16,-1.90,
70399,216.046997,16.273652,6.900,-29.68,9.18,
70400,216.047460,5.820115,5.100,-77.91,6.49,
70405,216.060937,-33.086868,6.800,-23.42,-4.87,
70414,216.076413,8.084846,6.190,-120.07,-103.31,
70418,216.092406,-82.848223,6.420,-22.64,-10.97,
70451,216.170180,-44.311034,6.430,-37.34,-41.03,
70452,216.170405,-11.669647,6.490,-75.18,-22.86,
70455,216.183051,-40.755112,6.970,-21.56,-19.93,
70469,216.202753,-24.806266,5.340,-53.40,-18.14,
70483,216.254346,-37.446959,6.700,-32.12,-32.87,
70492,216.276413,-68.195324,5.560,-7.96,-3.80,
70497,216.300081,51.851714,4.040,-236.06,-399.07,
70501,216.323451,-13.353170,6.490,-58.49,3.02,
70508,216.345516,-55.018170,6.840,8.48,-20.89,
70513,216.365223,-19.965812,6.980,-23.95,-11.30,
70514,216.365374,-28.895435,6.830,60.59,-71.94,
70517,216.371449,38.393100,6.280,5.95,-19.27,
70518,216.374610,-19.969952,6.630,-25.39,-13.29,
70528,216.415839,-66.172883,6.360,-41.85,-15.98,
70538,216.449051,-26.852105,6.480,-4.70,-56.07,
70574,216.534313,-45.221390,4.560,-13.51,-14.02,
70576,216.545006,-45.379261,4.330,13.55,-6.35,
70580,216.556385,-42.318472,6.330,-111.88,-51.47,
70602,216.614201,19.226835,5.400,-71.00,26.70,
70612,216.657060,-39.523162,6.870,-10.99,-6.63,
70626,216.707871,-39.873933,6.360,-19.65,-22.79,
70638,216.732253,-83.667853,4.310,-95.79,-12.91,
70645,216.744942,-59.237633,6.870,-3.72,-4.28,
70657,216.779638,-65.821612,5.870,-18.48,-14.36,
70661,216.797031,-66.568011,6.570,-6.35,-5.80,
70663,216.801248,-46.134064,5.830,-152.52,-78.14,
70671,216.820116,-78.620164,6.720,-103.93,-46.31,
70680,216.851769,-6.120191,6.180,-62.15,-57.84,
70685,216.864648,41.024964,6.640,-39.73,-21.94,
70693,216.880941,-35.447102,6.890,33.79,-55.03,
70692,216.881344,75.695939,4.250,8.71,22.09,
70714,216.938827,-13.359292,6.650,-62.34,-22.67,
70716,216.939550,-44.330191,6.990,-42.36,-27.39,
70753,217.043514,-29.491580,4.970,-24.87,-23.81,
70755,217.050918,-2.227950,4.810,-140.94,-2.92,
70762,217.068566,36.197019,6.220,-21.72,3.70,
70784,217.133293,-10.004231,6.610,-58.82,-23.03,
70791,217.158700,49.844964,5.580,-304.53,-46.36,
70794,217.173878,-6.900414,5.420,-14.02,-50.30,
70798,217.181267,-59.197530,6.460,-6.58,-7.72,
70800,217.191755,25.853911,6.670,12.75,-11.60,
70802,217.200690,-5.218764,6.600,-21.40,30.77,
70809,217.216363,-47.992039,6.400,-22.53,-19.20,
70816,217.235247,3.719564,6.840,-1.75,17.74,
70824,217.252298,-56.136850,6.900,-9.56,-2.15,
70844,217.312678,44.262121,6.520,-36.34,8.05,
70857,217.344037,80.810176,6.880,-73.73,-132.93,
70866,217.379753,-26.013350,6.880,-17.56,2.40,
70873,217.402844,41.796448,6.360,161.06,-220.92,
70874,217.404476,-76.729014,6.060,-27.54,-28.27,
70892,217.457018,31.791171,6.060,-19.80,7.01,
70894,217.460457,0.828911,5.960,15.70,7.26,
70904,217.493257,-56.131192,6.970,-21.42,-18.97,
70915,217.536084,-45.321288,5.510,-37.72,-27.81,
70918,217.541636,-43.863827,6.910,-30.12,-27.44,
70931,217.587469,-49.518927,5.380,-50.66,-37.65,
70945,217.668642,-22.460908,6.920,-14.09,-3.14,
70949,217.689119,4.772317,6.010,1.14,-12.70,
70952,217.692915,63.185764,6.100,-177.43,9.85,
70966,217.735948,-40.845112,6.390,-13.10,-4.16,
70987,217.795150,-38.869777,5.990,5.50,28.23,
70988,217.797148,-40.386391,6.750,-38.80,-12.99,
71002,217.818275,-67.717054,5.840,36.16,-58.80,
71008,217.835212,43.382334,6.730,-16.07,2.45,
71040,217.928618,60.225588,6.260,-48.41,19.68,
71053,217.957741,30.371145,3.570,-100.44,120.22,
71055,217.958825,-76.273948,6.930,-5.04,-5.79,
71075,218.019824,38.307883,3.040,-115.55,151.87,
71094,218.084466,26.677342,6.000,-69.92,-23.82,
71111,218.128874,55.398046,5.740,5.68,-14.75,
71115,218.135925,22.259961,5.910,-126.48,40.38,
71116,218.137878,-56.887698,6.710,-5.97,-7.18,
71121,218.154514,-50.457121,4.440,-29.55,-14.85,
71146,218.262562,5.323462,6.850,6.74,-80.86,
71154,218.290098,-30.714972,6.070,40.41,-39.68,
71168,218.334450,36.959203,6.390,2.84,-73.78,
71179,218.364398,-33.316074,6.940,3.09,5.59,
71182,218.374876,-52.679481,5.860,-2.78,-17.07,
71184,218.385295,-54.998616,5.860,-93.43,-4.98,
71192,218.397783,65.395316,6.600,55.42,44.96,
71196,218.410912,79.660223,6.270,-100.01,83.97,
71206,218.436065,43.007706,6.750,-44.41,41.44,
71209,218.443521,-79.955221,6.660,-10.00,-8.36,
71216,218.457201,-67.617632,6.940,-9.25,-9.50,
71235,218.521062,46.786471,6.510,-40.14,7.92,
71239,218.533249,-42.099229,6.590,-16.81,-11.03,
71243,218.548474,32.534463,6.320,106.09,5.69,
71251,218.565420,57.065823,6.460,217.21,-232.47,
71277,218.660491,36.626177,6.020,-24.54,-46.60,
71280,218.665257,49.368232,5.740,-45.83,50.41,
71284,218.669544,29.744807,4.470,188.32,132.72,
71295,218.711328,-20.439378,6.490,16.64,-1.46,
71327,218.794656,-46.461947,6.890,-12.82,-7.89,
71333,218.821149,-60.015579,6.390,-27.15,-26.76,
71350,218.872888,-73.694267,6.960,-19.63,-17.30,
71352,218.876882,-42.157746,2.330,-35.31,-32.44,
71348,218.878316,-89.771696,6.820,-8.85,-8.78,
71353,218.881241,-41.517380,5.880,-21.56,-23.19,
71382,218.958324,-46.815746,6.780,-29.21,-12.08,
71406,219.028661,23.250293,6.390,-9.53,27.21,
71419,219.079403,-46.245491,5.550,-31.17,16.46,
71429,219.100580,-39.597349,6.130,-47.69,-23.94,
71452,219.181956,12.878150,6.980,-21.11,-10.05,
71453,219.183961,-40.211526,5.740,-22.67,-22.05,
71466,219.232902,42.831300,6.590,-91.88,-55.92,
71469,219.251233,-12.306236,6.200,-870.88,364.89,
71492,219.299876,-62.010891,6.780,-2.89,-2.73,
71494,219.301782,-53.060749,6.490,-10.75,-15.90,
71500,219.334021,-46.133413,5.390,-14.24,-10.70,
71510,219.368705,2.277416,6.450,-36.69,-73.18,
71520,219.402308,-43.111314,6.510,2.67,6.08,
71530,219.444986,-67.931328,6.030,-348.26,-281.37,
71536,219.471880,-49.425758,4.050,-27.78,-29.05,
71538,219.478745,-48.023532,6.650,-17.33,-10.66,
71548,219.503188,51.578337,6.950,-57.99,6.85,
71568,219.552800,43.642053,5.740,-102.95,31.79,
71570,219.556053,-45.871788,6.830,51.21,-48.30,
71571,219.558355,18.298536,5.900,-29.10,-64.51,
71573,219.563355,54.023386,5.830,17.54,-19.04,
71577,219.573686,-49.901093,6.510,-14.46,-13.65,
71581,219.580567,-38.794134,6.040,42.25,-20.85,
71585,219.603930,-35.276454,6.780,-52.96,-39.49,
71618,219.709507,44.404545,5.390,-68.43,-18.43,
71629,219.748674,-59.140789,6.530,-90.82,-105.81,
71632,219.751730,-10.554805,6.730,-15.56,12.66,
71639,219.795894,-46.583956,6.060,-198.09,-215.82,
71658,219.852677,-49.055015,6.370,-189.07,-125.21,
71668,219.881969,-68.203373,6.730,-4.87,-5.63,
71681,219.914128,-60.839471,1.350,-3600.35,952.11,
71683,219.920410,-60.835147,-0.010,-3678.19,481.84,Rigil Kentaurus
71682,219.920536,-26.723629,6.990,45.02,-21.70,
71724,220.073582,-40.841642,6.650,-18.98,-22.62,
71725,220.076854,87.214718,6.910,-10.80,21.68,
71727,220.080373,-45.793785,6.610,-21.49,-22.73,
71729,220.091182,21.975770,6.130,-14.61,40.40,
71745,220.133968,-14.046741,6.970,8.79,-4.71,
71746,220.136555,-56.440740,6.300,-12.66,-8.41,
71759,220.176502,13.534361,5.930,53.76,-14.71,
71762,220.181504,16.418301,4.490,9.64,9.46,
71783,220.255890,-36.134843,5.670,-31.58,-6.17,
71795,220.287168,13.728331,3.780,52.36,-12.71,
71832,220.411485,8.161756,4.860,-10.21,3.25,
71837,220.431731,11.660935,5.550,-159.52,-112.25,
71853,220.463532,-30.933120,6.380,-14.89,-15.03,
71855,220.467442,-75.139432,6.730,120.37,-19.41,
71857,220.476003,21.123688,6.400,-11.09,-56.32,
71860,220.482391,-47.388141,2.300,-21.15,-24.22,
71861,220.483054,-58.615735,6.210,41.91,-39.05,
71865,220.490053,-37.793424,4.010,-29.56,-30.68,
71870,220.499006,-77.011422,6.340,-21.07,-12.15,
71873,220.509438,-12.234901,6.820,8.23,0.31,
71876,220.513155,61.261988,6.240,75.99,-29.54,
71890,220.555027,-32.770000,6.630,-130.54,-129.60,
71908,220.627854,-64.974570,3.180,-192.64,-234.07,
71931,220.676878,14.708594,6.590,-11.94,-7.40,
71934,220.687933,-19.311743,6.870,-64.77,18.22,
71957,220.764843,-5.657429,3.870,104.23,-319.90,
71974,220.806523,-24.997731,5.700,-21.77,-9.12,
71975,220.813919,-47.570483,6.910,-6.44,-4.83,
71995,220.855716,26.527891,4.800,-13.29,-16.68,
71997,220.857611,-9.699668,6.520,17.42,-30.93,
72000,220.867275,-62.966659,6.390,-4.43,-4.78,
72010,220.914515,-35.173225,4.060,-60.93,-176.82,
72012,220.935186,40.459203,5.720,-13.40,20.79,
72029,221.014605,61.098353,6.870,41.14,-32.38,
72047,221.057481,-8.252107,6.640,-201.43,74.50,
72048,221.059510,-69.673898,6.990,-84.43,-90.98,
72056,221.073916,-24.128754,6.820,-29.86,22.09,
72066,221.117358,45.186019,6.730,58.88,-15.52,
72082,221.187791,-9.703945,6.860,-90.98,-48.48,
72097,221.231541,-58.477389,6.100,-85.63,-42.23,
72103,221.246199,-61.521651,6.970,-2.92,-5.50,
72104,221.246646,-35.191821,4.920,10.04,-2.03,
72105,221.246879,27.074174,2.350,-50.65,20.00,
72121,221.295692,-55.601622,6.100,-6.47,-7.72,
72122,221.298917,-1.417527,6.060,-56.73,-0.71,
72124,221.307005,32.788510,6.270,44.78,-67.68,
72125,221.310405,16.964403,4.600,-60.87,-50.69,
72131,221.321861,-62.875453,5.360,70.24,-80.34,
72135,221.328525,-51.314891,6.440,-20.48,-14.87,
72139,221.335731,18.884910,6.150,9.27,18.77,
72142,221.339820,10.598984,6.910,-14.33,5.77,
72154,221.375952,0.717290,5.680,-39.85,-7.92,
72162,221.400558,8.159788,6.970,49.76,-43.44,
72183,221.465788,13.101593,6.570,-18.54,-75.09,
72192,221.490251,-44.867473,6.910,-26.06,-20.77,
72194,221.490750,-15.459545,6.330,-39.54,1.62,
72197,221.500741,-25.442916,5.150,-151.50,-109.07,
72208,221.524989,15.131741,5.780,-85.07,19.27,
72210,221.528135,-23.152862,5.800,25.85,-64.04,
72217,221.545482,-21.175715,6.430,-56.02,-103.63,
72220,221.562466,1.892938,3.730,-116.04,-21.75,
72226,221.574221,-0.833831,6.910,-14.19,23.41,
72238,221.597671,56.616400,6.610,-12.82,0.12,
72250,221.620950,-47.441080,5.740,-39.79,-14.74,
72290,221.755461,-52.383318,5.220,-17.93,-82.32,
72296,221.771077,-38.290438,5.900,52.75,-82.59,
72298,221.772373,0.970958,6.620,-27.98,-29.02,
72308,221.802469,-52.205249,6.070,-6.64,-2.93,
72310,221.806909,-21.324878,6.050,-13.90,2.82,
72323,221.844000,-25.624233,5.610,-7.84,-13.85,
72330,221.856855,2.035805,6.800,-23.40,-37.03,
72338,221.883774,-43.556775,6.300,-12.74,-12.62,
72357,221.936588,-26.087480,5.230,36.88,-8.40,
72362,221.945688,-39.926380,6.920,-32.91,-10.82,
72370,221.965526,-79.044712,3.830,-5.67,-15.75,
72373,221.978839,-12.839782,6.340,49.05,-92.64,
72378,221.989852,-26.646133,5.760,-10.65,-8.83,
72412,222.097539,24.366737,6.150,-101.06,57.29,
72423,222.132101,-17.340107,6.870,25.71,-61.24,
72427,222.136177,-35.841498,6.720,26.25,-1.93,
72432,222.158572,-36.634585,5.890,-12.94,-46.04,
72438,222.185672,-66.593536,5.910,-7.49,-11.14,
72447,222.221865,5.954616,6.830,10.91,-87.35,
72449,222.225415,-0.847696,6.150,-8.50,16.88,
72469,222.278875,37.810913,6.150,-253.00,109.62,
72471,222.279871,-56.667539,6.210,-105.75,-119.53,
72480,222.311839,25.150922,6.680,-17.20,-11.77,
72482,222.312210,-59.407337,6.590,-9.21,-7.53,
72487,222.327814,46.116393,5.760,-7.35,-77.32,
72488,222.328160,-24.251470,5.680,-20.69,-0.43,
72489,222.329546,-14.148986,5.320,-65.89,-14.79,
72499,222.359115,10.044363,6.640,-55.03,-84.27,
72505,222.369739,19.510383,6.910,-46.63,-6.87,
72508,222.384864,51.374498,6.490,15.19,2.19,
72518,222.404423,-68.936158,6.500,-9.73,-13.35,
72524,222.422340,48.720563,5.680,-76.93,99.13,
72527,222.425766,7.986762,6.960,-24.54,-4.06,
72536,222.455326,-32.427056,6.850,60.81,-48.57,
72550,222.484489,24.720472,6.770,-37.64,5.27,
72552,222.493277,28.615833,5.800,18.80,-0.72,
72567,222.565495,23.911765,5.860,144.73,32.42,
72569,222.567064,-58.976735,6.850,-3.05,-3.92,
72571,222.572778,-27.960219,4.420,-237.37,-62.37,
72573,222.581781,82.512487,5.630,177.66,-223.33,
72578,222.591392,65.645824,6.980,-27.15,4.44,
72582,222.624176,37.271815,5.470,-212.26,95.24,
72603,222.671932,-15.997092,5.150,-135.93,-59.47,
72607,222.676648,74.155476,2.070,-32.29,11.91,Kochab
72617,222.711584,-53.368241,6.560,-15.66,-31.56,
72622,222.719905,-16.041610,2.750,-105.69,-69.00,
72627,222.744703,-42.822456,6.840,-22.21,-22.77,
72629,222.750473,-0.257507,6.180,-32.08,6.89,
72631,222.754251,-2.298850,4.930,87.63,-123.64,
72659,222.847018,19.100633,4.540,152.81,-71.28,
72664,222.860728,59.293652,5.480,-120.89,136.99,
72670,222.875303,-77.175946,6.440,-14.27,-9.99,
72671,222.875741,-74.933094,6.830,-10.00,-3.98,
72677,222.895686,-17.790055,6.550,-13.54,-127.92,
72683,222.909681,-43.575294,4.320,-24.79,-26.80,
72687,222.919070,83.937478,6.950,-10.70,1.99,
72702,222.963808,-18.355322,6.270,-13.17,-1.20,
72718,223.013468,46.476750,6.760,11.12,-53.71,
72725,223.030950,20.290683,6.910,9.60,-0.09,
72756,223.100263,-46.759937,6.850,16.11,-3.85,
72763,223.122311,-48.247062,6.960,11.34,1.03,
72772,223.138868,-30.577153,6.300,-336.20,-41.34,
72773,223.146959,-63.809817,5.910,-10.05,-4.11,
72794,223.182370,31.925054,6.890,-6.56,-13.22,
72800,223.212870,-37.803116,5.020,-20.60,-17.96,
72807,223.222662,32.690896,6.870,32.87,5.10,
72819,223.265503,78.176666,6.520,-13.03,-2.51,
72823,223.277659,-38.256943,6.580,-26.23,-23.91,
72833,223.306403,-73.190155,5.590,18.33,34.31,
72846,223.347343,15.705111,6.410,-23.60,23.11,
72848,223.350166,19.152271,6.000,-442.75,216.84,
72859,223.379933,19.888527,6.940,3.68,-53.36,
72868,223.412980,2.237579,6.820,-61.53,-18.54,
72869,223.415956,6.241789,6.630,-22.65,4.44,
72921,223.547186,-66.419666,6.980,-263.97,-172.75,
72927,223.575281,32.016781,6.950,-86.18,33.08,
72929,223.583901,-24.642135,5.270,-11.02,-27.51,
72930,223.586445,-28.348187,6.540,-53.92,-4.57,
72934,223.595442,-11.898330,5.780,-55.68,-7.09,
72953,223.648477,30.063599,6.840,-35.73,21.49,
72959,223.658003,-33.300561,5.850,-8.58,-5.75,
72965,223.677461,-65.991066,6.090,-6.38,-12.23,
72983,223.725214,-69.860925,6.380,-9.48,-13.00,
72992,223.750783,74.881206,6.880,-14.30,3.86,
72993,223.754372,14.979327,6.920,13.15,27.72,
72995,223.773676,-61.873850,6.970,-46.05,-36.74,
73019,223.845192,6.784792,6.740,4.12,-8.29,
73028,223.869196,12.430874,6.780,-33.08,-43.96,
73036,223.894615,-60.113891,5.180,-125.69,-112.25,
73049,223.936228,-33.855780,5.320,19.18,-2.03,
73067,223.992128,-60.905922,6.690,-33.93,-4.64,
73068,223.994291,32.300071,6.120,-53.33,-3.23,
73071,224.001571,24.386074,6.820,41.29,-23.35,
73087,224.055158,14.446266,5.900,-12.78,-0.08,
73095,224.071771,-52.809567,5.380,27.59,7.90,
73100,224.095585,49.628999,5.630,110.79,-226.45,
73102,224.103325,-44.704238,6.760,29.16,-2.36,
73107,224.128620,-32.636710,6.060,-3.44,-30.61,
73111,224.133665,-47.879143,5.620,-29.91,-22.46,
73116,224.149073,-39.415972,6.360,-38.85,-21.22,
73118,224.159786,-62.364407,6.390,-9.11,-4.09,
73129,224.183343,-62.780988,5.080,-12.41,-11.78,
73133,224.192113,-11.409728,5.480,7.93,11.21,
73136,224.201346,74.900913,6.830,13.50,5.65,
73150,224.239450,-26.284963,6.910,-20.60,-26.19,
73154,224.258084,-51.447207,6.600,-27.45,-18.64,
73156,224.265039,21.555485,6.500,-24.50,-26.98,
73165,224.296070,-4.346086,4.470,-97.83,-154.56,
73166,224.298668,16.388140,5.720,-4.08,-4.98,
73168,224.302505,-42.137429,7.000,-85.78,-21.07,
73171,224.307167,-29.157607,6.280,-17.32,-29.41,
73184,224.363965,-21.411281,5.720,1034.18,-1725.60,
73189,224.383067,-25.441783,6.940,32.03,0.32,
73193,224.388401,-0.167548,5.510,59.91,-26.20,
73195,224.389025,-35.383972,6.990,-5.15,-9.20,
73199,224.396330,65.932381,4.630,-78.26,32.48,
73203,224.423415,24.674065,6.950,-56.01,17.88,
73211,224.437718,18.986867,6.620,-134.35,12.20,
73223,224.471489,-76.662616,5.370,-68.58,-16.14,
73238,224.522063,-17.364213,6.640,-49.19,3.08,
73241,224.536725,-48.862192,6.340,-15.47,-337.07,
73249,224.555905,-11.154740,6.610,-8.97,-8.08,
73253,224.567471,14.037587,6.770,-31.49,10.37,
73273,224.633142,-43.133867,2.680,-34.06,-38.30,
73279,224.652441,-39.906980,6.170,-75.62,-79.33,
73284,224.663692,-27.657293,5.650,-47.62,-8.60,
73309,224.720802,-4.988995,6.080,-358.55,-107.53,
73310,224.723517,-11.143864,5.880,-106.68,-61.53,
73334,224.790413,-42.104142,3.130,-17.76,-21.33,
73341,224.808079,-37.881183,6.450,-18.36,-21.27,
73345,224.830444,-51.576104,6.780,-12.02,-10.77,
73350,224.846311,4.567773,5.910,1.17,-4.75,
73353,224.854074,39.644817,6.700,-4.56,31.29,
73354,224.863342,-43.159812,6.100,-9.78,-8.49,
73357,224.871850,-30.711442,6.910,-17.93,-37.11,
73366,224.893987,53.860205,6.840,21.24,1.37,
73369,224.904046,39.265232,5.640,-31.53,41.85,
73383,224.938307,-43.811022,6.590,-194.25,-129.13,
73394,224.982384,-75.032620,6.200,-5.57,-20.32,
73398,225.001464,-36.030476,6.940,10.52,-37.30,
73403,225.011215,65.476268,6.900,-1.10,-20.00,
73404,225.015157,44.586342,6.910,-58.73,-1.71,
73415,225.047242,-77.160525,5.920,-13.33,-10.26,
73424,225.077800,7.648299,6.990,4.17,-6.98,
73440,225.115438,71.765261,6.640,-405.35,80.73,
73454,225.161356,47.277404,6.350,-8.22,15.49,
73464,225.217832,22.045573,6.290,-4.50,6.27,
73473,225.243282,-8.518935,4.910,-66.20,-3.40,
73480,225.255996,2.897650,6.720,-83.96,-78.84,
73483,225.259435,-64.575898,6.560,-19.91,-63.63,
73493,225.304475,-38.058315,5.880,30.42,-34.37,
73494,225.313468,-67.983283,6.990,-10.47,-5.28,
73497,225.332541,-2.754872,5.520,28.68,-22.40,
73500,225.344265,-71.490762,6.720,-12.86,-20.40,
73507,225.362956,60.204424,5.910,-13.04,11.94,
73518,225.397235,-3.164037,6.680,11.85,-89.76,
73522,225.409898,-56.260172,6.890,-3.46,-4.17,
73536,225.453814,-0.140259,5.710,6.45,-15.03,
73540,225.461268,-83.227776,5.650,18.65,53.30,
73555,225.486638,40.390637,3.490,-40.20,-29.22,
73559,225.492089,-34.358817,6.210,-28.07,-23.89,
73565,225.517731,-8.344768,6.700,-38.14,21.52,
73566,225.526579,-28.060528,5.830,84.22,-34.14,
73568,225.527134,25.008256,4.800,-5.88,-48.60,
73571,225.535778,-7.575292,6.380,-22.94,-2.75,
73587,225.625040,-7.840399,6.590,-58.98,-11.12,
73589,225.627850,31.683804,6.600,-26.93,19.63,
73608,225.687073,-3.031328,6.600,-48.99,-24.75,
73620,225.725292,2.091271,4.390,-55.93,12.94,
73622,225.739280,-47.941963,6.860,-7.21,-9.35,
73624,225.747043,-32.643246,5.450,-21.05,-19.66,
73634,225.775348,35.205773,5.520,-39.95,9.30,
73636,225.776774,-17.632852,6.930,32.53,-40.27,
73637,225.777624,44.644429,6.590,-88.83,36.86,
73654,225.840169,56.035272,6.860,-6.57,-78.09,
73655,225.843337,0.889710,6.910,-21.27,-25.90,
73661,225.861445,60.025587,6.690,-14.92,-2.33,
73672,225.894400,-35.942799,6.650,-5.79,15.68,
73675,225.902072,34.565824,6.590,-7.19,-26.06,
73695,225.948674,47.654014,4.830,-436.24,18.94,
73699,225.955365,27.081178,6.800,-13.55,-10.37,
73706,225.990554,65.919736,6.220,22.96,-9.20,
73714,226.017758,-25.281856,3.250,-71.85,-44.69,
73745,226.111905,26.947660,4.520,-176.31,-4.52,
73764,226.178757,-40.861242,6.290,-4.84,-36.25,
73771,226.195680,-83.038269,5.650,-8.65,-17.65,
73776,226.200205,-64.031373,5.160,102.92,9.47,
73807,226.279607,-47.051194,3.910,-23.39,-21.11,
73826,226.329785,-41.067234,5.130,22.64,-0.84,
73841,226.357882,48.150900,5.590,-65.26,29.71,
73850,226.391243,-30.551068,6.480,10.60,83.89,
73865,226.448861,-25.789437,6.650,-1.10,-20.01,
73881,226.510071,-48.883368,6.480,-2.26,-9.58,
73896,226.544336,-24.131299,6.730,4.98,-83.64,
73901,226.558126,-36.264585,6.270,-23.58,-5.68,
73909,226.569455,54.556287,5.240,47.07,12.81,
73921,226.594880,-72.170145,6.920,-12.55,-19.29,
73927,226.612911,-22.031703,6.130,69.94,-52.06,
73937,226.638387,-30.918413,5.970,-23.00,-28.66,
73941,226.646631,36.455964,6.350,-64.31,40.36,
73945,226.656743,-16.256761,5.190,-36.41,-23.28,
73953,226.704577,-16.484321,6.410,-62.33,-16.71,
73966,226.733225,-52.029750,6.400,-2.86,-12.31,
73977,226.778596,2.362653,6.590,4.07,-16.89,
73980,226.784117,-71.904935,6.520,7.29,-6.84,
73996,226.824779,24.869593,4.930,184.81,-163.51,
73998,226.830322,8.958543,6.880,-13.57,-22.76,
74000,226.834761,18.441947,6.030,43.15,-49.97,
74006,226.858055,-49.088635,5.770,22.29,9.50,
74016,226.887751,9.225975,6.720,-191.42,24.72,
74026,226.918016,5.498089,6.160,-0.71,-22.01,
74037,226.958990,63.117105,6.820,2.88,-0.47,
74044,226.983966,-61.128659,6.490,-0.47,-5.81,
74047,226.986458,-65.275438,6.180,9.04,-4.52,
74066,227.050611,-40.583856,5.750,-28.59,-30.38,
74080,227.076867,33.706481,6.700,-34.69,12.38,
74082,227.080885,65.788644,6.630,-13.50,18.64,
74083,227.081421,50.055006,6.330,-3.93,-21.20,
74087,227.099085,26.301183,5.670,1.14,-12.41,
74091,227.125740,-80.313887,6.810,-14.70,-5.36,
74096,227.148187,25.108637,5.820,-1.91,-0.69,
74100,227.163390,-42.867870,5.850,-20.52,-21.29,
74110,227.188478,-61.633754,6.820,-3.74,-6.82,
74117,227.210957,-45.279794,4.070,-17.32,-26.11,
74121,227.223079,13.235062,6.160,-45.21,74.29,
74122,227.224620,-59.142119,6.870,-11.35,-11.46,
74131,227.239651,-26.497274,6.920,-3.98,0.78,
74141,227.253187,-72.307439,6.730,-6.08,-7.05,
74147,227.263836,-61.887562,6.970,-6.46,-9.73,
74181,227.356398,-63.642881,6.250,-10.77,-20.19,
74184,227.374664,-67.084127,5.760,-3.94,-2.59,
74192,227.402455,-68.721346,6.840,-28.55,-31.02,
74196,227.421164,-35.865861,7.000,-17.90,8.66,
74206,227.463808,-23.985907,6.550,-22.63,-26.50,
74224,227.530597,-38.792461,5.980,-24.53,-20.85,
74227,227.538307,-75.461758,6.920,-24.14,-16.94,
74239,227.577716,-26.332601,5.750,-32.15,-8.39,
74253,227.631305,11.673577,6.890,3.31,20.11,
74265,227.662043,33.078888,6.910,3.68,-1.42,
74272,227.684983,67.781067,6.180,21.69,-13.02,
74273,227.687373,-61.422293,6.290,-184.95,-11.27,
74296,227.786641,-84.787822,5.880,3.22,4.03,
74305,227.816601,-55.346014,5.450,-3.82,-7.41,
74336,227.895064,-45.277495,6.440,-14.68,14.90,
74357,227.941008,-33.638849,6.990,39.89,-10.87,
74359,227.948851,10.216523,6.890,-37.20,21.78,
74367,227.958272,-16.159505,6.680,-13.15,-21.93,
74376,227.984004,-48.737702,3.880,-96.52,-47.97,
74380,227.990688,-48.743576,5.700,-98.31,-45.39,
74385,228.016916,22.313498,6.620,-22.40,-27.58,
74386,228.017802,18.976004,5.900,-16.41,11.38,
74391,228.050153,-19.106424,6.490,-40.75,-23.77,
74392,228.055467,-19.791631,4.540,-35.59,-32.55,
74395,228.071680,-52.099075,3.410,-113.94,-71.00,
74412,228.109354,-18.089945,6.860,61.86,-1.19,
74415,228.123584,-63.033461,6.860,-34.19,-34.70,
74418,228.130105,-48.218892,6.320,-24.46,-40.98,
74421,228.141697,-72.770561,6.020,-14.43,-15.72,
74432,228.182704,19.285326,6.690,-595.31,288.53,
74441,228.196645,10.702468,6.500,-38.87,-67.32,
74449,228.206686,-44.500360,4.830,-20.49,-22.20,
74470,228.254283,-61.743764,6.270,-4.82,-6.50,
74479,228.281993,-36.091370,6.090,-22.90,-22.85,
74488,228.311600,-11.006982,6.650,-53.23,-40.29,
74490,228.322608,-24.008274,6.470,-22.93,-19.97,
74493,228.330076,-19.647454,6.070,-48.01,-48.64,
74500,228.370521,-25.309164,6.470,-399.01,-75.10,
74505,228.382662,22.983156,6.310,49.61,99.99,
74514,228.398280,38.264816,6.190,-6.89,-47.72,
74537,228.465149,-1.350164,6.580,-1269.65,-503.15,
74539,228.472174,-26.193559,5.840,-14.01,-4.17,
74552,228.496633,-61.342927,6.360,-7.13,-20.76,
74553,228.496996,43.047971,6.660,-73.37,45.49,
74561,228.525061,31.787918,5.980,42.18,-30.19,
74571,228.542883,42.171449,6.120,23.74,-16.08,
74581,228.578378,-14.209426,6.750,-4.84,-19.16,
74582,228.579866,-70.079456,5.750,4.39,-8.24,
74593,228.617469,-18.428481,6.760,-106.42,-21.40,
74596,228.621688,29.164226,5.280,-69.99,28.32,
74600,228.640697,-17.768533,6.180,-14.58,-15.95,
74604,228.655525,-31.519126,4.910,-9.72,1.83,
74605,228.658348,67.347676,5.150,221.51,-392.30,
74623,228.710888,-5.502572,6.280,-28.02,6.97,
74625,228.715135,68.945723,6.520,10.22,3.10,
74649,228.797360,4.939352,5.320,-23.06,3.91,
74653,228.813983,-70.519224,6.860,-177.88,-165.01,
74657,228.831912,-44.149443,6.740,-19.12,-21.58,
74663,228.865790,-79.136429,6.660,-27.33,-34.11,
74666,228.875432,33.315102,3.460,84.84,-110.57,
74675,228.914110,-27.596315,6.790,-24.60,10.90,
74678,228.922704,25.642542,6.970,-1.58,-2.36,
74689,228.954749,0.372108,5.620,-107.26,12.83,
74690,228.961180,50.938568,6.470,24.43,-45.91,
74695,228.973213,6.464886,6.470,-9.72,-19.17,
74696,228.973589,-48.073641,5.960,5.08,-8.39,
74701,228.993884,-70.413572,6.710,-13.36,-45.65,
74702,228.996095,0.796694,6.920,178.02,-136.52,
74707,229.016798,-41.491143,5.150,-10.38,-4.87,
74716,229.043615,-43.484978,6.050,-7.82,-7.76,
74732,229.095969,-22.399421,5.520,-33.86,1.83,
74740,229.118997,-44.503628,6.580,-69.03,-30.16,
74745,229.134848,-39.560926,6.880,8.58,-7.10,
74749,229.149111,9.713007,6.740,29.95,-5.96,
74750,229.152894,-60.903987,5.740,-1.55,-4.09,
74752,229.154863,-42.370090,6.760,-22.78,-26.95,
74769,229.216018,-47.864497,6.460,-63.04,-19.50,
74775,229.229491,-46.202292,6.440,-132.80,-26.01,
74778,229.237076,-60.957245,5.040,-2.02,-4.08,
74782,229.247551,-38.447589,6.860,-77.56,-8.01,
74785,229.251966,-9.382867,2.610,-96.39,-20.76,
74793,229.274507,71.823878,5.020,3.73,9.37,
74801,229.307860,-66.092291,6.840,21.76,3.21,
74808,229.323800,62.771021,6.810,-3.99,5.03,
74818,229.344384,74.045059,6.670,-16.91,33.59,
74824,229.379001,-58.800879,4.070,-98.39,-135.46,
74837,229.412033,-63.610487,4.850,2.12,8.66,
74857,229.457687,-30.148662,4.350,-8.71,-4.47,
74858,229.471089,33.594331,6.650,14.76,0.55,
74868,229.498633,30.833117,6.860,17.51,-79.48,
74875,229.539110,-41.061133,6.300,41.36,-10.54,
74876,229.540810,-47.899954,6.980,2.82,14.48,
74885,229.562371,45.619819,6.640,-9.83,4.27,
74893,229.584140,26.840196,6.590,94.41,73.55,
74895,229.594242,0.939452,6.500,35.04,-17.46,
74896,229.602141,20.572810,5.680,-14.57,-13.13,
74901,229.608887,-0.461237,5.880,-11.60,1.28,
74911,229.633536,-47.875192,4.270,-31.74,-32.82,
74915,229.640849,-47.879133,6.870,-21.88,-59.61,
74929,229.672115,-31.209331,6.180,-8.12,-6.46,
74935,229.689617,58.503442,6.870,8.90,18.60,
74941,229.704779,-60.496323,5.430,-3.17,-4.57,
74946,229.727870,-68.679467,2.870,-66.48,-32.00,
74948,229.731434,-1.592443,6.930,-124.05,23.50,
74950,229.734957,-40.788169,5.590,-19.36,-21.78,
74975,229.827416,1.766656,5.040,373.24,-513.64,
74982,229.840829,-9.146398,6.950,12.34,-49.82,
74999,229.871153,-71.792021,6.590,-14.91,-12.25,
75000,229.875309,32.514888,6.330,-38.03,6.58,
75003,229.882406,-37.096808,6.190,-78.57,-145.36,
75018,229.940503,-66.496019,6.730,-4.44,-6.47,
75030,229.968927,62.474151,6.620,-51.17,43.04,
75039,230.009734,40.983731,6.900,-38.08,179.76,
75043,230.021422,51.958488,5.650,10.88,11.28,
75049,230.035991,29.616311,5.510,-118.74,-42.02,
75084,230.152021,-5.119744,6.600,33.46,0.56,
75091,230.168998,-67.481501,6.270,-6.32,-10.16,
75093,230.173527,44.434627,6.140,41.96,-103.55,
75095,230.178424,-56.132600,6.800,-9.18,-8.99,
75097,230.182288,71.833973,3.000,-18.03,17.68,
75101,230.196555,-2.412917,6.340,-262.44,-170.16,
75104,230.209168,31.479770,6.900,-180.01,138.88,
75107,230.220354,45.664934,6.670,44.21,-25.63,
75110,230.223674,-18.158513,6.160,-6.96,-59.67,
75118,230.255668,-15.548386,6.140,27.14,18.15,
75119,230.258420,0.715590,5.350,-42.48,-104.14,
75122,230.269431,-47.760315,6.770,74.24,-14.40,
75125,230.278736,24.958066,6.360,-26.56,-18.91,
75127,230.281836,-5.824827,5.540,-51.92,-10.86,
75141,230.343068,-40.647459,3.220,-19.11,-24.05,
75151,230.375440,-38.218639,6.570,-18.40,-21.82,
75161,230.392918,-44.938172,6.680,-21.32,-11.25,
75164,230.397144,-40.749417,6.210,-16.20,-26.88,
75177,230.451819,-36.261167,3.570,-91.85,-86.03,
75178,230.452538,32.933661,5.380,-48.83,13.91,
75181,230.456556,-48.316959,5.650,-1622.71,-275.10,
75206,230.534975,-47.927470,4.990,-141.44,-132.58,
75207,230.536702,-32.189603,7.000,-42.73,-12.11,
75210,230.546958,-37.635568,6.650,-20.17,-23.42,
75230,230.596829,12.567532,6.290,0.20,-4.52,
75243,230.622354,-74.399425,6.510,-13.88,-13.01,
75247,230.638351,-44.292860,6.740,-2.67,-23.42,
75256,230.655192,62.047169,5.990,9.30,-38.47,
75257,230.655709,39.581496,5.560,2.21,-13.77,
75260,230.660146,63.341664,5.720,-15.15,-92.40,
75264,230.670365,-44.689573,3.370,-20.25,-20.13,
75272,230.688286,-29.341907,6.500,30.42,-11.43,
75288,230.737697,-26.688776,6.530,14.28,4.58,
75294,230.757434,-15.134076,6.460,0.26,16.29,
75304,230.789014,-36.858436,4.540,-18.05,-21.53,
75306,230.789753,-51.736047,6.680,-7.43,-5.74,
75308,230.794173,-60.657109,5.650,-81.96,-27.74,
75312,230.800943,30.288241,4.990,125.77,-176.48,
75323,230.844407,-59.320698,4.480,-10.29,-36.57,
75324,230.854182,-46.140393,6.490,-28.16,-9.24,
75342,230.931942,-1.022315,6.110,76.73,-28.21,
75349,230.962929,-57.330636,6.780,-1.97,-4.07,
75352,230.967757,-12.369413,5.720,-37.69,-36.45,
75369,231.021368,45.271025,6.070,-14.52,2.34,
75379,231.049709,-10.321895,4.920,-68.52,-152.65,
75411,231.123068,37.376961,4.310,-147.68,84.69,
75415,231.129041,37.347093,6.510,-140.95,84.97,
75425,231.146916,54.212932,6.680,39.76,-55.49,
75436,231.174390,-35.917067,6.750,28.49,-7.31,
75439,231.187618,-39.710132,5.360,-25.25,-56.38,
75458,231.232434,58.966024,3.290,-8.27,17.30,
75461,231.238382,-72.046325,6.970,-0.15,-10.48,
75479,231.283556,47.060906,6.790,-61.73,-33.77,
75482,231.296628,-47.217425,6.570,-3.27,-2.62,
75501,231.334385,-38.733588,4.600,-46.05,-13.35,
75522,231.436741,-53.057964,6.660,31.01,4.06,
75530,231.447522,15.428054,5.160,-14.02,-7.51,
75535,231.472096,19.480724,6.260,-53.07,-7.23,
75552,231.522455,-21.380274,6.970,-39.79,16.18,
75565,231.560534,-68.309189,5.890,123.08,9.26,
75571,231.571725,-36.598258,6.810,-6.03,-39.74,
75572,231.572770,34.335850,5.460,-114.43,60.34,
75584,231.626184,10.036098,6.970,-14.24,-14.38,
75587,231.634052,54.020327,6.440,17.91,-13.68,
75607,231.709790,-20.005079,6.970,14.53,0.89,
75634,231.793356,84.825363,6.870,12.83,-51.75,
75647,231.825603,-36.767502,5.460,-21.21,-24.02,
75658,231.862418,-66.121398,6.920,-7.17,-17.94,
75665,231.887921,-64.531457,5.710,-12.91,-19.25,
75674,231.911957,25.101657,6.010,5.74,-12.72,
75678,231.919800,62.275744,6.530,34.23,-25.49,
75695,231.957716,29.105492,3.660,-181.39,86.84,
75696,231.964347,60.670224,5.900,-16.90,-3.14,
75714,232.018903,11.861602,6.930,-13.08,26.30,
75718,232.039869,-9.347186,6.890,72.69,-363.37,
75727,232.055220,-37.358518,7.000,19.82,-25.73,
75730,232.064159,-16.716403,5.640,16.66,-33.36,
75736,232.086183,-88.132814,6.490,-88.78,-80.65,
75742,232.113387,-51.597922,6.100,-2.55,-4.88,
75752,232.130258,38.723730,6.690,34.18,4.72,
75761,232.159527,1.842163,5.150,-84.56,-33.48,
75762,232.159963,-15.700723,6.790,-59.75,41.63,
75764,232.163603,61.726637,6.900,-1.68,7.14,
75770,232.185043,47.201502,6.150,-21.48,4.97,
75783,232.217540,57.444779,6.910,-260.97,164.86,
75788,232.236792,55.194849,6.450,-7.74,36.28,
75790,232.244539,-28.866812,6.430,-43.93,-32.87,
75809,232.299893,80.448340,6.570,-225.23,107.78,
75810,232.300565,16.395470,6.380,-32.84,61.00,
75815,232.315798,-65.890136,6.860,-18.94,-36.41,
75818,232.330402,-38.634827,6.440,-32.35,-70.76,
75822,232.338042,62.099551,6.320,-28.42,-8.88,
75825,232.347044,47.713437,6.840,11.53,4.51,
75828,232.351151,-46.732691,5.260,-8.29,-5.56,
75842,232.387075,-58.351344,6.700,-25.09,-47.26,
75848,232.394933,-17.440956,6.690,-67.68,6.75,
75870,232.461156,82.263639,6.930,66.67,-9.28,
75874,232.474239,80.771038,6.940,16.30,8.70,
75884,232.493263,-52.302813,6.700,-7.22,-8.65,
75915,232.588778,-41.918964,6.230,-21.41,-26.18,
75919,232.594915,31.285976,6.450,-17.99,-18.25,
75928,232.616082,36.804469,6.520,-69.50,35.33,
75939,232.651032,-20.728482,6.200,8.50,-29.15,
75944,232.668281,-16.609458,5.820,23.95,-2.61,
75953,232.692030,34.465682,6.810,-24.98,-10.58,
75956,232.700752,-53.374257,6.780,-22.75,-20.33,
75959,232.704973,-71.654083,6.390,-7.00,-21.76,
75971,232.730897,8.579100,6.570,30.55,-3.33,
75973,232.732295,40.833068,5.040,11.02,-8.81,
75974,232.732977,64.208505,5.740,-111.90,77.48,
75980,232.745360,-47.920297,6.840,-7.04,-17.17,
76001,232.821764,-33.819768,6.870,-21.25,-31.09,
76006,232.842959,36.616661,6.390,-3.82,-25.47,
76008,232.854392,77.349339,5.000,-46.89,5.31,
76011,232.863107,-71.062091,6.890,-16.39,-16.09,
76013,232.878419,-73.389546,5.400,0.38,-18.28,
76033,232.931046,-20.164846,6.280,-70.67,-31.33,
76041,232.945801,40.899369,4.980,-13.73,-14.92,
76048,232.959339,-32.881061,6.490,-18.86,-21.18,
76063,233.017602,-38.622372,6.230,-51.08,-70.50,
76069,233.040320,16.056152,6.220,-2.87,6.76,
76073,233.057893,-45.067529,6.820,6.11,-2.34,
76075,233.063055,-23.880168,6.750,17.82,-2.46,
76079,233.074445,-10.438635,6.570,8.34,-48.60,
76106,233.152971,-19.670364,5.500,-18.92,-39.51,
76126,233.230115,-16.852807,5.530,-10.66,-15.26,
76127,233.232483,31.359155,4.140,-19.62,-8.94,
76133,233.241449,-1.186299,5.500,-17.27,-41.17,
76136,233.269599,16.012072,6.560,22.33,-14.50,
76143,233.289727,-24.490342,6.260,-29.90,-37.28,
76165,233.351225,-40.490699,6.400,40.10,-62.89,
76170,233.362939,-61.273306,6.700,-51.23,-39.41,
76198,233.469731,17.137478,6.490,-49.20,-48.72,
76207,233.507239,-40.066349,5.820,-39.18,-34.50,
76217,233.542178,-33.171272,6.980,-36.10,-31.34,
76219,233.543832,-10.063960,4.610,305.62,-234.12,
76233,233.586928,-5.695107,6.520,-91.99,5.35,
76234,233.586973,-39.349119,6.360,-28.22,-37.49,
76243,233.610552,-9.183350,5.160,-32.01,-27.31,
76256,233.650512,67.805847,6.980,25.14,-146.78,
76259,233.655456,-28.046907,5.130,16.72,-31.22,
76267,233.671623,26.714910,2.220,120.38,-89.44,Alphecca
76276,233.700793,10.538859,3.800,-72.63,3.17,
76287,233.748314,-17.138777,6.990,-5.67,-24.41,
76291,233.769293,1.669280,6.550,-83.16,-24.97,
76297,233.785252,-41.166695,2.800,-16.05,-25.52,
76299,233.791858,43.167438,6.750,-46.08,40.42,
76303,233.799370,49.994830,6.950,22.07,-78.39,
76307,233.812084,39.010046,5.140,24.61,8.63,
76311,233.817571,53.922139,5.970,-17.96,2.08,
76333,233.881414,-14.789554,3.910,65.67,6.93,
76337,233.888656,17.655587,6.100,-77.08,-13.25,
76365,233.953679,1.227487,6.700,-66.07,8.24,
76366,233.954944,38.373947,6.300,10.14,-8.31,
76371,233.971938,-44.958337,4.550,-20.42,-21.48,
76372,233.972448,11.265685,6.040,-32.98,-11.83,
76376,233.987824,54.630568,5.770,-38.19,-0.57,
76382,234.010786,39.802406,6.780,-482.47,27.52,
76384,234.017465,52.069611,6.700,-16.96,83.83,
76395,234.047405,-33.092746,6.260,-20.35,-24.51,
76397,234.050569,-44.396689,5.440,-45.01,-55.17,
76407,234.074057,-65.613142,6.510,-74.74,-60.26,
76422,234.117226,-66.545444,6.830,8.50,21.29,
76423,234.117456,15.101401,6.510,-3.41,9.55,
76424,234.121648,16.119098,5.930,71.54,-5.54,
76425,234.123133,10.010455,5.260,46.67,-114.73,
76427,234.140511,-0.561479,6.510,-22.58,-21.48,
76440,234.179945,-66.316905,4.110,24.51,-54.66,
76450,234.202699,80.614380,6.890,-39.68,48.90,
76456,234.222368,29.991322,6.460,88.65,-57.38,
76470,234.256077,-28.135071,3.600,-13.26,-3.48,
76503,234.368775,-26.279808,6.190,-11.13,-23.11,
76508,234.380443,-22.117002,6.980,1.37,-6.54,
76509,234.383511,54.508783,5.850,-35.17,-20.49,
76519,234.413372,69.283217,5.650,-49.11,52.08,
76530,234.441098,71.153651,6.990,-17.28,9.53,
76532,234.450245,-23.141515,5.790,-31.72,-75.18,
76534,234.456462,40.353288,5.250,60.45,59.57,
76549,234.509121,-54.521984,6.980,-15.65,-19.13,
76552,234.513843,-42.567485,4.340,-147.60,56.35,
76567,234.565832,-28.206609,6.320,14.76,-23.35,
76568,234.567265,46.797995,5.760,97.18,-100.38,
76569,234.567675,-21.016153,5.820,63.82,-71.39,
76573,234.569317,24.521908,6.820,-12.03,-16.54,
76579,234.594835,43.604250,6.800,-18.34,4.61,
76582,234.606170,-19.912928,6.650,-198.62,-103.65,
76586,234.621311,-14.516662,6.800,-56.03,-84.39,
76591,234.636056,-39.160642,6.590,-21.25,-23.91,
76594,234.642502,50.423352,5.840,-4.69,-28.20,
76600,234.664102,-29.777689,3.660,-22.10,-26.54,
76602,234.666442,-8.794655,6.560,1.31,-24.26,
76603,234.666966,-8.791424,6.450,16.72,-27.28,
76606,234.673341,-45.708732,6.970,-11.95,-12.81,
76608,234.675701,-39.127747,6.050,15.37,5.22,
76617,234.703569,34.675079,6.120,-6.56,-16.19,
76618,234.706270,-52.372620,5.430,-34.13,-30.86,
76628,234.727114,-19.301709,5.360,84.20,-75.23,
76630,234.745382,46.926608,6.750,-9.47,-20.48,
76632,234.749385,85.285857,6.880,-63.39,33.12,
76637,234.756173,-78.235060,6.990,-29.52,-47.86,
76651,234.789686,57.924417,6.450,-5.85,3.87,
76664,234.827575,-77.917687,6.190,-79.59,-130.26,
76666,234.839122,-23.150171,6.330,-29.64,-21.82,
76669,234.844516,36.635828,4.640,-15.29,-6.51,
76687,234.895405,-55.427059,6.940,-2.93,-4.69,
76695,234.911329,79.983119,6.890,-32.21,39.99,
76699,234.916566,16.313919,6.980,-47.52,37.18,
76705,234.941562,-34.411893,4.660,5.65,-13.70,
76714,234.976992,-19.769084,6.880,27.74,-23.72,
76716,234.986191,-59.907815,5.950,-121.90,-215.20,
76733,235.043151,12.052954,6.220,-16.65,-8.22,
76734,235.045653,-56.914521,6.630,-18.17,-28.09,
76736,235.048443,-70.227749,6.450,-41.39,-55.11,
76739,235.064836,-31.213694,6.350,-49.77,-31.64,
76742,235.070439,-23.818058,4.970,-15.62,-8.18,
76750,235.088996,-73.446635,5.640,-12.76,-20.73,
76762,235.102915,-44.288560,6.980,-8.36,-4.31,
76764,235.108295,37.517128,6.910,1.69,-14.55,
76799,235.214344,-44.622731,6.880,-33.65,-49.84,
76809,235.242750,-47.735987,6.210,-36.22,-42.71,
76810,235.246197,16.024629,6.000,22.16,-16.80,
76824,235.278768,-39.982664,6.510,16.08,-51.31,
76829,235.297982,-44.660559,4.640,-168.70,-265.69,
76836,235.316551,-13.970303,6.870,-0.59,-5.17,
76843,235.356267,-65.068086,6.980,-14.12,-26.06,
76849,235.377678,-53.391252,6.920,-6.76,-10.75,
76852,235.387885,19.670506,4.510,-59.86,-43.23,
76866,235.447466,12.847539,5.340,39.68,-4.55,
76877,235.477931,-76.081865,5.950,-8.20,-38.98,
76878,235.478159,18.463899,5.800,-73.00,56.85,
76880,235.486744,-19.678574,4.750,-33.21,-104.33,
76894,235.507376,-64.180279,6.530,-2.07,-3.99,
76924,235.607233,-49.217537,6.950,-2.01,-6.35,
76935,235.655131,-49.489499,6.020,-4.14,-22.55,
76939,235.659801,-37.424896,5.230,-50.36,-16.11,
76944,235.669191,31.708781,6.710,-1.53,-12.33,
76945,235.670988,-34.710333,4.750,-23.96,-30.43,
76952,235.685993,26.295514,3.810,-112.52,50.70,
76957,235.711763,52.360830,5.480,-66.30,29.68,
76982,235.786219,-13.056085,6.640,73.56,-92.56,
76985,235.793929,13.667754,6.480,-20.16,-35.87,
76996,235.817087,-84.465508,5.570,137.01,96.74,
77001,235.842836,11.711044,6.940,9.64,-13.22,
77007,235.853590,-15.042998,6.300,-3.94,-95.38,
77042,235.980332,-60.287205,6.460,-3.36,-5.03,
77048,235.997168,32.515828,5.570,-28.80,-8.69,
77052,236.007691,2.515525,5.860,-44.96,-144.73,
77055,236.014433,77.794499,4.290,20.07,-2.50,
77059,236.017071,-31.603132,6.620,3.25,-83.98,
77060,236.018418,-15.672679,5.410,-34.49,-63.48,
77067,236.043232,-50.215644,6.830,-3.47,-34.16,
77070,236.066649,6.425520,2.630,134.66,44.14,Unukalhai
77086,236.094534,-41.819018,5.930,-17.70,-28.98,
77102,236.152093,80.932169,6.850,5.25,0.93,
77111,236.175624,17.264210,6.150,-30.44,6.59,
77118,236.200921,16.737375,6.990,-71.15,-7.05,
77138,236.248391,-50.785407,6.410,-52.04,-23.10,
77163,236.347783,5.447323,5.570,27.17,-3.19,
77173,236.364945,-65.749734,6.870,-5.06,-5.89,
77186,236.414588,0.891050,6.320,11.80,-4.39,
77191,236.429020,-22.753244,6.720,-31.07,-21.61,
77196,236.443460,-30.041406,6.880,-66.95,-25.19,
77227,236.523541,-1.804116,5.390,-21.84,-31.77,
77233,236.546729,15.421926,3.650,68.54,-41.31,
77235,236.553724,-28.061427,6.490,-63.36,-22.14,
77249,236.600017,15.526686,6.700,-20.07,6.64,
77257,236.611441,7.353240,4.420,-225.51,-68.52,
77272,236.645343,55.474602,5.940,-120.14,77.50,
77277,236.666478,62.599694,5.190,40.00,-56.54,
77278,236.668195,-48.736790,6.760,-7.38,-13.80,
77286,236.684294,-34.682389,5.610,-19.83,-26.63,
77287,236.689297,-6.120358,6.240,-11.94,1.26,
77294,236.712362,-58.125138,6.830,-24.94,-44.41,
77315,236.768627,-35.510286,6.820,-21.59,-24.32,
77335,236.821797,-0.269857,6.940,-243.50,-23.83,
77336,236.822301,14.115272,5.710,-54.99,31.57,
77350,236.856827,-40.194106,6.410,-156.61,-42.63,
77354,236.861842,1.546039,6.530,14.75,-31.01,
77358,236.872536,-37.915792,6.010,-416.81,-213.86,
77362,236.883174,59.568675,6.530,-27.86,-21.12,
77370,236.907974,55.376615,5.850,12.64,4.82,
77372,236.908935,-9.480483,7.000,-73.00,16.83,
77381,236.943287,45.732881,6.760,-25.80,0.33,
77390,236.971231,-65.442190,5.540,-27.98,-41.74,
77394,236.985102,-25.986931,6.980,44.81,-8.40,
77397,237.007469,31.735722,6.410,1.81,-43.76,
77403,237.027146,-50.589782,6.700,-1.15,-2.47,
77412,237.055466,13.789334,5.980,-8.84,-105.44,
77433,237.104125,-13.499281,6.940,-7.22,-1.04,
77435,237.111110,-23.834015,6.710,-48.57,-17.00,
77437,237.120094,22.415557,6.850,-31.54,-37.37,
77442,237.143401,28.156777,5.890,-2.10,-11.52,
77448,237.177172,83.619659,7.000,2.95,-0.82,
77450,237.185036,18.141779,4.090,-51.78,-88.72,
77454,237.210063,-52.438227,6.050,2.24,-11.83,
77455,237.210386,12.723638,6.790,-14.17,-8.86,
77458,237.220172,-1.001273,6.810,-47.92,0.29,
77463,237.235832,-60.367794,6.650,-11.62,63.95,
77464,237.236728,-3.818528,5.530,-29.12,6.18,
77506,237.391559,12.558644,6.690,1.78,19.43,
77512,237.398742,26.068549,4.590,-79.85,-63.78,
77516,237.405274,-3.430141,3.540,-98.07,-27.41,
77534,237.467844,-17.901936,6.820,23.53,-4.46,
77541,237.489670,-48.912382,5.860,-27.63,-10.43,
77562,237.529628,-53.209675,5.780,-27.60,-39.07,
77574,237.567837,-45.401633,6.110,39.58,-33.54,
77577,237.572847,-49.040314,6.890,-21.53,-76.59,
77578,237.573039,2.196625,5.210,30.15,-47.62,
77606,237.645455,-26.289554,6.580,-83.78,-28.65,
77622,237.703713,4.477580,3.710,127.98,61.87,
77634,237.739757,-33.627105,3.970,-5.92,-24.91,
77635,237.744807,-25.751235,4.630,-13.64,-24.91,
77645,237.778365,-55.055525,5.740,-2.95,-3.08,
77652,237.792025,52.906999,6.740,-7.95,-3.07,
77655,237.808072,35.658226,4.790,-8.07,-347.41,
77660,237.815198,-3.090430,5.090,-92.51,-27.56,
77661,237.816430,20.977875,4.740,-54.70,17.99,
77678,237.881317,-47.060719,6.000,-113.11,-33.41,
77679,237.883824,-32.686090,7.000,-23.91,6.29,
77689,237.910037,-14.133567,6.200,-20.28,-7.01,
77729,238.053707,-29.886344,6.390,-136.52,-85.51,
77730,238.054888,-45.284373,6.550,-13.41,4.50,
77738,238.069091,55.826582,5.810,-23.82,54.06,
77755,238.150130,-67.639565,7.000,11.51,-14.81,
77760,238.167477,42.449988,4.600,438.97,629.52,
77771,238.213809,-50.615804,6.630,-4.91,-7.96,
77782,238.233956,17.403170,6.290,-55.17,-8.23,
77785,238.236164,-65.152517,6.540,37.36,8.83,
77801,238.300781,13.197991,6.070,-150.56,-562.69,
77811,238.333587,-20.166994,5.040,-3.61,-19.00,
77817,238.345571,-62.606549,6.220,-5.22,-14.10,
77824,238.370921,65.288170,6.730,-14.00,34.38,
77835,238.395239,16.074988,6.210,21.28,-22.69,
77838,238.402312,68.720192,6.760,1.86,-32.44,
77840,238.403035,-25.327080,4.590,-14.42,-25.40,
77853,238.456154,-16.729622,4.130,100.12,135.27,
77858,238.474680,-24.533095,5.380,-13.51,-25.42,
77859,238.482800,-23.978036,5.410,-12.88,-24.06,
77893,238.606459,5.293946,6.870,46.92,45.09,
77900,238.625490,-27.338574,6.150,-13.48,-26.41,
77902,238.644433,20.310864,5.450,-83.83,43.04,
77907,238.657821,43.138406,5.350,-33.32,66.12,
77909,238.664742,-25.243679,5.870,-12.29,-25.45,
77910,238.667808,8.580339,6.280,2.30,-0.64,
77911,238.673354,-22.766198,6.860,-14.51,-22.09,
77927,238.719324,-60.743641,6.140,-2.02,-4.02,
77939,238.751544,-19.382881,5.950,-10.63,-18.38,
77942,238.754411,75.574316,6.880,18.55,-9.81,
77952,238.786700,-63.429750,2.830,-188.45,-401.92,
77958,238.816658,-42.605033,6.680,-73.30,-38.07,
77964,238.834264,-43.391731,6.920,5.31,8.08,
77966,238.839945,9.223461,6.900,4.89,-17.46,
77968,238.845409,-44.525966,6.970,-17.88,-18.78,
77982,238.873389,-68.602986,5.110,-8.90,-6.27,
77984,238.875428,-26.265921,5.630,-34.96,-29.93,
77985,238.877146,-31.083705,6.210,30.28,24.98,
77986,238.877544,42.566152,5.730,-23.28,16.79,
77990,238.885088,-60.177474,5.780,-47.33,-71.19,
77995,238.916073,18.620771,6.260,-7.84,-10.67,
78003,238.926135,-8.647497,6.940,1.02,-60.51,
78004,238.929559,-44.532371,6.830,-7.07,-14.70,
78012,238.948188,37.946763,5.430,29.45,80.08,
78017,238.956907,58.911710,6.310,-31.85,26.62,
78024,238.977654,-2.164260,6.770,-88.94,-60.99,
78045,239.024822,-60.482305,5.760,-36.48,-70.88,
78046,239.028482,-39.864321,6.040,4.05,-17.70,
78058,239.058321,-31.785893,6.290,47.83,4.25,
78059,239.060024,-14.399215,6.320,41.39,-77.19,
78072,239.112476,15.664733,3.850,311.20,-1282.17,
78078,239.138879,-14.829353,6.110,71.62,-35.20,
78097,239.189816,12.477935,6.940,-56.39,-2.83,
78104,239.221194,-29.214012,3.870,-15.20,-25.10,
78105,239.222840,-33.966022,5.140,23.80,-45.97,
78106,239.225438,-33.964160,5.590,20.26,-49.68,
78117,239.266452,-48.161919,6.310,-104.90,-109.76,
78118,239.271049,-35.927556,6.910,-8.99,-18.03,
78120,239.271678,-16.034328,6.530,9.57,-33.44,
78132,239.311019,14.414268,5.540,-120.83,87.25,
78142,239.338886,-36.185314,5.780,-9.83,-12.37,
78153,239.374476,39.694964,6.300,-65.19,49.98,
78159,239.397091,26.878026,4.140,-76.55,-60.24,
78168,239.418623,-20.983026,5.840,-10.00,-22.35,
78180,239.448304,54.749504,4.960,-150.18,106.47,
78183,239.453364,-23.527261,6.770,-8.32,-16.23,
78207,239.547401,-14.279318,4.950,-12.29,-16.77,
78221,239.600109,-44.080738,6.720,-44.65,-34.87,
78236,239.628359,-37.503825,6.310,-12.90,-21.87,
78246,239.645310,-24.831430,5.430,-11.41,-24.06,
78265,239.713003,-26.114043,2.890,-12.00,-25.71,
78276,239.740398,36.643706,5.610,25.20,27.65,
78279,239.742332,-65.037569,5.740,-9.49,-6.78,
78286,239.768235,49.881178,6.040,21.48,-55.61,
78306,239.834634,-33.012147,6.970,-9.74,-17.79,
78323,239.876233,-41.744396,4.990,-37.76,-16.51,
78333,239.922084,-7.302034,6.640,-12.39,-9.96,
78346,239.958458,-64.854138,6.890,-0.40,-4.47,
78352,239.970078,-31.168362,6.570,12.06,-36.29,
78355,239.975620,-54.020891,6.100,-6.98,-8.01,
78359,239.979413,-33.385284,6.830,-11.63,-18.71,
78360,239.979744,-78.027099,6.400,-1.68,-73.47,
78367,239.991018,-40.653091,6.510,-1.87,-8.09,
78384,240.030585,-38.396641,3.420,-16.58,-27.06,
78387,240.049203,44.279617,6.780,28.80,-46.48,
78400,240.083245,-16.532383,5.470,-636.53,-397.92,
78401,240.083382,-22.621620,2.290,-8.67,-36.90,
78429,240.176970,31.568373,6.610,65.38,-54.50,
78434,240.195374,-72.462819,6.580,-21.56,-32.43,
78435,240.195388,-39.088386,6.670,6.08,-50.26,
78436,240.198506,-8.411324,5.530,-15.05,-11.99,
78442,240.213162,4.427180,5.820,-43.01,75.24,
78445,240.223743,-40.435560,6.210,15.08,32.89,
78448,240.228896,39.177489,6.740,17.25,11.96,
78459,240.261662,33.305388,5.390,-196.89,-773.01,
78469,240.277109,-54.577799,6.120,-38.40,-41.21,
78476,240.294664,-63.776529,6.420,-3.23,-3.50,
78481,240.309775,17.818026,5.100,-46.09,152.84,
78486,240.331451,-31.889134,6.330,9.66,-1.25,
78493,240.360794,29.851078,4.980,-38.20,-6.90,
78513,240.421777,-3.763508,6.870,-76.23,30.07,
78527,240.473766,58.564437,4.010,-320.07,334.96,
78537,240.508893,40.022773,6.860,-57.09,30.04,
78540,240.518693,-51.120733,6.380,-11.88,-15.38,
78541,240.520226,-36.743862,6.990,-21.43,-21.40,
78542,240.523153,52.916006,5.930,1.80,-36.56,
78547,240.543185,-42.699818,6.910,-3.12,-169.16,
78553,240.566916,-73.515228,6.680,-14.27,-74.28,
78554,240.573705,22.804395,4.820,4.57,24.04,
78562,240.619134,-56.854168,6.510,-145.89,-120.96,
78574,240.663468,47.240199,6.520,-67.82,64.49,
78575,240.664163,-29.135777,6.070,34.54,-9.53,
78592,240.699380,46.036854,4.720,56.01,-61.25,
78603,240.718880,-62.541525,6.250,-30.89,-26.69,
78624,240.764617,-5.834483,6.970,5.17,-26.96,
78632,240.789029,59.410812,6.190,-18.57,-30.45,
78639,240.803584,-49.229721,4.650,41.18,10.39,
78647,240.817231,-26.716662,6.960,-2.52,-180.22,
78649,240.830662,36.631820,5.790,8.03,-13.52,
78650,240.836112,-25.865149,4.960,-67.89,-37.57,
78655,240.850844,-38.602471,4.900,-17.68,-28.54,
78661,240.880817,76.793889,5.730,-17.52,20.44,
78662,240.884254,-57.774874,4.630,-118.32,-78.34,
78665,240.893270,-32.000467,6.000,-37.60,-29.22,
78676,240.923096,59.089651,6.810,-17.64,-10.55,
78685,240.940472,4.986792,6.070,-38.08,17.25,
78690,240.957702,17.802731,6.750,-22.63,17.03,
78699,240.977941,-24.726327,6.220,-4.22,5.95,
78703,241.001632,73.148150,6.850,-51.72,91.09,
78710,241.025841,-59.176172,6.400,-4.71,-4.14,
78722,241.056266,34.178758,6.780,-28.16,13.63,
78726,241.074329,-33.213635,6.100,-29.40,-34.06,
78731,241.088852,-53.710333,6.460,-3.09,-17.21,
78742,241.123285,0.672421,6.810,4.89,-82.66,
78747,241.153796,-37.862668,5.910,-128.48,-116.19,
78756,241.185422,-39.434597,6.950,-17.97,-24.48,
78761,241.203951,70.261653,6.850,5.91,26.43,
78775,241.238429,39.156381,6.660,-571.24,52.59,
78785,241.262219,-18.539401,6.740,-49.45,-29.16,
78792,241.285420,-3.527634,6.870,-22.66,9.47,
78820,241.359312,-19.805393,2.560,-6.75,-24.89,
78821,241.360730,-19.801842,4.900,-34.59,-7.47,
78840,241.408059,8.096246,6.270,7.55,0.79,
78849,241.435524,-6.291143,6.350,50.00,5.83,
78851,241.438098,32.247839,6.710,-28.87,-25.00,
78858,241.467792,9.935930,6.930,-16.80,11.03,
78868,241.482841,-72.401072,5.700,-33.29,71.48,
78870,241.499302,-6.139741,6.390,-34.19,-5.30,
78875,241.511733,13.320976,6.800,17.22,-19.40,
78877,241.526601,-23.606244,5.900,-10.98,-29.18,
78893,241.582217,67.809981,5.440,-35.94,62.65,
78914,241.622598,-45.173275,4.730,17.47,37.03,
78918,241.648151,-36.802213,4.220,-15.84,-31.06,
78933,241.701802,-20.669135,3.930,-10.55,-23.73,
78946,241.748217,47.505023,6.650,-7.12,7.92,
78955,241.764695,-14.071320,6.320,-261.22,11.77,
78970,241.817395,-36.755539,5.720,52.54,-56.45,
78985,241.842440,21.822719,6.150,-13.38,-42.98,
78989,241.850354,-56.190957,6.160,-0.80,0.31,
78990,241.851251,-20.868654,4.310,43.68,-45.30,
78991,241.854578,-48.422399,6.610,35.00,-16.05,
79000,241.894719,-36.719679,6.640,42.12,9.44,
79005,241.901836,-12.745343,5.750,-41.67,-27.64,
79007,241.906462,9.891760,5.630,-20.84,-7.13,
79031,241.966230,-24.462291,6.320,-9.52,-23.92,
79044,242.018300,-36.231764,6.750,-16.39,-29.38,
79043,242.018944,17.046993,5.000,-34.29,-5.46,
79045,242.020707,17.054453,6.250,-20.63,-29.40,
79046,242.021315,-58.970686,6.740,-8.20,-27.60,
79047,242.023887,10.080505,6.740,-29.96,-27.33,
79050,242.031337,-26.326665,5.350,99.72,-5.78,
79055,242.045159,-53.078950,6.860,-1.70,-0.74,
79071,242.113456,-10.102041,6.690,38.07,-109.97,
79072,242.117013,8.534325,5.690,-13.62,-6.16,
79079,242.137414,-62.981851,6.880,-2.04,-10.94,
79080,242.142892,-39.105035,7.000,-9.56,-24.25,
79081,242.144033,-39.092799,6.650,-6.45,-22.46,
79086,242.152210,8.613248,6.470,-30.26,-29.91,
79098,242.182197,-23.685353,5.860,-10.21,-25.79,
79101,242.192497,44.934819,4.230,-25.98,35.86,
79102,242.194343,17.205712,6.130,-19.13,-30.74,
79119,242.243036,36.490109,4.730,-40.71,343.47,
79120,242.245420,3.454445,5.930,-36.32,12.17,
79125,242.262151,57.937802,6.330,-23.70,33.37,
79133,242.287700,-56.057937,6.510,0.43,-2.66,
79134,242.288976,50.180821,6.860,-7.57,17.56,
79137,242.296097,6.380510,5.930,258.17,-746.68,
79152,242.323535,41.095040,6.690,-207.82,66.50,
79153,242.327347,-57.934173,5.570,-13.19,-59.65,
79161,242.348022,63.407670,6.860,4.75,-13.25,
79164,242.358364,55.828919,6.430,-32.69,23.18,
79173,242.382321,-32.648938,6.180,-22.76,-30.22,
79187,242.422539,0.819894,6.680,-7.96,-21.17,
79195,242.460551,-3.466731,5.390,-24.27,0.64,
79199,242.469197,-33.545696,5.500,-25.69,-44.91,
79203,242.480468,-18.340452,6.430,-67.44,-69.20,
79204,242.484696,59.871786,6.760,17.03,-9.00,
79208,242.496641,-62.967007,6.500,-12.76,-60.72,
79219,242.516360,26.742658,6.570,-18.35,37.66,
79229,242.541213,-24.582337,6.640,-19.17,-34.29,
79231,242.551212,1.601225,6.610,11.32,-54.59,
79235,242.566380,-26.909046,6.590,-14.49,-32.91,
79248,242.600863,43.818370,6.610,132.52,-298.38,
79280,242.706369,75.877531,5.480,-1.38,13.19,
79302,242.758863,-29.416007,5.090,-85.58,-87.92,
79320,242.824031,-41.119498,5.860,-79.37,-125.52,
79322,242.828623,-45.333284,6.650,-99.90,-60.33,
79332,242.869735,16.665679,6.090,2.15,5.75,
79337,242.873945,9.712053,6.520,26.34,-10.86,
79343,242.889740,-27.150798,6.950,-23.14,-22.11,
79349,242.908538,23.494830,5.740,-21.23,-11.72,
79350,242.914983,33.342730,6.300,5.07,14.22,
79357,242.948353,42.374509,5.890,-6.95,24.71,
79358,242.950254,36.425162,5.620,-8.89,-28.00,
79372,242.991391,-54.352896,6.530,-10.73,-15.88,
79374,242.998919,-19.460647,4.000,-9.70,-25.25,
79375,243.000006,-10.064185,4.930,-21.92,-27.95,
79385,243.027279,39.055576,6.390,-3.91,-21.39,
79387,243.030372,-8.547579,5.430,44.39,1.45,
79399,243.066895,-28.417206,5.670,-22.99,-40.90,
79404,243.075882,-27.926316,4.580,-10.31,-23.17,
79414,243.105740,67.144279,6.210,-11.94,-42.55,
79420,243.134153,75.210594,6.360,-43.51,35.73,
79441,243.189274,26.670660,6.480,68.89,-31.74,
79463,243.235837,-4.220761,6.260,-29.74,-19.79,
79472,243.283263,21.566148,6.690,-46.36,17.55,
79477,243.299448,-49.884643,6.830,-24.09,-24.19,
79488,243.314201,5.021099,5.460,36.31,-5.11,
79490,243.320724,-53.671164,6.030,-3.95,-3.14,
79492,243.326427,13.527929,6.680,183.41,-418.70,
79497,243.344999,-55.540846,5.780,-100.49,-41.91,
79503,243.356784,-4.051545,6.960,-45.75,-12.45,
79509,243.369726,-54.630413,4.950,-5.33,-22.48,
79522,243.410946,-1.475140,6.450,-52.21,3.07,
79524,243.418417,-21.399981,6.680,-122.15,8.52,
79529,243.439413,-8.117990,6.840,-42.23,-8.72,
79530,243.439600,-24.422046,6.400,-9.97,-19.22,
79540,243.462119,-11.837722,5.240,-5.96,-10.11,
79571,243.532496,-48.932752,6.750,7.76,-8.64,
79578,243.549942,-31.663037,6.550,-81.41,-252.61,
79581,243.556589,5.901897,6.300,43.64,-21.04,
79593,243.586526,-3.693976,2.730,-45.83,-142.91,
79595,243.592192,2.647333,6.930,-2.25,-57.38,
79596,243.593213,-33.011042,5.910,-8.41,-18.79,
79599,243.620390,-21.107564,6.410,-16.07,-29.73,
79601,243.639442,73.394808,6.020,-10.86,34.33,
79605,243.663756,-18.535343,6.320,-92.49,-125.94,
79607,243.671003,33.858824,5.230,-266.47,-86.88,
79608,243.676046,7.858254,6.590,-16.16,-4.82,
79622,243.722651,-25.476922,6.060,-9.79,-22.09,
79653,243.813947,-47.371910,5.130,-36.77,-45.86,
79661,243.849918,-42.899410,6.140,-29.21,-4.92,
79664,243.859442,-63.685649,3.860,3.51,-13.49,
79666,243.869489,18.808293,5.720,-68.39,-84.77,
79672,243.904722,-8.368237,5.490,232.16,-495.84,
79685,243.946956,53.236823,6.950,12.67,-61.92,
79686,243.947271,27.422177,6.140,-33.95,-39.13,
79689,243.957546,-57.912229,5.610,-12.12,-49.86,
79691,243.961360,36.554500,7.000,-8.87,-7.88,
79692,243.964546,-14.849119,6.090,6.56,1.45,
79716,244.037534,-43.125506,6.920,8.85,-10.98,
79724,244.069702,23.122756,6.570,-12.87,-12.41,
79740,244.111265,-24.281944,6.700,-14.09,-0.29,
79754,244.180291,-53.811108,5.450,8.62,-0.67,
79757,244.186548,29.150302,5.800,23.60,-17.05,
79765,244.193640,40.038310,6.760,-14.96,25.23,
79781,244.230329,-3.953365,6.180,38.91,6.67,
79785,244.244898,-21.304069,6.610,-14.28,-25.42,
79787,244.245777,-53.695959,6.400,-58.94,-113.01,
79788,244.246675,-20.104071,6.400,-5.79,-7.06,
79790,244.253898,-50.068112,4.970,-2.24,-3.96,
79797,244.272842,-67.941080,5.950,-44.74,-84.65,
79804,244.313911,59.754961,5.370,6.81,25.56,
79812,244.337395,-53.086265,6.300,-59.47,-49.70,
79822,244.377088,75.754704,4.950,-89.94,257.80,
79834,244.430694,1.496717,6.500,-16.09,-1.26,
79837,244.441076,31.803625,6.840,155.73,312.26,
79867,244.540869,68.554436,6.390,-24.68,44.88,
79881,244.574670,-28.613776,4.800,-33.79,-100.59,
79882,244.580170,-4.692608,3.230,82.39,40.08,
79887,244.598071,-73.043362,6.580,-7.08,-17.33,
79889,244.598580,25.896684,6.700,-4.27,0.46,
79932,244.715974,-57.899787,6.540,-1.10,-1.20,
79938,244.751804,-14.872823,5.970,-21.18,-1.13,
79945,244.782131,-20.218035,6.290,16.84,-15.31,
79948,244.789242,-6.876092,6.880,-13.93,-88.26,
79953,244.796802,49.038078,5.930,-21.35,33.40,
79962,244.821743,-35.490814,6.630,-34.28,-34.35,
79963,244.823502,-42.673940,5.440,6.62,-10.28,
79980,244.886176,-30.906769,5.530,82.88,21.81,
79992,244.935200,46.313271,3.910,-13.15,39.31,
80000,244.960698,-50.155379,4.010,-159.36,-52.84,
80008,244.980170,39.708590,5.480,-129.35,-2.49,
80017,245.002019,-64.648735,6.700,-16.59,-33.10,
80021,245.017877,21.132737,6.040,-23.66,-51.93,
80035,245.060876,-39.630060,6.890,8.51,16.13,
80042,245.075908,36.975639,6.570,-13.91,-22.69,
80047,245.086813,-78.695656,4.680,-9.91,-36.59,
80051,245.102340,52.039044,6.630,19.64,-3.76,
80054,245.105128,-55.139671,5.760,19.61,-14.30,
80057,245.111932,-78.667421,5.270,-1.67,-30.98,
80060,245.117666,-12.911115,6.560,-49.26,31.84,
80066,245.135948,-39.430235,6.110,-14.10,-45.00,
80079,245.159098,-24.169284,4.550,-4.23,-14.71,
80085,245.180393,-21.840653,6.800,2.41,-8.96,
80111,245.294653,22.239856,6.910,-7.66,-14.05,
80112,245.297177,-25.592753,2.900,-10.03,-18.03,
80142,245.362683,-48.188569,6.510,-13.24,-22.98,
80149,245.395335,0.076907,6.850,-18.88,-41.08,
80151,245.403928,-51.750889,6.870,-27.41,-77.47,
80152,245.406270,-71.873831,6.710,-31.99,-27.60,
80161,245.453089,69.109417,5.260,-18.48,-10.59,
80167,245.477429,-55.551527,7.000,-18.64,-38.05,
80170,245.480182,19.153022,3.740,-47.44,44.61,
80179,245.518500,1.028922,4.820,-156.01,48.09,
80181,245.524542,30.891734,4.860,-97.35,107.68,
80197,245.589256,33.799145,5.200,5.52,-38.25,
80208,245.616692,-49.572291,5.320,-12.32,-26.01,
80212,245.621141,-43.912024,5.890,-8.44,-11.32,
80214,245.621760,33.703357,5.400,-5.22,50.03,
80227,245.662125,-2.079852,6.240,-7.82,-7.36,
80240,245.723246,-17.019126,6.870,23.34,-6.44,
80241,245.725682,-75.974643,6.860,-15.54,-17.60,
80244,245.728445,-66.887315,6.750,-13.54,-11.27,
80247,245.735349,32.333030,6.410,22.17,-7.14,
80267,245.781921,-37.424460,6.770,-64.37,-48.40,
80309,245.946624,61.696379,5.670,-29.54,33.99,
80324,245.986354,-33.199329,6.450,-10.65,-27.49,
80331,245.997945,61.514075,2.730,-16.98,56.68,
80337,246.005147,-39.192989,5.370,72.64,3.41,
80343,246.025822,-20.037211,4.480,-21.48,-47.53,
80351,246.045114,6.948171,5.830,4.57,14.72,
80364,246.072690,55.332761,6.930,-3.34,-323.60,
80372,246.100551,10.254351,6.930,4.67,-7.16,
80375,246.105528,55.205046,5.750,11.87,20.67,
80379,246.110021,52.289366,6.840,-4.05,16.33,
80390,246.132356,-37.565970,5.420,-14.06,-30.44,
80399,246.165526,-29.704464,5.400,69.27,-82.06,
80421,246.225571,-45.349462,6.320,21.40,-15.18,
80444,246.315992,19.239814,7.000,10.41,-32.72,
80455,246.342296,-63.125238,6.140,-19.16,8.72,
80460,246.350691,37.394079,5.530,2.63,0.18,
80461,246.351198,-23.460170,6.750,-8.60,-20.76,
80463,246.353873,14.033415,4.570,39.39,-59.89,
80473,246.396338,-23.447118,4.570,-5.61,-25.04,
80479,246.419553,9.370644,6.730,37.04,-18.04,
80480,246.431368,78.963601,5.550,-113.04,104.23,
80514,246.547561,11.407461,6.110,-48.05,13.02,
80527,246.588368,2.507799,6.660,-21.54,16.44,
80528,246.589448,40.809618,6.900,22.01,-54.23,
80538,246.633678,47.957303,6.510,-74.20,126.42,
80543,246.663354,15.972646,6.700,1.16,-3.36,
80546,246.671660,9.272926,6.660,0.41,-16.32,
80548,246.680399,10.990625,6.680,-32.06,-36.21,
80558,246.708594,2.347984,6.060,20.93,-16.42,
80567,246.753400,-82.559862,6.800,-12.63,-18.70,
80569,246.755993,-18.456197,4.220,-5.58,-22.22,
80582,246.796033,-47.554736,4.460,-13.72,-20.63,
80606,246.873208,-69.325975,6.680,-7.11,-24.80,
80610,246.884446,2.870659,6.350,6.39,-10.38,
80620,246.931071,-7.597556,5.240,-0.95,-153.41,
80628,246.950946,-8.371701,4.620,-67.26,-12.60,
80641,246.977700,25.984316,6.880,-16.18,15.30,
80645,246.988642,-64.058005,5.280,52.71,26.08,
80648,246.990474,32.699476,6.870,-18.39,-3.08,
80650,246.996055,68.768055,4.940,-24.53,33.82,
80652,246.996294,-46.250754,7.000,-9.80,-31.62,
80672,247.060240,-37.179816,5.790,15.06,-26.90,
80673,247.062809,-25.454025,6.970,22.72,6.52,
80675,247.063265,-58.599709,5.670,-22.18,-35.34,
80682,247.088202,67.044012,6.450,-20.61,-5.17,
80686,247.115839,-70.084670,4.900,199.89,110.77,
80687,247.117390,-13.399644,6.890,-37.09,1.45,
80693,247.141572,0.665167,5.410,6.97,-67.95,
80695,247.142847,1.586885,6.930,16.96,-5.50,
80704,247.160520,41.881691,4.830,29.15,-5.51,
80708,247.176466,0.055094,6.460,-61.70,-98.11,
80710,247.180887,51.407721,6.310,34.22,7.09,
80719,247.204115,-8.128673,6.490,-55.59,-69.96,
80725,247.220327,18.413117,6.980,-345.93,385.98,
80763,247.351948,-26.431946,1.060,-10.16,-23.21,Antares
80782,247.426377,-46.243219,5.350,-3.42,-3.81,
80788,247.438427,-57.756317,6.090,-2.41,-2.30,
80791,247.444564,7.748943,6.850,18.00,-9.36,
80793,247.445429,-14.550897,5.660,33.75,7.57,
80795,247.451985,-11.129520,6.900,-17.12,-4.75,
80797,247.462963,5.970776,6.900,4.79,2.14,
80809,247.525327,48.961228,6.440,-48.37,-56.48,
80815,247.551991,-25.115159,4.790,-3.42,-26.52,
80816,247.555257,21.489649,2.780,-98.43,-14.49,
80818,247.562664,47.953050,6.980,-93.86,-275.89,
80819,247.565347,-27.916219,6.890,-9.76,-13.78,
80839,247.623891,33.750800,6.970,-15.77,33.11,
80840,247.625067,-7.514458,6.460,2.51,2.67,
80843,247.640017,20.479346,5.240,-89.48,-64.94,
80850,247.662831,77.445851,6.350,-103.74,272.94,
80874,247.705723,-61.633481,5.190,-11.39,-8.99,
80883,247.728505,1.984101,3.820,-31.37,-73.00,
80888,247.761623,35.225107,6.250,-9.01,-16.75,
80894,247.784979,-16.612640,4.290,-44.57,-38.04,
80895,247.794831,-34.332800,6.940,3.02,-1.05,
80898,247.805990,22.195439,5.760,-10.21,7.76,
80907,247.838244,1.308721,6.790,-13.59,26.00,
80910,247.845288,-26.537552,6.070,-28.16,-37.56,
80911,247.845590,-34.704321,4.240,-11.51,-18.56,
80920,247.867918,72.612203,6.270,-36.92,55.72,
80926,247.877509,8.293928,6.970,37.15,70.73,
80945,247.924047,-41.817142,5.310,-3.45,-1.06,
80948,247.935763,-64.473374,6.610,0.25,-14.18,
80953,247.946811,45.598184,5.610,-7.89,39.89,
80964,247.985285,9.414520,6.510,-12.22,-39.57,
80974,248.033740,-12.431620,6.980,-21.60,-8.83,
80975,248.034111,-21.466478,4.450,20.21,36.23,
80991,248.106898,60.823347,5.920,20.65,-9.79,
81007,248.148651,5.521221,5.630,15.55,-0.41,
81008,248.151659,11.488234,4.840,-178.38,-79.16,
81027,248.232209,-10.562526,6.840,16.92,16.96,
81028,248.236367,50.142174,6.820,-36.53,-26.72,
81065,248.364434,-78.896959,3.860,-125.68,-77.59,
81066,248.371453,30.499073,6.870,-38.24,-2.36,
81073,248.391794,10.369074,6.740,22.01,-21.03,
81077,248.395220,-62.121513,6.940,7.10,-22.92,
81079,248.399681,-53.200101,6.590,0.86,-49.84,
81085,248.424362,38.090861,6.590,-34.34,82.81,
81095,248.459785,13.394854,6.920,9.99,-44.85,
81100,248.468281,-48.111235,6.730,0.39,-3.57,
81113,248.496585,52.237953,6.840,5.57,3.77,
81122,248.520918,-44.045309,4.860,0.52,-2.53,
81125,248.525265,-48.461487,6.920,0.62,-0.94,
81126,248.525789,42.436896,4.200,-9.03,59.80,
81141,248.580706,-70.988065,5.500,-16.37,-13.31,
81150,248.615444,8.673991,6.850,-17.64,-2.54,
81198,248.782385,-45.244215,6.430,-30.49,-62.06,
81208,248.807693,-35.724583,6.630,-11.17,-24.65,
81219,248.838808,77.755191,6.890,17.63,-1.55,
81231,248.859556,17.057345,6.420,-8.26,-1.40,
81252,248.936546,-65.495329,5.500,33.92,-28.75,
81259,248.955731,-71.894168,6.520,-18.44,-35.26,
81266,248.970664,-28.215962,2.820,-8.59,-22.50,
81289,249.046716,46.613325,5.830,-11.23,3.31,
81290,249.047637,52.899979,5.530,-12.94,28.67,
81292,249.057217,52.924356,5.070,-12.28,27.38,
81300,249.088265,-2.323836,5.770,455.22,-307.63,
81303,249.093095,33.821773,6.950,-67.79,3.04,
81304,249.093587,-35.255356,4.180,14.72,12.14,
81305,249.094025,-42.858854,5.460,-4.34,-3.04,
81318,249.130900,-8.854002,6.880,-46.04,-3.02,
81335,249.172808,-35.916377,6.890,40.07,4.40,
81337,249.178955,15.497529,6.360,-14.74,-30.35,
81357,249.224468,22.868252,6.870,106.47,-137.16,
81358,249.229114,63.073038,6.170,4.25,-88.13,
81376,249.285459,-52.381631,6.840,-6.89,-26.35,
81377,249.289708,-10.567152,2.540,13.07,25.44,
81404,249.390683,5.277556,6.480,-7.77,-12.50,
81425,249.450126,13.687186,6.300,-32.06,-62.30,
81426,249.454218,27.043917,6.960,1.55,-33.97,
81428,249.470033,78.918563,6.330,-24.20,42.49,
81434,249.498893,-46.154626,6.620,1.99,3.98,
81437,249.501914,56.015389,5.280,6.08,62.10,
81440,249.506493,-6.537992,6.050,-7.45,-9.23,
81445,249.516881,39.577368,6.740,-29.42,-61.05,
81451,249.540627,61.172331,6.910,-16.20,-1.55,
81472,249.609589,-43.398376,5.830,-11.68,-20.60,
81474,249.619423,-18.220427,6.730,-12.70,-21.52,
81477,249.628961,-39.152278,6.930,-10.93,-20.41,
81483,249.635579,48.862343,6.560,2.45,-19.84,
81484,249.639746,-1.231489,6.730,-13.07,-12.82,
81486,249.644793,-18.825668,6.970,-9.93,-12.56,
81497,249.687033,48.928277,4.860,-48.10,26.81,
81499,249.698856,-8.618585,6.440,2.82,-10.16,
81507,249.719618,-60.990318,6.160,-3.66,-34.41,
81523,249.771813,-37.217263,5.930,-11.77,-43.93,
81555,249.841558,22.006182,6.760,-43.10,-87.90,
81580,249.913012,-9.554233,6.330,11.28,-146.76,
81589,249.936397,-56.994375,6.730,-4.41,-13.28,
81608,250.007532,-6.081019,6.720,-28.79,-98.66,
81616,250.044398,-28.940060,6.890,-32.39,-27.45,
81620,250.053837,-33.743553,6.550,5.37,-8.65,
81632,250.143784,-20.408718,6.250,15.83,28.40,
81634,250.146460,4.207227,6.920,0.29,-9.73,
81639,250.157706,-35.687159,6.640,-3.09,-7.03,
81641,250.161196,4.219815,5.770,-0.23,-10.70,
81646,250.177136,72.671646,6.980,4.57,5.28,
81650,250.184952,-51.478576,6.300,12.43,130.10,
81653,250.197498,-72.299677,6.530,17.95,27.53,
81657,250.210061,-60.446265,6.170,58.29,-72.99,
81659,250.213996,12.395057,6.080,-30.61,-5.51,
81660,250.229664,64.589086,4.840,-0.04,-16.18,
81663,250.235066,-8.309626,6.470,-11.23,-0.71,
81670,250.252517,24.858700,6.070,-34.48,2.02,
81680,250.282528,-11.838564,6.850,-15.93,-13.16,
81687,250.298051,-1.000284,6.250,20.31,-11.49,
81691,250.319757,1.245483,6.400,-13.36,-16.04,
81693,250.322821,31.601887,2.810,-462.58,345.05,
81695,250.327723,-18.059379,6.680,36.11,-34.82,
81696,250.331013,-48.763205,6.870,12.00,-5.34,
81702,250.335066,-48.762970,5.570,-1.14,5.49,
81710,250.346377,-68.296094,5.890,-14.06,-11.79,
81717,250.375828,4.871894,6.960,-0.74,-20.79,
81724,250.393318,-17.742165,4.910,-21.66,-0.92,
81728,250.400891,-24.467939,6.070,-54.70,-9.49,
81729,250.402910,26.916989,5.920,0.89,-44.83,
81731,250.406456,-27.809583,6.520,15.68,-38.39,
81733,250.417615,-49.651546,5.620,-2.79,-2.74,
81734,250.427253,1.181101,5.740,-101.96,53.42,
81741,250.439563,-33.145621,5.840,-58.83,-56.81,
81754,250.473642,-19.924479,5.550,28.16,41.95,
81757,250.488409,73.887294,6.820,-14.97,35.45,
81800,250.615380,49.936703,6.480,133.43,-107.77,
81803,250.621277,-37.079148,6.470,-22.13,-84.23,
81814,250.662466,-61.785010,6.570,-4.13,-3.16,
81823,250.701749,-62.553910,6.230,-1.12,-8.71,
81830,250.720008,-79.024245,6.730,8.25,-6.69,
81833,250.723911,38.922461,3.480,35.58,-84.98,
81840,250.743340,55.689924,6.180,55.80,80.28,
81847,250.764859,-46.070283,6.220,-0.39,-3.89,
81848,250.767598,36.509622,6.860,0.06,8.42,
81852,250.772582,-77.516572,4.230,-282.83,-355.03,
81854,250.775570,77.513471,5.990,56.38,206.46,
81873,250.842139,-67.432311,6.020,15.60,-31.10,
81891,250.911374,-32.105889,6.460,-9.40,-23.03,
81903,250.940432,-41.119140,6.210,-31.28,-26.40,
81904,250.948349,-38.156241,6.050,-9.72,-43.20,
81910,250.964363,-26.808696,6.720,-20.03,-102.51,
81911,250.965579,34.038663,6.020,-72.92,57.56,
81914,250.975359,-41.113294,6.140,-10.75,-20.67,
81933,251.044045,23.517458,6.870,-10.51,14.06,
81939,251.072518,-27.456219,6.580,-11.23,-10.18,
81966,251.165641,-53.152290,5.960,-10.74,-9.66,
81972,251.177509,-40.839623,5.640,-11.52,-21.63,
81991,251.250461,6.088786,6.550,-215.13,-257.19,
81992,251.250868,-28.509656,5.990,-28.20,-0.47,
82007,251.286174,-23.183971,6.980,-24.01,-30.31,
82011,251.297712,-3.084922,6.950,-3.60,-8.90,
82012,251.299175,43.217292,6.070,-8.63,-50.54,
82020,251.324124,56.781687,4.840,26.31,69.96,
82022,251.329236,-30.806763,6.990,-14.52,10.67,
82028,251.343772,15.745412,5.600,24.04,-50.64,
82037,251.373653,1.020145,6.020,-3.84,6.63,
82038,251.375738,-19.136928,6.600,-0.27,0.18,
82051,251.408889,55.314039,6.960,-9.51,-38.21,
82073,251.457888,8.582578,5.150,-2.86,15.67,
82076,251.473572,-83.239824,6.580,16.43,-21.60,
82078,251.487306,-67.750117,6.880,25.56,-14.38,
82079,251.487380,-61.663414,6.830,-40.42,-41.35,
82080,251.492340,82.037251,4.210,19.54,4.67,
82091,251.526565,-46.531918,6.470,-3.28,-32.42,
82110,251.588448,-58.503568,5.740,-2.22,-10.78,
82129,251.666725,-67.109658,5.100,-15.20,-13.34,
82135,251.699881,-39.376898,5.480,-17.66,-26.16,
82140,251.713947,-25.528536,6.720,-5.27,-13.83,
82142,251.720930,2.242388,6.720,-46.38,29.01,
82147,251.731370,-68.102045,6.530,10.43,32.93,
82154,251.757028,-39.533820,6.920,-11.47,-22.08,
82162,251.790666,2.064563,6.070,-11.00,-15.19,
82166,251.816424,63.531348,6.800,-67.11,66.07,
82171,251.831934,-58.341392,5.550,-5.77,-20.09,
82172,251.832270,42.238980,5.860,2.29,-25.31,
82204,251.909421,79.503638,6.830,-18.20,28.43,
82216,251.943463,5.246840,5.220,-21.75,-38.74,
82238,252.023075,-45.944863,6.690,-0.91,-24.02,
82241,252.036978,13.590338,6.380,12.73,-17.33,
82254,252.102743,-31.203624,6.820,-3.38,-17.87,
82259,252.112438,-14.909400,6.030,-17.12,-8.79,
82273,252.166107,-69.027635,1.910,17.85,-32.92,
82280,252.180243,-67.083244,6.900,3.35,9.35,
82292,252.224024,-52.940815,6.740,-8.45,-11.17,
82310,252.267640,34.956235,6.920,-6.90,26.70,
82316,252.289994,12.909130,6.640,7.52,4.93,
82321,252.309164,45.983448,4.820,22.78,-51.37,
82324,252.313831,29.964520,6.590,-62.64,78.02,
82339,252.365289,-15.668001,6.180,1.04,12.77,
82347,252.388526,-31.651350,6.810,-24.97,-10.18,
82350,252.394476,13.261200,5.910,-29.03,-24.26,
82355,252.419059,43.430460,6.180,-10.62,-9.36,
82363,252.446298,-59.041316,3.770,39.59,-25.28,
82369,252.458221,-10.782801,4.640,93.70,-81.94,
82372,252.488311,15.377044,6.980,-51.66,-22.73,
82373,252.492236,9.421297,6.910,-2.99,11.35,
82375,252.497582,46.648985,6.900,-21.85,37.51,
82396,252.542687,-34.292610,2.290,-611.83,-255.87,
82402,252.580628,7.247705,5.480,51.83,-8.98,
82405,252.592707,-2.654247,6.320,2.37,-44.91,
82418,252.650361,-50.044938,6.450,-6.35,-3.14,
82419,252.650626,41.896347,6.290,-71.17,63.03,
82422,252.662342,29.806545,5.730,-5.54,-2.99,
82426,252.679723,32.553559,6.160,24.12,44.65,
82453,252.750159,-37.514481,6.100,-6.44,-12.60,
82460,252.780862,9.404607,6.680,15.56,-117.76,
82480,252.853911,1.215981,5.510,-17.20,-14.02,
82493,252.890509,-41.230533,5.230,0.55,-0.44,
82503,252.937547,-73.722573,6.760,-22.74,-20.00,
82504,252.938564,24.656420,5.030,10.30,5.45,
82505,252.939328,20.573987,6.880,-28.24,35.63,
82510,252.958739,28.666300,6.620,-1.32,37.72,
82514,252.967662,-38.047327,3.000,-8.84,-21.60,
82517,252.974520,-65.375425,6.120,-1.17,-13.38,
82526,253.020169,14.974201,6.510,16.82,5.61,
82527,253.032237,-2.798327,6.960,25.69,0.74,
82538,253.066942,-25.600579,6.910,12.87,-11.78,
82539,253.074097,-67.681514,6.330,-52.82,-49.20,
82543,253.080205,-41.854513,6.360,-2.26,-0.37,
82545,253.083973,-38.017478,3.560,-12.92,-23.80,
82554,253.114263,-40.723105,6.350,-9.27,-19.90,
82565,253.150245,-37.599325,6.710,-3.25,-37.26,
82568,253.171351,18.062188,6.810,29.69,-22.99,
82580,253.229767,75.392830,6.820,40.55,-7.97,
82587,253.242168,31.701715,5.340,-91.15,-17.10,
82588,253.246741,-0.022815,6.650,-711.75,-1483.65,
82604,253.305818,10.874501,6.920,-2.72,-9.16,
82611,253.323300,47.416498,5.990,-40.83,93.55,
82621,253.355238,-20.415489,5.860,-58.05,-27.26,
82636,253.384302,42.825646,6.810,121.29,-325.16,
82650,253.426821,-43.050891,5.950,-15.13,-31.80,
82669,253.495225,-41.994321,6.280,-0.21,-2.33,
82671,253.498864,-42.362020,4.700,-0.48,-2.17,
82672,253.501685,-57.909209,5.910,-40.80,-122.49,
82673,253.502097,10.165443,4.390,-53.75,-34.68,
82676,253.507659,-41.806383,5.460,-1.75,-2.47,
82678,253.510586,-54.438279,6.930,-10.42,-13.91,
82691,253.541925,-41.825033,6.070,0.42,-2.86,
82693,253.544167,-1.612110,6.250,9.62,-80.15,
82702,253.578258,46.539086,6.860,8.29,-35.99,
82706,253.582082,-41.819864,6.610,-0.33,-1.83,
82716,253.612256,-42.478876,5.840,0.57,-6.33,
82718,253.618798,70.464095,6.990,-4.85,-35.29,
82723,253.631475,-49.710790,6.490,0.24,-4.45,
82729,253.646272,-42.360759,3.620,-126.55,-227.77,
82730,253.648798,-6.153929,5.230,-30.23,-21.86,
82731,253.649749,-30.587337,6.340,29.45,-1.45,
82737,253.667570,-11.792432,6.570,16.26,-12.81,
82758,253.711764,-23.512284,6.760,-6.80,-36.76,
82764,253.729730,20.958484,5.390,56.33,1.50,
82775,253.743772,-41.150854,5.780,-0.16,-1.36,
82780,253.758954,25.730728,6.060,20.13,-19.42,
82783,253.763877,-42.090824,6.300,-0.68,-2.72,
82790,253.782982,-6.650931,6.820,21.67,-17.96,
82792,253.786206,-31.402483,6.720,-10.14,-50.21,
82798,253.816537,13.619993,6.350,37.01,-34.06,
82802,253.842658,18.433184,5.350,-114.79,11.85,
82806,253.852827,-63.269626,5.990,7.66,-13.72,
82822,253.885590,-21.569498,6.620,-8.16,-4.44,
82829,253.897126,-43.315948,6.770,-19.48,-15.59,
82841,253.942759,67.478456,6.780,-12.80,7.84,
82855,253.990592,-33.506889,6.290,14.49,6.50,
82860,254.005665,65.134672,4.880,238.05,50.84,
82861,254.007475,-16.806338,6.330,81.80,30.96,
82867,254.026834,50.038905,6.600,-20.83,-11.19,
82868,254.036875,-50.674767,6.300,-10.21,-9.55,
82870,254.040098,15.383672,6.580,-14.33,-1.44,
82871,254.042303,77.652711,6.720,-6.86,13.90,
82876,254.062616,-40.659934,6.700,1.99,-2.71,
82879,254.069655,-61.640584,6.780,-1.88,-10.79,
82880,254.069739,73.127916,6.290,-0.88,-20.48,
82891,254.091388,62.369865,6.900,-14.67,10.31,
82894,254.100595,80.859553,6.640,0.42,9.08,
82898,254.105481,65.039045,6.400,-34.43,32.72,
82902,254.120008,-52.283643,5.940,-35.74,-42.44,
82911,254.149909,-40.823453,6.180,0.30,-0.17,
82912,254.157690,-30.580038,6.970,-9.32,-8.57,
82918,254.165260,14.140194,6.770,-12.29,24.13,
82925,254.200159,-23.150322,5.570,-2.29,-9.89,
82944,254.254436,-71.111557,6.460,-8.47,-35.91,
82951,254.266634,-19.539839,6.270,-18.97,-7.04,
82960,254.296550,-33.259469,5.480,5.93,-9.61,
82971,254.334461,6.211302,6.730,-35.16,0.45,
82979,254.358336,-10.963157,6.150,0.28,-88.88,
82985,254.374675,-60.600092,6.520,-1.23,-12.88,
82987,254.379337,25.352803,6.270,8.05,15.85,
82989,254.383701,13.883943,6.380,-81.01,69.73,
83000,254.417794,9.375056,3.190,-293.03,-9.70,
83007,254.426263,24.381309,6.350,6.48,-20.08,
83013,254.459106,42.512550,6.360,-10.23,-41.00,
83014,254.459255,-39.115734,6.590,0.11,4.82,
83053,254.564682,-65.204412,6.530,-13.52,-54.75,
83057,254.574787,-50.641092,5.530,-10.20,-38.25,
83081,254.655128,-55.990055,3.120,-18.31,-35.29,
83083,254.658073,15.454021,6.890,-24.71,141.02,
83090,254.673176,-14.869610,6.480,-2.07,-25.14,
83100,254.717725,-37.620415,6.050,10.23,-38.08,
83114,254.760725,69.186347,6.410,-0.18,-40.64,
83116,254.773203,-48.875126,6.640,4.48,1.69,
83138,254.839873,56.688505,6.040,-52.85,36.63,
83150,254.891592,-69.268132,5.790,-13.94,-13.12,
83153,254.896028,-53.160490,4.060,1.12,21.53,
83163,254.934700,-18.247995,6.630,-25.50,-142.04,
83168,254.958707,58.462553,6.870,-10.06,12.09,
83173,254.977981,-73.422455,6.720,-1.73,-12.00,
83176,254.990433,-25.092162,5.880,2.68,-15.00,
83187,255.026196,-54.597002,5.640,-7.69,-73.04,
83196,255.039494,-24.988937,5.740,49.14,-54.89,
83202,255.059414,-44.988468,6.500,-16.18,-33.05,
83207,255.072526,30.926339,3.920,-47.68,26.89,
83216,255.112397,-48.647563,5.980,-16.98,-80.41,
83218,255.115013,75.225259,6.980,40.05,-43.40,
83223,255.122400,6.583813,6.570,34.35,-43.77,
83229,255.132599,-57.296378,6.990,-165.20,-298.01,
83230,255.134844,-45.451751,6.580,-0.07,-1.99,
83235,255.154139,-35.933976,5.950,-8.01,-64.36,
83247,255.228038,-76.218335,6.930,-33.52,-159.03,
83254,255.242254,22.632152,5.690,-8.70,-23.29,
83255,255.243508,-86.364297,6.050,8.21,0.00,
83262,255.265106,-4.222454,4.820,-40.28,-77.92,
83269,255.279279,-56.555015,6.400,-2.50,-25.55,
83274,255.290128,27.196672,6.570,-4.67,-59.61,
83285,255.309190,52.604481,6.890,-21.40,11.02,
83289,255.320741,60.648658,6.160,-45.35,39.36,
83290,255.325032,7.428613,6.780,-4.71,-22.27,
83308,255.387699,14.949719,6.270,5.82,-1.13,
83313,255.401497,33.568269,5.270,2.46,0.25,
83317,255.417003,75.297667,6.170,14.16,-69.58,
83321,255.443174,-51.130917,6.430,-10.88,-44.83,
83323,255.447460,-58.958226,6.260,-2.65,-7.58,
83331,255.463638,-18.885496,6.280,-30.48,-17.16,
83336,255.469372,-32.143401,5.030,-9.64,-48.35,
83342,255.495666,8.450662,6.330,26.80,2.64,
83359,255.565733,64.600655,6.110,-20.32,34.34,
83365,255.571212,31.884065,6.410,27.83,22.62,
83367,255.577752,25.505378,5.760,55.19,99.25,
83389,255.651241,47.079804,6.760,123.54,854.67,
83406,255.718825,-50.160371,6.890,-12.06,-15.20,
83430,255.782733,14.092100,4.970,25.96,-63.21,
83431,255.786289,-53.236626,5.270,1.16,-165.10,
83435,255.793936,14.511773,6.520,-166.44,-178.43,
83438,255.804993,-48.336855,6.750,5.52,25.07,
83448,255.824734,-31.614609,6.970,-2.66,-2.64,
83459,255.858989,34.383471,6.680,10.03,5.51,
83462,255.875810,35.414154,6.190,29.00,-43.17,
83478,255.913812,13.605429,5.910,-21.43,-33.96,
83480,255.922743,-0.145911,6.700,-25.17,-16.62,
83481,255.923681,-47.160584,6.070,-0.30,5.28,
83491,255.961976,-38.152487,5.910,90.49,-34.72,
83493,255.969473,19.690493,6.350,-22.94,8.55,
83494,255.973420,34.790237,6.080,-60.78,-6.13,
83499,255.986546,-37.844155,6.480,1.90,4.71,
83504,255.991787,13.567736,6.060,22.66,-130.21,
83508,256.003406,-25.697945,6.660,-5.95,-22.89,
83535,256.103021,-57.712107,5.730,-3.54,-24.38,
83541,256.115783,-28.582024,6.590,83.25,-269.14,
83545,256.123238,-12.676009,6.910,-45.18,-75.62,
83555,256.138954,-11.088456,6.910,-15.82,-15.25,
83556,256.140435,-68.278643,6.470,-7.94,-21.06,
83565,256.172241,19.599102,6.190,13.60,1.44,
83566,256.181371,-25.645142,6.600,-14.74,-87.08,
83567,256.188873,-20.494643,6.290,-5.42,-24.64,
83574,256.205629,-34.122922,4.830,1.98,-3.20,
83575,256.207278,48.804132,6.110,26.77,-71.48,
83593,256.270585,43.812239,6.450,3.30,-0.11,
83594,256.272462,-45.502043,6.280,-27.02,-34.53,
83601,256.320118,0.703374,6.000,-15.67,-335.11,
83608,256.334093,54.469863,4.910,-66.00,73.86,
83613,256.344418,12.740855,4.890,50.63,-11.02,
83635,256.384403,-0.892065,5.630,4.34,-1.91,
83650,256.451939,-44.105103,6.180,11.40,25.04,
83675,256.530265,8.623195,6.960,-8.77,-6.58,
83677,256.540173,9.733855,6.380,7.84,5.37,
83684,256.549194,-21.564402,6.290,-7.57,-74.51,
83688,256.554279,10.453862,6.380,37.35,6.40,
83692,256.575452,22.084247,5.560,-97.78,-38.65,
83693,256.584146,-37.227531,5.980,-7.95,-24.42,
83706,256.618199,-35.451039,6.150,2.38,-3.03,
83738,256.720577,-1.656117,6.340,34.88,-28.15,
83740,256.721779,-26.512991,6.260,-2.72,-12.71,
83774,256.828150,-76.223794,6.680,-11.31,-76.10,
83780,256.843360,48.399217,6.660,-32.15,46.01,
83787,256.862558,-65.747412,6.850,-7.18,-56.31,
83802,256.896834,-46.679717,6.890,-101.76,14.29,
83816,256.944616,40.516140,6.340,-37.00,-35.26,
83819,256.951803,55.768027,6.870,2.11,40.80,
83834,257.002901,31.206237,6.440,-3.13,-19.36,
83838,257.008670,35.935215,5.410,-24.25,-17.05,
83845,257.023468,-41.614643,7.000,-19.47,-42.12,
83847,257.031496,61.159469,6.720,-20.69,62.04,
83849,257.034597,-48.883709,6.930,-14.17,-27.07,
83853,257.056901,-1.079378,6.060,-10.55,-40.37,
83854,257.061885,-17.608967,5.980,4.62,-34.99,
83855,257.065663,16.093960,6.670,-48.75,-13.68,
83857,257.071175,50.842210,6.460,-7.66,25.66,
83858,257.072040,-41.024494,6.890,-1.90,-4.36,
83872,257.132103,35.033748,6.730,-44.56,94.99,
83876,257.139762,24.486607,6.840,8.95,-49.27,
83895,257.196771,65.714637,3.170,-20.76,19.15,
83896,257.198107,-30.403569,5.930,-11.89,-66.39,
83906,257.227297,-3.882607,6.350,-54.85,-158.21,
83925,257.293128,-68.846677,6.590,4.09,-25.85,
83947,257.388673,40.777015,5.070,-43.78,7.37,
83953,257.421350,10.039017,7.000,-65.21,-134.87,
83962,257.449658,-10.523037,5.430,54.71,-108.57,
83973,257.471198,-47.031430,6.900,-1.97,-3.67,
83975,257.486973,26.455348,6.950,-2.16,9.17,
83984,257.526163,-61.675441,6.370,-2.75,-6.35,
83998,257.562239,-19.436263,6.930,-0.05,-1.94,
83999,257.564851,0.481612,6.820,-14.26,2.48,
84010,257.586828,-46.738399,6.730,1.48,-4.80,
84012,257.594427,-15.725148,2.430,41.16,97.65,
84021,257.627689,52.408791,6.300,-14.60,-8.75,
84033,257.676460,-44.557551,5.060,-33.25,-69.11,
84034,257.680997,-12.701088,6.710,-33.17,-52.97,
84036,257.690547,12.467017,6.580,34.09,-15.91,
84054,257.763212,24.237621,6.200,-11.66,30.27,
84056,257.768208,-20.654234,6.810,-7.11,-137.83,
84062,257.785109,56.659370,6.980,-3.10,-66.79,
84063,257.789089,-58.025484,6.770,-0.88,-10.46,
84070,257.820538,24.252345,6.940,-11.44,29.03,
84082,257.844249,4.690275,6.770,-57.72,-0.27,
84105,257.911145,-48.873388,5.940,5.94,-4.36,
84106,257.916043,45.324465,6.570,3.32,-7.47,
84108,257.917731,49.746312,6.120,19.31,18.70,
84113,257.938417,7.894729,6.340,33.07,13.56,
84118,257.959170,41.730110,6.750,0.99,0.99,
84143,258.038233,-43.238490,3.320,22.01,-287.41,
84144,258.045703,-27.042152,6.750,-51.40,-85.28,
84147,258.056764,-25.255031,6.520,-11.74,-50.63,
84150,258.067564,-39.506775,5.660,-13.81,-71.78,
84151,258.068968,-38.822419,6.300,17.46,-47.61,
84158,258.082698,-70.720892,6.210,49.04,-78.16,
84175,258.104447,-27.762006,6.120,-8.01,-48.38,
84177,258.115857,10.585229,5.320,6.06,-25.22,
84183,258.135664,62.874221,5.540,15.91,48.03,
84188,258.142908,-63.685366,6.920,-13.54,-13.59,
84217,258.226393,0.352206,6.650,18.47,-73.39,
84226,258.243987,-32.438327,5.950,1.98,-1.99,
84229,258.246723,-58.596761,6.820,-59.48,-92.36,
84230,258.247086,7.749314,6.870,-20.46,22.51,
84236,258.276088,54.139150,6.910,1.36,64.84,
84238,258.289271,-37.952369,6.590,-0.24,-2.40,
84248,258.325469,-67.196372,5.870,-156.26,-90.10,
84259,258.363376,38.985094,6.990,8.01,-15.52,
84269,258.403043,-15.560288,6.700,-21.33,-22.86,
84275,258.413460,21.431309,6.820,2.48,-0.03,
84288,258.471266,-56.800505,6.980,-27.68,-30.04,
84290,258.474852,-38.294904,6.740,39.53,-14.56,
84297,258.508429,-27.796559,6.680,-4.55,-4.37,
84311,258.555854,-56.888512,6.080,4.22,-5.91,
84314,258.559362,-26.984255,6.640,4.56,-67.22,
84332,258.615232,-39.766646,6.420,-1.76,-1.60,
84340,258.639414,26.051985,6.560,17.97,-33.90,
84345,258.661927,14.390253,2.780,-6.71,32.78,Rasalhague
84379,258.758017,24.839587,3.120,-21.14,-157.68,
84380,258.761893,36.809155,3.160,-27.35,2.70,
84401,258.830197,-33.548413,5.600,0.10,-2.98,
84402,258.834565,-14.584126,5.980,-18.86,-5.88,
84405,258.838697,-26.600049,4.330,-473.69,-1143.93,
84409,258.843006,-38.212953,6.710,4.52,-5.95,
84425,258.900324,-38.592951,5.950,-169.82,-388.80,
84427,258.908612,34.707687,6.780,1.58,-17.99,
84430,258.921165,-9.808768,6.930,6.11,-15.87,
84431,258.922902,23.742704,5.990,-41.52,23.17,
84434,258.936232,-51.083258,6.940,-0.57,-5.55,
84444,258.961457,-33.737001,6.540,0.49,-1.52,
84445,258.964002,-30.210621,6.200,-14.43,-45.27,
84455,258.995487,27.134342,6.570,-38.13,-88.61,
84461,259.003498,-87.565896,6.580,-117.80,-156.05,
84465,259.020353,60.713813,6.910,6.04,38.54,
84477,259.054957,71.792370,6.810,1.46,-7.83,
84478,259.056981,-26.543416,6.330,-479.71,-1123.37,
84479,259.059391,2.186244,6.170,11.32,-17.03,
84481,259.066225,-15.223741,6.520,-14.18,3.80,
84483,259.073272,-42.339033,6.750,-5.39,-0.17,
84489,259.090341,-35.749465,6.090,-111.08,-342.47,
84496,259.122700,60.670580,6.320,-40.83,14.43,
84500,259.132160,1.210584,5.890,-4.39,-15.73,
84510,259.148746,-74.532881,6.240,-23.89,-52.40,
84514,259.152940,-0.445142,4.720,-33.09,-63.92,
84524,259.178137,-6.244957,6.080,-8.86,-7.58,
84535,259.238586,89.037715,6.310,-23.03,-3.07,
84551,259.265476,-32.662705,5.530,-99.18,-55.48,
84556,259.273083,-44.778587,6.460,1.55,-3.48,
84560,259.292328,13.134398,6.620,0.97,-75.87,
84573,259.331544,33.100114,4.800,-3.68,-5.74,
84576,259.335660,-30.164431,6.960,-25.34,-7.54,
84586,259.356406,-66.950703,6.870,-21.84,-136.47,
84596,259.394389,28.913262,6.880,-2.04,4.65,
84599,259.399401,23.090638,6.250,-2.93,-4.78,
84600,259.404090,1.742521,6.860,-24.75,-7.55,
84605,259.414719,-26.628966,6.810,-4.98,-23.59,
84606,259.417858,37.291343,4.640,-42.74,63.76,
84625,259.502675,-24.284084,6.590,-59.28,-11.18,
84626,259.502986,-24.286883,5.140,-59.49,-7.69,
84631,259.520552,17.317914,6.000,11.87,-11.12,
84632,259.520634,3.146981,6.870,-23.84,51.70,
84634,259.522793,-38.163984,6.920,-10.30,-17.01,
84636,259.529469,-24.072843,6.590,97.01,-73.75,
84649,259.580297,-16.311902,6.280,1.44,10.45,
84650,259.585465,-32.553089,6.360,-2.16,-7.39,
84656,259.597001,38.811214,5.970,-12.39,74.11,
84657,259.600013,-50.210966,6.990,-14.68,-33.91,
84663,259.624582,25.807839,6.610,-11.83,65.49,
84671,259.654107,10.864713,5.030,8.08,-97.65,
84690,259.699328,-44.129707,5.760,-11.78,-16.14,
84691,259.702063,28.822984,5.680,47.98,-6.63,
84696,259.710427,-2.810374,6.660,-113.21,-86.11,
84700,259.715761,-62.874519,6.500,-58.55,-23.97,
84704,259.719920,6.085432,6.510,12.58,7.78,
84709,259.734834,-34.989572,5.910,1149.24,-90.80,
84720,259.762309,-46.636500,5.470,1035.25,109.22,
84731,259.802129,-59.694591,5.930,-1.74,-8.39,
84744,259.850294,27.283857,6.800,10.28,-17.14,
84748,259.852622,-44.223000,6.640,2.47,-11.88,
84757,259.874589,-45.639957,6.930,-0.11,-3.37,
84759,259.877121,-50.063684,6.270,7.16,-32.33,
84769,259.904363,80.136399,5.740,18.49,0.16,
84780,259.943707,2.139483,6.430,23.85,23.26,
84785,259.962277,45.308414,6.660,-30.42,87.62,
84787,259.964293,-48.548809,6.670,-35.37,-209.84,
84792,259.972301,-17.756479,6.030,-3.16,-26.60,
84801,259.998031,-5.917038,6.310,45.42,-193.58,
84821,260.040944,25.537644,5.360,13.13,-16.91,
84827,260.053163,-70.044887,6.530,-47.23,-197.38,
84833,260.078607,18.057216,5.010,8.99,-55.69,
84835,260.088112,46.240680,5.510,-29.83,40.92,
84846,260.115053,-29.364947,6.970,-11.39,-30.06,
84850,260.125751,44.192025,6.840,-8.01,41.77,
84855,260.139980,48.188799,6.360,207.18,-3.35,
84856,260.143316,-19.333399,6.500,-138.67,-142.80,
84862,260.164473,32.470272,5.380,135.40,-1040.55,
84880,260.206815,-12.846882,4.320,42.75,2.72,
84883,260.219164,-10.696355,6.460,51.86,-22.61,
84887,260.225910,24.499440,5.130,-19.36,-1.91,
84890,260.236326,66.562586,6.940,-7.74,56.02,
84893,260.250876,-21.112435,4.390,262.01,-204.74,
84905,260.279801,1.442396,6.950,-165.01,269.80,
84918,260.306196,-63.582154,6.860,-10.45,-21.65,
84920,260.311365,31.256877,6.900,-23.56,12.49,
84934,260.380130,28.758099,6.370,12.16,0.80,
84938,260.389360,16.731266,6.350,-6.46,-15.50,
84947,260.423262,-24.906009,6.360,-34.21,-38.49,
84949,260.431720,39.974808,5.550,5.67,-65.62,
84950,260.438960,53.420422,5.690,18.54,2.60,
84969,260.498062,-67.770650,4.760,-37.10,-7.78,
84970,260.502434,-24.999488,3.270,-8.84,-23.64,
84975,260.517157,5.000973,6.670,22.78,-64.22,
84979,260.524496,-70.123179,5.390,-1.73,-12.04,
84988,260.561902,-75.347534,7.000,-957.24,-253.38,
85007,260.615045,24.879837,6.880,62.67,-160.22,
85010,260.624087,-54.285424,6.810,62.06,-94.87,
85019,260.657933,-35.910933,6.420,88.18,96.20,
85020,260.663409,-37.804637,6.330,-1.48,0.13,
85035,260.693669,-45.614268,6.680,-2.81,-2.36,
85038,260.699766,-58.473042,6.750,-51.97,-83.67,
85042,260.713581,-2.387915,6.280,49.94,-107.54,
85048,260.728060,-37.220693,5.910,19.96,-38.37,
85049,260.730117,-58.010289,5.860,-5.59,-15.56,
85064,260.768374,-7.104455,6.940,38.05,-44.46,
85068,260.779636,-56.525556,5.760,7.48,3.75,
85079,260.817004,-47.468154,5.210,-6.66,-17.63,
85084,260.839962,-28.142760,5.300,0.37,-29.26,
85086,260.844427,57.011685,6.530,3.70,14.06,
85105,260.900895,-16.038285,6.650,19.86,-11.22,
85112,260.920720,37.145924,4.150,-38.58,9.19,
85116,260.934779,-58.665213,6.810,0.05,-8.80,
85139,260.990057,8.852587,5.770,4.22,-6.91,
85138,260.990106,-65.702104,6.640,-1.19,-12.72,
85147,261.004484,-62.864132,5.690,0.66,-8.95,
85149,261.009428,38.582696,6.480,-12.32,35.78,
85154,261.014615,-23.844303,6.670,1.05,-15.42,
85157,261.027562,22.960375,5.700,-43.53,-36.77,
85158,261.036432,-34.798003,6.920,-0.05,-182.99,
85162,261.054553,-44.162502,5.100,-6.87,-30.41,
85169,261.078317,-60.673769,5.760,0.52,-12.29,
85181,261.113056,36.951821,6.250,-25.17,44.63,
85185,261.131373,16.301076,5.750,12.58,-28.83,
85187,261.140815,15.606022,6.340,6.94,10.98,
85195,261.154294,-18.445743,6.340,14.72,-7.98,
85204,261.163651,32.670342,6.680,-0.94,15.00,
85207,261.175167,-21.441413,5.820,-14.94,-27.00,
85211,261.179598,-45.008328,6.660,-14.05,38.46,
85223,261.216856,-46.201927,6.750,7.36,-13.63,
85235,261.253756,67.306696,6.440,-531.00,3.65,
85237,261.261118,-34.696010,6.140,-2.00,-18.88,
85242,261.275942,-24.243712,6.170,21.64,11.90,
85250,261.306076,-34.429828,6.790,-1.25,-56.03,
85258,261.324988,-55.529824,2.840,-8.23,-24.71,
85259,261.328305,8.924803,6.680,-52.05,-55.58,
85267,261.348583,-56.377688,3.310,-0.77,-15.85,
85268,261.350595,52.790807,6.460,-90.90,-50.59,
85278,261.373519,-29.670623,6.820,-7.69,-21.06,
85289,261.420409,16.383889,6.640,-10.49,32.46,
85290,261.422348,60.048341,5.650,-8.10,23.57,
85302,261.476555,16.917538,6.090,-13.95,16.44,
85307,261.491000,-1.651904,6.440,61.73,52.24,
85308,261.495350,-49.734910,6.890,0.84,-4.57,
85311,261.497750,-6.581801,6.960,-1.24,-13.38,
85312,261.500122,-50.633532,5.190,15.80,9.18,
85313,261.503596,26.878685,6.380,7.88,20.28,
85317,261.520195,58.651862,6.490,-8.81,13.74,
85333,261.579207,7.595669,6.010,0.02,-7.82,
85340,261.592572,-24.175023,4.160,-1.97,-117.69,
85355,261.628665,4.140342,4.340,1.25,7.09,
85356,261.631525,0.822121,6.860,-5.76,2.59,
85363,261.650251,-62.922986,6.960,-13.26,-27.02,
85365,261.658063,-5.086492,4.530,-91.53,-42.75,
85379,261.684343,48.260072,5.830,0.22,-3.02,
85382,261.692355,34.695697,5.940,-27.61,43.04,
85385,261.704697,20.080938,5.520,0.16,16.11,
85389,261.716598,-45.842963,5.280,-6.43,-27.58,
85391,261.730433,-25.943397,6.420,-9.67,-26.79,
85393,261.734775,-51.948786,6.170,15.04,-13.52,
85397,261.758849,-12.512334,6.200,41.02,-63.37,
85405,261.791189,-15.853340,6.480,-6.12,-8.45,
85409,261.801920,-50.630366,5.900,3.04,-1.93,
85423,261.838600,-29.866699,4.280,14.38,-137.41,
85442,261.906488,-29.724490,5.980,-8.10,-31.72,
85445,261.922460,-37.185597,6.670,-5.37,-6.47,
85450,261.933622,8.442141,6.420,13.08,-42.11,
85467,261.978383,-47.026217,6.570,0.75,-0.61,
85470,261.990066,-52.297029,5.720,-15.57,-57.04,
85474,262.009948,-8.208059,6.370,-84.75,-129.61,
85480,262.032826,-63.036185,6.220,-9.86,-22.72,
85520,262.162132,-55.169665,5.930,3.08,-8.76,
85530,262.183279,-82.779596,6.640,-0.44,-1.67,
85537,262.207053,0.330577,5.410,-64.73,19.86,
85543,262.233706,-36.778268,5.980,-3.09,-5.04,
85549,262.253603,-43.973899,6.300,-3.50,-8.06,
85569,262.303851,-31.534286,6.990,1.36,-1.26,
85589,262.356656,-38.516943,6.380,22.92,9.59,
85598,262.370750,-61.763828,6.740,-13.98,-8.98,
85622,262.447363,-5.919323,6.360,-33.13,-64.40,
85641,262.523491,-33.716360,6.680,1.35,-2.45,
85661,262.583315,-4.369398,6.720,0.97,0.00,
85666,262.594362,11.923981,6.470,11.67,14.06,
85667,262.599465,-1.062504,5.310,-126.64,-172.00,
85668,262.603768,-66.869948,6.990,-1.48,-9.20,
85670,262.608237,52.301359,2.790,-15.59,11.57,
85682,262.641211,-43.226003,6.940,40.44,-27.40,
85683,262.646683,17.520471,6.910,-110.06,129.46,
85688,262.667535,38.882171,6.430,1.19,12.52,
85692,262.681501,57.876857,6.220,12.32,-13.83,
85693,262.684575,26.110605,4.410,18.39,16.78,
85696,262.690995,-37.295740,2.700,-4.19,-29.14,
85699,262.695708,86.968024,5.780,56.09,9.68,
85700,262.699856,-37.436910,6.890,-5.21,-25.60,
85715,262.730713,31.158101,5.630,3.81,15.59,
85727,262.774904,-60.683607,3.600,-53.65,-99.37,
85744,262.828009,19.522068,6.770,-22.57,-50.29,
85749,262.838938,2.724460,5.570,-19.25,19.22,
85751,262.847017,-56.920954,5.990,-0.85,-4.16,
85755,262.853962,-23.962580,4.780,4.91,-25.90,
85760,262.864471,-80.859028,5.830,-2.27,-43.34,
85781,262.927240,30.318139,6.910,-5.35,-120.28,
85783,262.934896,-26.269654,6.050,-2.83,-22.57,
85786,262.947352,-33.703081,6.430,-7.68,-31.45,
85788,262.954569,-46.036776,6.040,2.53,-2.62,
85790,262.956560,28.407436,5.660,7.46,25.64,
85792,262.960507,-49.875982,2.840,-31.27,-67.15,
85799,262.975565,16.824060,6.980,-35.90,-19.28,
85806,262.990488,0.042509,6.750,10.54,-5.43,
85805,262.991208,68.134702,5.070,-13.56,132.70,
85810,263.004841,34.270994,6.520,-239.65,62.73,
85819,263.043408,55.184111,4.890,148.53,54.24,
85822,263.053738,86.586329,4.350,10.54,53.97,
85826,263.061997,11.930007,6.420,2.69,16.32,
85829,263.066162,55.172807,4.860,143.71,62.46,
85839,263.102646,-34.279324,6.160,-11.58,-33.39,
85840,263.104815,26.439374,6.840,13.75,36.52,
85852,263.172285,74.227265,6.610,-66.82,37.07,
85875,263.245797,-17.495975,6.810,-5.90,14.01,
85888,263.280460,41.243600,5.720,-67.50,-62.08,
85889,263.280779,-41.173058,5.840,2.43,-3.60,
85895,263.297255,-58.557558,6.990,6.20,10.27,
85912,263.345175,19.256899,5.650,-29.48,-91.32,
85922,263.374457,-5.744572,5.610,-42.20,-95.38,
85923,263.381673,57.558709,6.150,6.64,5.08,
85927,263.402194,-37.103748,1.620,-8.90,-29.95,Shaula
85930,263.414133,16.317706,5.680,-5.67,-62.67,
85934,263.428194,14.841777,6.360,22.09,-73.53,
85967,263.544082,-45.006361,7.000,-1.55,-5.77,
85975,263.570378,-48.526884,6.320,-33.37,39.62,
85979,263.591641,13.161027,6.520,-0.55,-29.93,
85987,263.613491,16.504378,6.590,-4.51,-1.07,
85998,263.652878,9.586724,5.800,6.63,-9.77,
86011,263.677045,-32.581658,5.690,3.68,-1.68,
86016,263.689311,34.751390,6.940,-4.01,22.46,
86019,263.693122,-11.242007,5.540,3.02,3.24,
86032,263.733353,12.560576,2.080,110.08,-222.61,Rasalgethi
86036,263.746878,61.875831,5.230,277.38,-525.62,
86047,263.776169,-38.799537,6.760,-4.18,28.82,
86049,263.781154,-13.637783,6.870,-26.24,-31.19,
86060,263.827089,-22.043801,6.470,-3.25,-8.45,
86064,263.832964,-53.352884,6.090,-6.28,-18.27,
86088,263.895843,-59.846097,6.260,-4.26,-7.29,
86092,263.915047,-46.505591,4.560,-25.13,-38.32,
86096,263.926514,37.301587,6.130,9.44,3.00,
86097,263.927321,-6.120432,6.610,-1.06,41.41,
86098,263.929480,-37.439792,6.480,-9.17,-35.55,
86101,263.947745,19.843821,6.520,-54.62,-22.67,
86107,263.961610,12.046922,6.760,-4.28,10.67,
86118,263.998185,20.996278,6.110,6.71,-15.06,
86119,264.002702,-38.102112,6.940,-11.42,-51.16,
86130,264.033752,28.185020,6.400,1.70,29.56,
86153,264.089262,27.566807,6.370,-4.59,-69.36,
86170,264.136861,-38.634865,4.260,-18.47,-182.29,
86172,264.139036,13.259334,7.000,9.94,-46.76,
86178,264.153022,30.785193,6.040,30.58,-5.66,
86179,264.153286,13.813285,6.840,-0.12,4.41,
86182,264.156775,48.585479,5.350,31.75,64.13,
86184,264.166797,69.571259,6.330,-53.74,-217.54,
86201,264.237875,68.757189,4.770,1.34,321.05,
86219,264.286821,72.455757,5.870,24.06,15.34,
86227,264.319667,-49.244957,6.920,1.46,-13.54,
86228,264.329691,-42.997822,1.860,6.06,-0.95,
86246,264.362159,-38.066357,6.260,0.16,-2.76,
86248,264.363799,-50.059485,5.890,0.84,-89.48,
86254,264.379577,24.309969,5.760,-6.19,9.29,
86263,264.396772,-15.398408,3.540,-39.30,-61.27,
86266,264.400851,-15.571037,5.940,0.99,-0.64,
86284,264.461332,-8.118721,4.580,-11.70,-20.38,
86286,264.463392,-37.861077,6.680,-6.77,-131.09,
86290,264.477152,-59.432916,7.000,-1.36,-10.79,
86305,264.523193,-54.500070,5.250,-49.68,-149.54,
86311,264.535189,-42.880203,6.090,-4.66,-29.62,
86313,264.539637,-10.926247,5.740,-14.40,-8.61,
86317,264.549971,-28.046725,6.830,-6.86,-15.33,
86325,264.578810,36.747284,6.780,29.84,0.38,
86352,264.686956,-21.912625,6.190,-33.94,-13.69,
86362,264.706529,32.739389,6.580,-11.09,-11.56,
86373,264.741115,13.329156,6.120,-20.60,43.51,
86391,264.785327,2.028105,6.250,45.38,-22.53,
86400,264.820921,3.555478,6.530,-179.67,-98.24,
86404,264.835189,-29.530936,6.720,-2.99,-14.63,
86414,264.866218,46.006322,3.820,-7.17,3.97,
86422,264.877299,44.001188,6.880,-26.41,27.70,
86424,264.879867,3.392737,6.630,-0.36,-40.03,
86446,264.949839,49.779843,6.600,-11.79,5.17,
86462,264.989686,31.202443,6.050,-9.41,11.15,
86463,264.990426,-0.639213,6.510,-5.40,-13.57,
86468,265.004344,-32.201053,6.740,-2.28,-6.55,
86476,265.049777,-2.152276,6.080,-6.55,-10.32,
86482,265.075364,63.675011,6.790,5.56,144.99,
86486,265.098885,-49.415155,4.760,104.28,-177.67,
86499,265.150684,57.310260,6.790,-4.46,21.64,
86501,265.156317,43.470528,6.360,54.62,56.79,
86506,265.171782,31.287661,6.300,-59.41,-75.11,
86510,265.185705,-67.854121,6.480,-43.14,-20.85,
86527,265.243948,-32.214448,6.010,-2.03,-6.55,
86537,265.272906,24.513121,6.370,-18.35,54.84,
86546,265.295820,15.178388,6.340,-7.69,-4.83,
86550,265.307559,41.654911,7.000,-8.41,12.87,
86552,265.317632,-46.921811,5.780,10.77,-7.68,
86561,265.340855,51.818182,6.000,-28.54,-0.27,
86564,265.347339,67.151951,6.640,-8.43,22.01,
86565,265.353819,-12.875173,4.240,-72.16,-55.22,
86575,265.384686,6.313164,5.970,-2.97,-3.22,
86596,265.448815,21.501774,6.730,19.73,-124.65,
86599,265.457386,23.753453,6.960,-3.19,-6.22,
86611,265.482672,4.366819,6.960,13.96,-9.33,
86614,265.484613,72.149499,4.570,26.60,-269.77,
86620,265.491827,72.157576,5.810,34.97,-273.61,
86623,265.494326,15.952179,5.540,-6.99,103.01,
86624,265.495943,-33.503804,6.660,-0.17,-1.61,
86627,265.506648,27.645094,6.730,3.88,40.04,
86628,265.515074,-50.510667,6.280,2.19,-15.02,
86667,265.618322,24.564310,5.560,-55.19,-103.84,
86670,265.621999,-39.029921,2.390,-6.49,-25.55,
86677,265.646565,-4.849737,6.620,17.61,-9.90,
86679,265.653140,29.418905,6.640,-15.19,-0.51,
86698,265.712884,-36.945507,5.530,8.42,-23.50,
86713,265.773253,44.084236,6.380,-42.39,34.71,
86716,265.778603,-33.051275,6.440,-2.98,-5.48,
86725,265.823774,-27.883972,6.400,4.04,-3.72,
86728,265.828934,-57.723954,6.850,-3.20,-6.02,
86731,265.840162,24.327646,5.730,-116.66,72.26,
86732,265.841756,14.295100,6.220,1.24,28.02,
86736,265.857729,-21.683086,4.860,-97.93,-44.57,
86737,265.858325,-35.297659,6.920,-1.07,-0.77,
86742,265.868237,4.566917,2.760,-40.67,158.80,
86747,265.887889,-57.022124,6.640,-9.33,-11.58,
86751,265.896625,-32.662762,6.650,-0.56,-6.44,
86755,265.905302,-45.971303,6.920,7.81,-8.98,
86768,265.945936,-7.079582,6.300,-7.12,-10.39,
86769,265.951884,-13.508429,6.360,-71.14,-110.93,
86782,265.996513,53.801755,5.750,13.32,-16.35,
86791,266.017961,45.034663,6.750,0.34,16.16,
86792,266.023617,-38.805635,6.740,-12.91,-45.31,
86796,266.036321,-51.833588,5.120,-15.06,-191.17,
86808,266.071112,33.226132,6.980,-7.26,-4.00,
86809,266.071869,14.410031,6.180,-3.69,14.62,
86813,266.076555,13.783922,6.910,-1.23,19.87,
86815,266.082483,-72.221189,6.510,-8.81,109.43,
86819,266.099852,-22.194905,6.580,16.13,-0.06,
86831,266.142035,2.579408,6.160,7.21,13.64,
86835,266.147773,2.579096,6.670,5.15,12.83,
86847,266.175024,-42.729300,5.870,5.18,-0.97,
86850,266.182629,-46.042589,6.710,7.65,-8.62,
86859,266.207379,35.217637,6.620,-27.26,15.64,
86871,266.232683,-57.545510,5.970,18.09,-12.25,
86906,266.363519,11.144685,6.930,33.84,6.17,
86925,266.417631,31.504684,6.220,4.56,-2.27,
86929,266.433343,-64.723735,3.610,-11.08,-56.37,
86935,266.456695,-64.325237,6.930,6.75,-18.49,
86939,266.473835,38.881465,6.530,2.43,-33.03,
86943,266.486737,-48.934301,6.830,-0.18,-3.99,
86946,266.493520,39.322504,6.510,5.35,13.98,
86954,266.530522,5.530217,6.850,0.36,-7.16,
86969,266.603684,1.044350,6.640,-4.07,-0.10,
86974,266.615496,27.722499,3.420,-291.42,-750.00,
87001,266.669390,25.749256,6.970,-37.05,-43.23,
87024,266.721601,36.087544,6.550,11.25,-27.63,
87042,266.780397,-38.112097,6.410,-3.36,-27.60,
87043,266.780781,-59.994246,6.510,-11.20,-37.03,
87044,266.783497,17.697041,5.610,11.07,-11.19,
87045,266.783525,47.612223,6.470,-13.94,6.63,
87069,266.882799,18.889351,6.670,-3.34,2.71,
87072,266.890113,-27.830763,4.530,-3.62,-10.67,
87073,266.896171,-40.126982,2.990,0.44,-6.40,
87074,266.903303,-14.725781,5.930,-22.19,-17.58,
87099,266.940000,-22.477768,6.180,1.49,-9.45,
87102,266.948121,-34.310669,6.940,2.24,-4.51,
87105,266.966914,34.277882,6.610,-1.47,-3.79,
87108,266.973225,2.707459,3.750,-23.15,-75.12,
87114,266.986219,36.555163,6.510,20.26,-8.92,
87119,266.997367,47.583940,6.800,1.88,-32.25,
87150,267.084308,3.804198,6.220,14.59,7.04,
87158,267.103136,20.565427,5.690,25.03,5.52,
87163,267.115987,-26.974932,6.310,-1.17,-5.48,
87174,267.158683,-55.401827,6.090,-21.39,34.56,
87181,267.178071,-39.898787,6.980,2.15,-7.42,
87192,267.199495,19.254994,6.130,-8.84,9.13,
87194,267.204788,25.622962,5.090,-3.67,-38.51,
87210,267.259532,54.194299,6.600,2.28,35.65,
87211,267.266497,62.798666,6.700,-71.42,66.75,
87212,267.268058,50.780545,5.020,-51.89,218.15,
87220,267.293639,-31.703184,4.790,4.22,-7.89,
87223,267.322111,-30.597343,6.650,59.93,-42.81,
87224,267.329365,1.961226,6.440,-7.40,77.12,
87234,267.362237,76.962278,5.020,37.33,247.98,
87237,267.367064,68.688854,6.920,-7.75,70.82,
87261,267.464380,-37.043371,3.190,42.09,27.77,
87264,267.470864,-61.714659,6.410,5.47,-18.75,
87280,267.513890,48.394119,6.780,0.78,13.21,
87286,267.530687,-64.305139,6.570,-3.45,17.25,
87289,267.538594,9.848372,6.740,-28.77,-41.92,
87293,267.542087,78.306516,6.250,3.30,9.56,
87294,267.546292,-40.090428,4.780,3.63,-2.73,
87297,267.562487,25.290968,6.580,9.62,12.85,
87306,267.588146,-27.061562,6.960,-19.73,-44.29,
87308,267.595300,29.322027,5.510,30.88,47.88,
87312,267.606859,-61.924677,6.770,-53.45,23.85,
87314,267.618293,-53.612381,5.680,2.43,-10.42,
87319,267.631262,36.846118,6.890,-6.37,-0.45,
87335,267.681705,11.946629,6.190,-9.00,-33.26,
87341,267.701551,22.316381,6.140,16.75,-20.73,
87344,267.715733,-42.329967,6.690,-24.63,-63.57,
87352,267.738627,29.995807,6.780,-5.30,3.12,
87363,267.767429,8.530746,6.970,32.78,33.64,
87365,267.770361,5.228982,6.820,1.28,19.86,
87379,267.795962,-53.130270,6.090,15.79,0.65,
87381,267.802292,-30.556863,6.700,10.97,-2.68,
87382,267.808478,40.072439,6.550,-16.49,9.69,
87385,267.853580,74.569087,6.750,2.14,-1.70,
87386,267.857330,-53.838601,6.610,-15.29,-76.41,
87390,267.885721,-40.772328,5.940,-51.34,-55.00,
87393,267.897799,-60.164018,5.780,-0.14,-15.69,
87404,267.935630,-45.600687,6.090,11.16,-7.98,
87410,267.952118,-19.525013,6.800,8.46,-74.44,
87427,267.993604,15.326274,6.430,-6.88,40.23,
87428,267.997700,-1.236811,6.330,-3.25,2.44,
87430,268.000294,4.487298,6.700,-0.51,-0.39,
87434,268.003682,46.643856,6.370,30.21,-115.78,
87440,268.010694,24.304486,7.000,2.92,-9.27,
87445,268.019708,39.981964,6.010,-12.64,51.50,
87448,268.021692,1.111197,6.550,-7.41,-10.18,
87460,268.056913,-34.799184,5.880,3.29,-5.35,
87466,268.071145,-31.328114,6.970,-17.79,-17.07,
87472,268.082332,-34.416830,5.840,3.35,-4.86,
87478,268.105733,60.396271,6.860,-1.72,42.28,
87485,268.129940,16.900596,6.600,40.66,-34.18,
87491,268.147764,1.305050,5.910,-32.72,-14.91,
87494,268.154436,-5.262022,6.820,-12.19,-18.75,
87495,268.161266,-6.143565,6.180,-0.70,-5.09,
87516,268.205091,-34.114821,6.050,2.37,-4.83,
87522,268.216261,-56.154758,6.510,-3.27,-20.62,
87523,268.218634,-41.996059,6.190,141.81,-190.53,
87529,268.232370,-35.018879,6.550,2.76,-5.16,
87532,268.239993,-35.624183,6.030,9.28,-54.04,
87540,268.264637,-10.899489,6.170,43.55,-30.22,
87555,268.302018,-32.032342,6.790,2.08,-3.51,
87558,268.309416,6.101254,5.770,-127.82,69.89,
87559,268.314055,-5.928820,6.860,10.45,-30.98,
87560,268.316570,-34.620835,6.960,3.10,-4.92,
87563,268.325091,40.007837,5.170,7.85,50.36,
87564,268.325908,-65.488443,6.480,-22.87,-64.85,
87567,268.331578,-34.730792,6.140,1.65,-8.07,
87569,268.347794,-34.895110,5.580,2.38,-6.15,
87585,268.381790,56.872452,3.730,93.65,78.44,
87589,268.392546,-27.282653,6.880,17.05,3.37,
87616,268.478215,-34.752710,6.000,2.45,-4.70,
87624,268.492222,-34.831042,6.410,4.33,-4.59,
87633,268.515393,-1.619264,6.720,-11.27,-19.83,
87642,268.531497,-11.337532,6.510,8.41,-2.04,
87655,268.559205,11.130954,6.240,-70.81,-163.11,
87656,268.559907,-34.727634,6.880,3.20,-5.94,
87670,268.611441,75.171215,6.390,-12.52,38.11,
87671,268.613003,-34.466711,6.100,1.90,-4.62,
87675,268.618061,3.732197,6.570,6.92,-20.31,
87698,268.699509,-34.542154,6.950,1.38,-4.75,
87706,268.725178,-24.887089,6.180,1.29,-2.65,
87708,268.732157,-11.631920,6.960,8.12,41.09,
87710,268.740436,-7.733812,6.920,-54.52,-54.15,
87722,268.783454,-36.475633,6.050,2.88,-5.22,
87728,268.796408,72.005134,5.430,8.03,-2.92,
87730,268.799726,69.615622,6.860,16.35,-24.69,
87744,268.848407,55.971091,6.090,35.70,124.46,
87747,268.854942,26.049978,5.470,4.39,4.97,
87761,268.906279,2.074923,6.770,7.58,4.46,
87777,268.961716,22.464221,5.620,-2.11,-0.17,
87782,268.979007,-18.802105,6.480,13.03,-20.23,
87794,269.018532,-42.323239,6.780,5.21,-36.34,
87798,269.032813,-35.048890,6.740,2.94,-5.77,
87808,269.063244,37.250522,3.860,2.74,7.24,
87810,269.066984,-32.474989,6.590,3.69,-3.47,
87812,269.076679,0.670356,5.820,-3.72,-0.36,
87813,269.079339,-15.812361,5.930,-9.61,-66.17,
87819,269.088721,-21.955980,6.860,-8.13,-40.43,
87822,269.100734,-65.720964,6.360,84.63,-318.58,
87823,269.101721,18.327025,6.660,-1.83,-11.36,
87833,269.151574,51.488951,2.240,-8.52,-23.05,
87834,269.157573,18.612416,6.550,212.22,6.31,
87836,269.174246,-28.065349,5.760,31.86,-18.17,
87840,269.179151,44.987384,6.920,-5.37,-5.77,
87846,269.197607,-44.342199,4.850,-3.19,-19.50,
87847,269.198951,-4.081802,5.440,-5.52,-8.86,
87850,269.202144,45.350927,6.220,15.41,-31.48,
87853,269.208449,-32.688871,6.680,3.06,-4.58,
87865,269.232856,-40.305648,6.460,25.34,2.14,
87866,269.233185,6.487734,6.280,19.79,-1.65,
87875,269.267929,0.066687,5.950,20.54,-9.23,
87877,269.271186,45.855693,6.750,6.68,107.73,
87880,269.281081,-23.939240,6.520,-0.30,-3.09,
87883,269.287437,37.802884,6.870,-32.88,21.81,
87886,269.293364,-41.978405,6.740,2.80,-6.21,
87892,269.305075,-55.381188,6.550,-5.04,-24.67,
87895,269.309737,23.995710,6.320,-17.28,73.70,
87909,269.351252,33.400878,6.890,14.66,-16.55,
87910,269.362458,11.044568,6.330,-9.82,-10.33,
87924,269.420519,-39.101747,6.650,-5.78,-23.22,
87926,269.423676,-76.177946,6.080,1.16,-1.34,
87928,269.428075,-56.896223,6.260,-2.49,-11.71,
87933,269.440961,29.247925,3.700,82.33,-18.73,
87936,269.449194,-41.716258,4.880,-1.71,-15.14,
87939,269.462507,2.253551,6.950,0.28,1.84,
87944,269.485720,43.417116,6.830,-12.41,1.77,
87945,269.486449,-36.007911,6.760,9.90,-9.45,
87948,269.490824,-39.136467,6.280,-8.62,-23.20,
87958,269.520947,32.648131,6.660,-34.42,-28.43,
87998,269.625624,30.189269,4.410,-0.48,3.23,
88012,269.662709,-28.759076,5.990,-0.82,-5.21,
88017,269.668823,35.631872,7.000,22.88,7.23,
88020,269.676322,36.287916,6.030,6.61,-49.09,
88030,269.717942,45.476155,6.480,0.40,26.98,
88038,269.731997,-36.858409,5.740,12.10,13.51,
88040,269.738577,-22.517542,7.000,-2.18,-2.84,
88048,269.756657,-9.773350,3.320,-10.31,-116.12,
88060,269.771999,-30.253005,5.000,2.51,-8.30,
88063,269.793990,-38.573422,6.800,-6.87,-21.31,
88069,269.806090,-36.938819,6.920,10.74,-10.41,
88082,269.838167,-77.823953,6.740,21.81,8.19,
88101,269.903186,-4.820912,5.860,-2.50,-88.30,
88103,269.903683,43.235193,6.710,-5.90,75.50,
88109,269.920202,-41.487045,6.510,1.65,-4.68,
88116,269.948153,-23.816011,4.740,-5.40,-50.30,
88122,269.984180,45.501461,5.690,3.89,-34.03,
88125,270.000334,-20.339492,6.220,1.83,-23.40,
88127,270.014023,80.000524,6.110,54.58,130.47,
88128,270.014253,16.750945,4.670,-7.53,-10.61,
88132,270.030484,6.553938,6.780,1.72,-5.00,
88136,270.037778,80.003794,5.740,46.91,124.03,
88142,270.048036,-24.284184,6.640,25.34,-46.44,
88144,270.052663,8.856000,6.880,-25.31,-12.54,
88148,270.065256,0.629488,6.360,20.25,-2.03,
88149,270.065823,4.368647,4.790,1.78,-12.95,
88152,270.067377,-47.553774,6.700,11.12,-22.26,
88172,270.115226,19.505784,6.420,5.20,0.80,
88175,270.120502,-3.690161,4.620,154.17,-44.43,
88190,270.151573,33.213739,6.010,-4.12,-23.61,
88192,270.161315,2.931588,3.930,0.41,-8.22,
88213,270.220243,6.268311,6.360,0.89,-6.98,
88217,270.238759,15.093792,6.280,-50.98,-99.34,
88234,270.270620,47.403080,6.870,14.83,3.19,
88258,270.346343,-17.156852,6.270,-1.64,-6.68,
88267,270.376679,21.595688,4.260,7.55,38.79,
88270,270.382602,-38.082208,6.910,6.64,-5.29,
88274,270.392538,-85.214476,6.450,-4.48,-144.72,
88277,270.399534,33.311218,6.180,22.02,19.54,
88290,270.438290,1.305109,4.420,15.43,-13.61,
88294,270.451266,-36.377803,6.300,-7.38,-24.98,
88298,270.476587,-22.780291,5.720,-0.49,-2.95,
88328,270.594969,-60.137269,6.940,1.76,-14.04,
88331,270.596040,20.833648,5.250,-1.85,-6.91,
88342,270.618941,-3.157324,6.750,-39.55,25.19,
88346,270.625647,22.923243,6.220,-2.99,-5.45,
88349,270.628146,58.627207,6.860,-12.39,23.27,
88356,270.644479,30.555289,6.590,-27.25,91.59,
88362,270.655498,-20.737615,6.780,-0.17,-5.38,
88374,270.692788,-5.358046,6.740,4.17,-16.26,
88379,270.712234,75.790093,6.950,-11.64,40.97,
88380,270.712908,-24.282425,5.370,0.69,-17.70,
88384,270.726236,-27.826662,6.690,0.48,-3.00,
88396,270.757131,-22.718486,6.730,-0.59,-2.95,
88404,270.770461,-8.180258,4.770,15.11,-37.61,
88415,270.786975,48.464236,6.260,21.37,13.43,
88429,270.810689,19.613158,6.410,-4.40,-0.47,
88434,270.835719,19.555888,6.920,1.97,-5.68,
88454,270.890677,-66.538311,6.890,16.49,-28.59,
88469,270.968519,-24.360726,5.890,0.64,-1.71,
88471,270.972645,30.377892,6.790,-49.10,-273.07,
88474,270.975476,26.651391,6.930,31.74,-56.92,
88522,271.155655,1.919007,6.140,-0.06,-6.25,
88528,271.167493,23.942171,6.340,16.27,-70.55,
88531,271.178427,-59.209449,6.880,-198.46,-51.79,
88533,271.179910,40.084125,6.520,25.53,23.73,
88550,271.209957,-35.901360,5.980,-14.00,-33.55,
88563,271.251572,16.926676,6.970,-7.01,-5.81,
88565,271.253393,41.946051,6.380,-19.75,98.16,
88567,271.255094,-29.580076,4.660,4.03,-4.61,
88581,271.293956,-24.398563,6.860,2.11,-2.62,
88583,271.296520,66.945510,6.860,15.82,11.08,
88599,271.361431,-81.486449,6.370,28.45,-49.29,
88601,271.363387,2.502439,4.030,124.56,-962.66,
88604,271.375539,21.646620,6.180,11.94,1.69,
88606,271.378087,51.946938,6.840,18.43,59.37,
88614,271.387201,-37.471765,6.840,-27.46,-31.08,
88622,271.406143,4.657955,6.800,-30.66,-322.06,
88627,271.430421,12.003856,6.510,-2.48,-2.83,
88635,271.452186,-30.423650,2.980,-55.75,-181.53,
88636,271.456658,32.230722,5.720,19.10,-19.96,
88654,271.499699,57.359215,6.970,5.22,59.27,
88657,271.507953,22.218892,4.960,-13.33,-5.26,
88670,271.530837,-8.323915,5.840,-2.45,-16.72,
88671,271.531002,-0.446098,6.320,-21.49,-12.55,
88675,271.538388,-51.743889,6.460,3.21,-6.45,
88684,271.562973,-4.751178,5.740,142.64,-30.41,
88686,271.571030,24.413714,6.770,-7.96,-2.31,
88694,271.598513,-36.019808,5.940,105.44,7.99,
88702,271.623069,-58.570926,6.820,1.21,-5.87,
88714,271.657828,-50.091455,3.650,-8.43,-9.26,
88716,271.669182,64.221423,6.670,-31.56,2.62,
88726,271.707852,-43.424962,4.920,9.49,-104.72,
88728,271.711474,8.876305,6.960,38.71,-150.34,
88732,271.722803,50.822599,6.310,4.73,92.23,
88745,271.756698,30.561868,5.050,-100.93,111.70,
88754,271.776226,49.710393,6.320,0.60,19.82,
88760,271.797305,-21.443932,6.220,-0.26,-2.15,
88765,271.826476,8.733794,4.640,9.79,30.24,
88770,271.837438,2.481596,6.510,-2.45,29.87,
88771,271.837586,9.563653,3.710,-61.60,79.71,
88772,271.838308,15.916845,6.680,-7.45,-141.04,
88788,271.869743,43.462032,5.000,1.94,-58.00,
88794,271.885628,28.762470,3.840,-0.17,7.51,
88812,271.948244,9.848921,6.660,0.07,5.11,
88814,271.951456,13.071091,6.610,6.18,8.54,
88815,271.951561,-64.550037,6.400,-8.33,-57.38,
88816,271.951682,-17.154301,5.520,-103.48,58.14,
88817,271.956288,26.097267,5.790,-10.47,29.79,
88818,271.956510,26.101221,5.830,-1.92,24.37,
88836,272.009614,36.401716,5.490,-95.00,-186.09,
88839,272.020679,-28.457016,4.550,24.77,-31.59,
88841,272.030160,2.218671,6.610,10.68,-7.38,
88852,272.090819,44.112519,6.840,21.38,24.90,
88859,272.125460,-45.766973,6.130,-2.56,-17.39,
88862,272.140580,14.284717,6.340,-5.81,-0.48,
88866,272.144962,-63.668048,4.330,17.45,-207.64,
88876,272.160778,-21.449557,6.420,-0.95,-2.33,
88878,272.163489,-2.907433,6.750,15.51,3.71,
88886,272.189553,20.814572,4.370,-2.71,-6.20,
88898,272.218539,1.995536,6.990,-4.86,33.97,
88899,272.220243,20.045284,5.100,8.45,-21.05,
88900,272.220685,24.966643,6.720,-4.90,-7.82,
88905,272.225185,-25.473036,6.760,0.84,-8.94,
88907,272.227139,-29.992938,6.970,2.92,0.02,
88929,272.292425,30.469193,6.360,73.52,139.13,
88945,272.338888,29.951564,6.840,71.12,60.54,
88947,272.343759,-36.672518,6.530,-1.73,-5.92,
88964,272.391100,3.993287,5.710,50.07,-4.47,
88972,272.406883,38.458915,6.380,-316.17,-468.33,
88981,272.430713,-13.934427,6.380,14.61,-3.34,
89000,272.475023,3.120297,5.670,13.68,-193.49,
89006,272.489963,-59.040175,6.380,-25.57,-2.74,
89008,272.495776,36.466257,5.570,13.14,11.20,
89010,272.499843,-32.719271,6.390,1.25,-150.02,
89020,272.524189,-30.728597,5.530,12.57,-28.23,
89023,272.536369,16.476617,6.090,-1.65,-11.42,
89042,272.609415,-62.002768,5.470,-77.60,234.68,
89047,272.631384,54.285952,5.970,108.16,246.87,
89065,272.667870,3.324269,5.500,18.87,-5.34,
89082,272.708359,44.598334,6.820,2.29,-16.72,
89086,272.730610,-33.800068,6.130,1.13,-0.73,
89096,272.768364,-47.513048,6.070,-2.92,-29.98,
89097,272.771754,-25.762335,6.670,2.29,11.19,
89099,272.773068,-41.359020,5.860,32.46,-38.30,
89104,272.779841,60.409521,6.500,-6.36,4.43,
89112,272.807401,-45.954327,4.520,-16.28,-37.26,
89114,272.811613,-19.841883,6.330,-3.75,-30.85,
89115,272.815674,-75.890794,5.860,16.71,-294.43,
89133,272.862232,-5.204996,6.740,2.36,-2.65,
89139,272.883266,25.561157,6.780,-6.20,14.80,
89143,272.896551,48.289640,6.650,-13.64,-54.69,
89152,272.930001,-55.361650,6.780,-7.02,-23.59,
89153,272.930533,-23.701168,4.960,7.82,-27.75,
89156,272.937965,33.447027,5.980,13.52,12.14,
89172,272.975695,31.405288,4.960,-14.46,25.21,
89178,272.992294,-28.901518,6.510,18.42,-7.07,
89198,273.046108,33.291725,6.940,1.53,-8.30,
89230,273.134138,24.451643,6.980,14.06,8.18,
89234,273.142358,-73.671779,5.860,-54.84,-262.65,
89242,273.168146,2.812812,6.680,3.36,-1.88,
89246,273.177595,41.146947,6.360,-10.10,-43.99,
89255,273.216797,22.825112,6.970,7.99,-31.60,
89264,273.234359,-50.558642,6.510,-1.68,-79.33,
89277,273.265987,2.980618,6.820,-8.39,-6.91,
89279,273.270099,38.773475,6.040,-6.68,7.54,
89288,273.291628,-4.011663,6.590,16.34,22.49,
89290,273.302915,-41.336096,5.470,-3.29,-5.94,
89294,273.315308,16.273278,6.770,-25.18,-43.54,
89298,273.318866,21.880209,6.140,61.39,50.64,
89309,273.354749,11.884289,6.880,-11.78,-5.03,
89330,273.405563,-31.967315,6.790,-2.95,-7.95,
89335,273.420131,-41.126707,7.000,49.45,-51.99,
89341,273.440870,-21.058830,3.840,1.72,-1.39,
89342,273.447851,-46.312460,6.820,0.15,-52.46,
89345,273.452953,-43.204300,6.940,-12.74,-14.92,
89347,273.467590,2.393492,6.430,-1.39,-11.19,
89348,273.472327,64.397199,4.990,351.62,36.05,
89362,273.532212,28.216485,6.840,-11.89,-39.67,
89369,273.566292,-21.713107,5.490,-15.00,-23.40,
89370,273.568149,-63.689541,6.470,-26.31,-57.99,
89382,273.600509,-70.751177,6.700,-5.31,-15.22,
89401,273.670895,56.588178,6.660,-15.78,24.72,
89408,273.683299,29.207890,6.510,11.79,-240.17,
89420,273.734212,49.158124,6.830,2.34,76.70,
89429,273.771282,-29.822961,6.810,1.30,-18.52,
89439,273.803773,-20.728267,5.290,2.90,-1.26,
89440,273.804038,-20.387969,5.960,2.83,-1.90,
89446,273.815954,54.140932,6.830,-38.89,-98.95,
89448,273.821037,68.755965,5.960,17.17,-63.73,
89460,273.861156,-48.851631,6.580,-1.89,21.23,
89463,273.863832,-34.594503,6.920,-7.14,-11.10,
89465,273.869524,86.657684,6.510,-5.60,27.77,
89470,273.878182,-18.661572,6.050,0.53,-2.15,
89474,273.885531,45.209596,6.300,-76.98,-114.40,
89482,273.911581,42.159343,5.560,-2.93,0.95,
89486,273.917434,-33.091528,6.940,-1.62,-16.51,
89487,273.919430,-63.055308,5.580,-35.71,-23.95,
89502,273.962102,-36.573756,6.940,-0.74,-2.20,
89505,273.972211,30.399835,6.760,32.31,11.83,
89507,273.972473,-44.206496,5.450,69.29,14.67,
89512,273.991377,-3.617984,6.350,-0.50,-3.52,
89527,274.023232,2.377586,6.100,-6.83,-28.61,
89530,274.029477,-56.650829,6.910,-9.65,-39.45,
89567,274.147361,-20.544465,6.890,7.51,-9.52,
89570,274.154536,48.105250,6.900,-19.16,-22.75,
89587,274.221212,-3.006737,5.990,18.11,-273.27,
89592,274.239558,-27.715605,6.660,-3.40,-112.18,
89594,274.244888,68.741690,6.790,-19.79,-95.85,
89597,274.253827,-51.068244,6.060,0.91,-10.85,
89601,274.270195,1.005801,6.620,-9.97,-28.04,
89604,274.278951,40.936572,6.120,-174.25,63.60,
89605,274.281406,-56.023320,5.360,-5.36,-12.99,
89609,274.298455,-17.373852,5.810,-1.78,-14.18,
89617,274.323923,-38.177699,6.690,0.17,-3.74,
89620,274.348603,-28.288607,6.360,132.39,-151.56,
89622,274.350331,-28.652030,6.180,10.55,-14.41,
89623,274.350660,-9.758465,6.290,4.82,-46.41,
89630,274.368986,-18.463447,6.520,0.34,-1.00,
89637,274.401038,-34.107235,6.030,-5.30,-9.31,
89641,274.407130,-15.430710,6.720,0.78,-0.10,
89642,274.407205,-36.761281,3.100,-129.27,-166.61,
89659,274.463055,-18.798498,6.740,3.91,-0.01,
89674,274.503986,-68.229216,6.320,0.44,-16.97,
89677,274.512268,13.777055,6.290,-2.83,-7.22,
89678,274.513283,-27.042635,4.660,4.48,-2.76,
89684,274.532147,18.131684,6.240,-3.17,2.61,
89683,274.532175,23.296936,6.450,11.88,-11.96,
89694,274.574768,46.407122,7.000,40.93,-25.99,
89698,274.584923,-54.332411,6.910,3.63,-10.56,
89700,274.602253,12.980431,6.760,-1.52,-0.21,
89708,274.626962,-34.686103,6.930,-3.44,-5.12,
89726,274.667310,-42.288385,6.300,3.77,-5.80,
89731,274.674009,-25.604716,6.510,-3.84,-30.44,
89770,274.784798,71.517764,6.680,-59.86,36.85,
89772,274.789847,7.259762,5.410,-45.38,1.96,
89773,274.794477,24.446046,5.300,8.40,5.41,
89777,274.817925,15.826046,6.980,22.11,-2.19,
89805,274.916993,-63.885891,6.170,38.89,-276.16,
89807,274.919046,67.435024,6.920,2.43,18.40,
89808,274.922301,-45.698823,6.840,-77.95,-135.28,
89823,274.958867,-17.750791,6.960,-1.79,-4.50,
89826,274.965505,36.064447,4.330,-16.14,41.32,
89827,274.966964,29.666383,6.010,-2.46,3.56,
89835,274.983731,51.347948,6.300,-36.22,-51.42,
89840,275.007151,-48.765175,6.560,-3.60,-27.54,
89844,275.016609,-9.595178,6.920,-92.15,-224.16,
89846,275.021402,-7.981304,6.540,31.18,-10.16,
89851,275.036535,-15.831603,5.390,40.03,-38.66,
89859,275.070083,-35.428679,6.870,-4.52,-6.41,
89861,275.074598,21.961441,4.920,17.51,-59.29,
89872,275.089070,-56.215654,6.940,23.27,-10.33,
89878,275.105531,28.983539,6.610,-0.95,-5.07,
89898,275.161116,22.797432,6.800,-1.02,-6.28,
89902,275.175658,-59.839873,6.990,26.06,-4.22,
89908,275.189338,71.337727,4.220,-5.91,35.79,
89912,275.205121,27.530073,6.990,40.83,106.26,
89918,275.216925,3.377145,4.850,1.71,8.45,
89920,275.229954,-37.487631,6.460,-1.66,-7.27,
89925,275.237373,29.858794,5.610,0.69,54.10,
89931,275.248423,-29.828039,2.720,29.96,-26.38,
89935,275.254240,28.869835,5.120,4.01,48.81,
89936,275.255771,-43.774887,6.650,-16.91,21.12,
89938,275.259507,-15.230670,6.940,3.83,-5.21,
89937,275.259746,72.733698,3.550,531.08,-351.59,
89943,275.279779,49.725409,6.390,0.66,23.51,
89954,275.301692,-26.085124,6.910,2.15,3.60,
89955,275.310086,-39.021701,6.770,-16.74,-20.91,
89960,275.318550,-30.941428,6.990,-2.34,-20.46,
89962,275.328836,-2.897122,3.230,-547.57,-700.72,
89968,275.345785,-18.859984,5.760,-2.76,-6.48,
89975,275.365696,25.056765,6.990,3.74,5.19,
89977,275.368345,5.435746,6.140,-3.12,-8.05,
89978,275.372861,51.301144,6.650,-7.96,-21.96,
89980,275.380684,-24.915271,6.190,4.44,-2.15,
89981,275.386187,49.121469,5.020,-24.18,51.06,
89999,275.451857,21.507789,6.830,-1.68,-6.59,
90012,275.500554,-28.429954,6.150,6.98,-3.51,
90023,275.536222,23.284987,5.410,11.61,77.88,
90031,275.549106,51.541935,6.840,16.12,-12.53,
90037,275.577517,-38.656825,5.090,-42.28,-28.28,
90052,275.647138,12.029644,5.990,8.90,14.61,
90067,275.704149,17.826577,5.250,72.52,16.06,
90074,275.721158,-36.669493,5.330,-1.69,-25.97,
90083,275.758767,-10.218929,6.320,9.22,-22.24,
90086,275.762236,16.688034,6.220,-11.28,-14.12,
90089,275.768640,-60.749163,6.800,-6.05,-18.74,
90096,275.800698,-12.014708,5.710,-8.14,-19.62,
90098,275.806752,-61.493905,4.350,0.53,1.70,
90111,275.831085,14.700066,6.740,-9.22,-10.12,
90124,275.870088,-36.238000,5.520,7.61,5.34,
90133,275.901826,-75.044326,5.470,4.48,20.06,
90135,275.914808,-8.934510,4.660,51.89,52.29,
90139,275.924028,21.770342,3.850,195.54,-242.92,
90140,275.933615,38.345074,6.920,-9.62,17.51,
90146,275.949812,53.300863,6.350,23.59,-10.67,
90156,275.977704,58.800585,4.980,-37.64,62.08,
90163,275.988644,38.739177,6.410,7.79,13.64,
90170,275.999768,43.907743,6.630,18.53,-3.82,
90174,276.014991,-3.583042,6.360,-16.78,-47.43,
90176,276.023438,20.452251,6.750,-21.20,50.80,
90179,276.035613,79.222544,6.540,-12.92,63.26,
90182,276.038252,83.175457,6.160,18.39,-23.40,
90185,276.043110,-34.384315,1.790,-39.61,-124.05,Kaus Australis
90187,276.045602,42.466952,6.650,4.26,-19.92,
90191,276.057507,39.507250,5.110,-21.31,-4.56,
90200,276.076003,-44.110201,5.240,1.11,-22.55,
90223,276.137951,-49.652514,6.450,33.03,-150.18,
90238,276.175204,-7.075873,6.280,134.90,-26.17,
90253,276.238355,-1.579403,6.150,6.05,-4.10,
90256,276.243585,27.394818,6.270,1.65,-14.35,
90260,276.256303,-30.756401,5.580,-127.97,-69.59,
90271,276.286982,5.084554,6.730,-1.59,5.70,
90274,276.292252,64.838270,6.840,-19.52,61.55,
90281,276.313302,-13.978408,6.610,2.24,-3.63,
90282,276.319859,-57.095469,6.850,27.56,-15.36,
90289,276.337648,-20.541609,4.810,8.26,-28.72,
90290,276.340409,-35.992031,6.140,-34.70,2.24,
90295,276.366155,22.706813,6.800,-1.92,-6.00,
90304,276.381789,-63.021287,6.130,0.57,-101.87,
90313,276.411672,8.032024,5.640,-4.24,-7.39,
90336,276.477526,-33.945692,6.300,-1.58,-10.88,
90337,276.480143,14.966280,6.370,-7.60,-19.85,
90342,276.494882,29.828990,5.810,23.23,-24.45,
90344,276.495783,65.563546,4.820,106.52,-27.07,
90347,276.514004,0.780481,6.870,17.38,5.87,
90361,276.581829,26.227731,6.890,-2.00,-4.80,
90397,276.670010,-30.393181,6.750,26.70,-62.70,
90398,276.670530,26.449231,6.500,1.66,-6.19,
90414,276.725038,-48.117109,5.440,3.74,-55.09,
90422,276.743459,-45.968329,3.490,-16.68,-53.33,
90437,276.786932,-8.040431,6.500,2.53,10.05,
90441,276.802125,0.196130,5.200,-2.64,-8.79,
90459,276.880367,-15.373702,6.950,47.13,31.43,
90476,276.925386,59.549018,6.430,45.76,38.51,
90478,276.932336,-26.634755,6.310,-9.10,-36.94,
90483,276.941206,24.697378,6.940,6.03,13.28,
90485,276.956185,-29.816902,5.900,-0.84,15.16,
90487,276.959675,3.748590,6.070,-1.97,-8.09,
90494,276.985339,-17.800350,6.190,-2.73,-2.91,
90496,276.992790,-25.421247,2.820,-44.81,-186.29,
90497,276.994891,6.194160,5.710,-1.25,-23.26,
90510,277.025716,-26.757158,6.280,-8.64,-35.91,
90509,277.026443,-84.387234,6.490,13.15,-9.13,
90513,277.029557,-22.999682,6.960,6.08,19.05,
90541,277.112975,-38.995570,5.630,-0.21,-41.67,
90549,277.145349,-77.366074,6.840,16.33,-65.23,
90568,277.207233,-49.070031,4.100,137.90,-229.14,
90576,277.238991,-26.582059,6.680,-4.49,-7.65,
90595,277.299383,-14.565805,4.670,3.07,-3.48,
90596,277.299695,-29.259419,6.880,0.08,-46.93,
90597,277.303634,-43.845992,6.360,0.79,21.96,
90604,277.319957,-38.851266,6.630,0.54,-15.22,
90606,277.333420,-80.232554,5.950,-23.34,-63.39,
90609,277.336928,17.983949,6.780,-1.69,-11.51,
90610,277.341612,-25.256589,6.630,-0.22,-7.33,
90637,277.398793,23.866206,5.870,0.05,-1.95,
90642,277.420677,-1.985226,5.380,29.75,-33.81,
90647,277.437349,77.547070,5.650,1.59,-0.70,
90651,277.444779,-14.582023,6.020,21.87,15.08,
90662,277.482989,-47.220513,5.690,29.59,-13.41,
90664,277.486154,-57.523083,5.740,56.44,-24.91,
90665,277.488069,10.482884,6.910,-6.44,51.90,
90676,277.521334,4.065367,6.660,-0.08,-5.59,
90687,277.549346,-18.728574,5.630,33.67,-90.48,
90692,277.559573,-5.724128,6.270,-2.22,-16.89,
90713,277.621501,-23.250635,6.990,-2.12,-3.28,
90720,277.636871,40.975814,6.990,-0.45,-17.95,
90728,277.671560,4.510846,6.950,-11.03,-4.52,
90729,277.673505,20.815687,6.490,16.29,-263.84,
90743,277.734565,-48.014762,6.600,-54.89,-20.63,
90759,277.762297,-41.913757,6.020,-2.99,-31.45,
90762,277.768619,16.928606,5.760,-33.04,-20.79,
90763,277.770188,-32.989001,5.370,-1.48,-46.53,
90775,277.797772,-36.809230,6.980,40.80,2.75,
90780,277.812134,65.435854,6.600,-11.94,69.85,
90790,277.829359,-18.908339,6.810,-140.13,-194.59,
90797,277.843444,-62.278191,4.630,-0.96,-45.59,
90804,277.857054,-10.795793,5.770,1.67,-17.60,
90806,277.859586,-18.402645,5.120,-6.98,-21.43,
90830,277.939317,-45.914744,4.920,-3.77,-28.80,
90836,277.972222,-19.125057,6.590,-4.15,-6.05,
90842,277.984266,-43.507364,5.710,-1.04,-7.50,
90844,277.987452,-1.002966,5.930,10.03,-4.63,
90853,278.008101,-45.757354,5.070,1.26,-11.55,
90858,278.028679,3.659595,6.410,9.22,3.24,
90865,278.047430,52.115532,6.580,-4.51,1.78,
90882,278.078383,67.776893,6.660,-12.40,-11.48,
90884,278.086072,-14.644217,6.360,-3.15,-21.05,
90886,278.087361,45.774382,6.960,-0.68,7.31,
90887,278.088778,-39.703909,5.160,31.98,-37.62,
90900,278.121537,-18.972640,6.970,-1.23,-6.95,
90904,278.138639,-35.349577,6.950,-1.00,-13.15,
90905,278.143843,57.045616,4.770,0.32,-7.09,
90908,278.157771,46.092530,6.690,6.38,7.83,
90913,278.180509,-14.865654,5.470,0.15,-3.37,
90915,278.192279,23.616776,5.880,13.32,10.21,
90923,278.208120,30.554181,5.470,13.40,11.61,
90930,278.230540,-73.965384,5.880,6.89,-87.25,
90936,278.253545,-39.891827,6.220,86.32,-80.29,
90939,278.258425,-16.560190,6.970,4.47,0.79,
90948,278.285178,40.532315,6.930,29.77,5.35,
90950,278.292074,-18.368367,6.790,-1.64,-7.58,
90953,278.310029,-24.109519,6.810,0.99,-7.57,
90955,278.311070,18.915732,6.830,0.08,-73.49,
90967,278.344643,-5.911649,6.360,-11.04,-28.17,
90970,278.346000,30.892106,6.550,-1.28,-7.02,
90969,278.346167,-38.720003,6.310,10.02,-12.51,
90968,278.346389,-38.725933,5.670,-0.60,-21.79,
90971,278.347096,8.268273,6.420,-0.86,-9.12,
90981,278.372686,-58.708532,6.400,23.92,-104.06,
90982,278.375667,-42.312459,4.620,32.48,-21.03,
90991,278.412517,-14.853591,5.740,27.26,-9.49,
90999,278.448593,46.219121,6.730,1.07,12.64,
91004,278.472866,-24.032265,5.490,-2.99,-7.10,
91013,278.486244,52.353510,5.380,-3.26,3.03,
91014,278.490687,-33.016533,5.280,2.35,-11.19,
91035,278.560330,-66.279260,6.760,3.03,-9.75,
91041,278.581527,20.466425,6.570,6.27,-5.64,
91042,278.582047,29.741979,6.640,46.27,-86.62,
91050,278.605359,-54.087981,6.720,-11.06,-31.50,
91054,278.613608,-34.815754,6.910,14.63,16.78,
91061,278.628745,51.782328,6.510,-40.36,-26.63,
91062,278.629728,-52.891419,6.210,-16.99,-41.99,
91066,278.636505,-24.222389,6.530,-1.19,-1.50,
91084,278.674924,-50.721693,6.790,-5.70,-4.99,
91090,278.697875,10.892001,6.480,6.87,3.78,
91093,278.723423,-52.387351,6.830,37.59,-63.72,
91105,278.759848,-10.977194,5.120,49.10,-5.04,
91117,278.801824,-8.243308,3.850,-18.98,-314.63,
91118,278.802456,18.203392,5.790,21.25,7.46,
91119,278.806261,34.458001,6.100,2.83,8.41,
91132,278.838801,-20.840439,6.490,28.68,-1.39,
91135,278.848698,-19.268506,6.770,32.60,-11.69,
91137,278.860715,-32.890767,6.860,7.11,4.42,
91139,278.876645,23.605529,5.620,3.31,0.73,
91142,278.901982,4.936061,6.470,30.70,-29.84,
91149,278.931492,-29.937523,6.910,1.91,1.39,
91159,278.971636,16.975870,6.210,49.09,-71.19,
91163,278.978100,72.380216,6.810,24.25,17.83,
91172,278.998506,-29.699080,6.360,4.60,-9.93,
91185,279.032670,-6.742018,6.950,-2.26,-17.49,
91192,279.049974,41.278074,6.920,3.29,12.91,
91196,279.055190,65.488514,6.070,20.28,83.43,
91200,279.062456,30.584667,6.680,-5.86,30.63,
91217,279.115984,9.122817,5.380,-6.29,-133.88,
91220,279.120834,4.955080,6.730,0.57,-18.24,
91234,279.154286,22.107604,6.760,-8.72,-8.60,
91235,279.155624,33.469037,5.410,-9.01,-0.39,
91237,279.162886,6.672156,5.430,-30.62,-144.29,
91245,279.172661,-56.226792,6.940,-6.94,-76.05,
91247,279.175481,15.448037,6.750,-5.23,21.13,
91250,279.189716,43.221841,6.210,21.91,-10.77,
91259,279.225277,3.789878,6.600,-8.35,5.04,
91262,279.234108,38.782993,0.030,201.02,287.46,Vega
91273,279.263672,-28.512732,6.780,4.94,-135.42,
91279,279.287710,16.198177,6.310,14.71,48.58,
91281,279.289272,0.951085,6.880,12.41,22.23,
91286,279.302609,11.421525,6.570,-10.95,-7.84,
91292,279.315303,-40.803571,6.960,-14.14,-29.79,
91297,279.335555,11.355836,6.880,10.33,5.00,
91298,279.349656,77.686773,6.940,10.65,19.01,
91301,279.357470,-47.074542,6.880,-1.35,-11.93,
91306,279.369963,29.584648,6.700,-26.47,88.54,
91308,279.373920,-2.920042,6.740,8.40,5.24,
91314,279.386949,-12.349761,6.950,-41.56,-46.04,
91315,279.389630,62.526463,5.740,-8.40,52.56,
91322,279.399810,-0.309424,5.760,11.74,-19.83,
91337,279.439440,-4.806910,6.770,-5.34,46.21,
91338,279.451875,5.883469,6.680,4.46,-1.30,
91343,279.464864,-17.231281,6.780,2.73,-1.83,
91347,279.476782,-21.397565,5.930,-2.57,-65.66,
91355,279.487856,-2.590469,6.900,15.72,-24.26,
91361,279.499739,28.629935,6.920,-1.06,3.20,
91369,279.518670,-14.004762,6.490,-0.63,-7.79,
91373,279.526966,39.668305,6.020,6.69,8.60,
91384,279.579263,-1.112989,6.640,-38.80,0.71,
91394,279.599147,-3.193722,6.490,6.47,33.59,
91396,279.601015,63.532827,6.850,-20.54,16.26,
91397,279.601330,60.710925,6.650,1.52,54.67,
91405,279.627981,-23.504846,5.780,-0.53,-19.60,
91406,279.631662,-48.720705,6.540,12.84,-30.11,
91408,279.643316,15.083668,6.780,3.04,7.91,
91418,279.666060,4.854907,6.710,-7.27,-47.65,
91424,279.674474,-30.027895,6.840,-4.08,-3.77,
91436,279.713623,52.343947,6.920,6.85,-5.28,
91438,279.722697,-21.051502,5.850,-74.88,-151.87,
91446,279.758630,-23.182082,6.710,-1.23,-2.77,
91461,279.809462,-47.909804,5.840,26.39,14.85,
91466,279.824484,-34.166282,6.650,0.56,-15.25,
91469,279.830652,59.528041,6.920,3.67,-1.56,
91491,279.887606,40.935062,6.250,14.79,-1.26,
91494,279.896603,-43.185776,5.420,-31.47,-42.22,
91499,279.903649,5.264282,6.360,1.74,2.02,
91512,279.949233,-58.869208,6.750,-24.81,4.18,
91523,279.964994,7.358710,6.260,-2.13,-45.82,
91525,279.970039,52.196024,6.000,5.44,21.39,
91527,279.973659,-20.071202,6.670,36.86,-35.80,
91532,280.001668,-7.790708,5.820,-21.13,-37.30,
91533,280.008057,30.849388,6.430,-13.18,34.23,
91552,280.050773,38.367179,6.450,19.27,6.81,
91565,280.087609,-58.779870,7.000,-3.76,-12.17,
91568,280.090662,26.130862,6.850,1.09,3.99,
91571,280.094206,8.868468,6.930,-3.36,-6.75,
91589,280.182880,-47.027274,6.800,-8.25,11.43,
91606,280.234990,62.749335,6.100,9.36,53.87,
91635,280.317208,30.290850,6.910,1.83,-40.15,
91636,280.318157,30.294700,6.790,1.83,-40.15,
91647,280.337719,-50.472550,6.540,-35.38,-44.33,
91659,280.368778,12.236534,6.830,13.00,5.05,
91662,280.377895,-48.094407,6.470,-16.02,-114.52,
91665,280.393492,-3.118486,6.690,57.83,2.50,
91674,280.420458,40.717928,6.640,20.39,-38.92,
91675,280.422108,31.617597,6.410,8.30,6.31,
91677,280.426917,-14.564242,6.400,1.49,-0.78,
91689,280.465043,-23.833355,6.220,30.77,-28.05,
91707,280.533696,34.746316,6.490,-0.17,-3.66,
91723,280.559839,-81.808073,6.270,14.62,-16.78,
91726,280.568426,-9.052554,4.700,7.87,2.02,
91728,280.574539,-7.337321,6.910,18.58,-0.26,
91732,280.593855,-47.760891,6.600,-46.04,-30.94,
91733,280.594289,-64.642975,6.350,-3.22,-28.75,
91751,280.650506,-7.073632,6.130,-6.83,-8.97,
91752,280.653999,15.199414,6.910,-5.99,-11.42,
91755,280.658151,55.539400,5.030,-2.65,23.36,
91758,280.665869,-15.521871,6.950,10.01,-42.24,
91775,280.710866,47.575144,6.950,32.89,35.21,
91781,280.729613,-19.284128,6.320,-12.59,-33.33,
91792,280.758891,-71.427729,4.010,1.25,-158.29,
91795,280.763202,-78.066263,6.770,21.85,1.62,
91811,280.793098,70.792862,6.280,5.61,-5.30,
91820,280.819046,39.300082,6.450,-0.70,-6.44,
91843,280.870866,53.871797,6.180,5.71,-12.30,
91845,280.880168,-8.275243,4.880,21.29,11.58,
91847,280.881780,-11.337009,6.950,11.62,-1.27,
91852,280.900392,36.556465,6.040,21.54,57.61,
91854,280.905495,-64.551311,5.760,14.53,-46.80,
91875,280.945588,-38.323311,5.110,1.12,-53.81,
91880,280.963404,-6.818012,6.300,29.30,-44.08,
91882,280.964554,10.901143,6.560,7.16,-0.83,
91883,280.965059,31.926919,5.680,-33.00,-126.13,
91887,280.976569,47.616303,6.680,14.77,-38.96,
91898,281.021466,38.533046,6.540,-8.45,15.19,
91901,281.033048,-36.718234,6.310,23.95,-41.75,
91903,281.036558,-19.317883,6.740,-11.91,12.01,
91915,281.076105,61.048096,6.020,0.12,19.41,
91918,281.080665,-35.641921,4.860,1.21,-26.98,
91919,281.084739,39.669977,4.670,10.55,60.23,
91926,281.094899,39.612596,4.590,5.83,51.83,
91958,281.167857,23.590091,6.300,16.54,-85.61,
91960,281.170168,-6.536134,6.710,0.23,-1.01,
91971,281.193066,37.605050,4.340,29.26,26.57,
91973,281.200791,37.594565,5.730,19.23,20.65,
91974,281.206680,-25.010863,5.820,-1.21,-20.86,
91975,281.208054,2.060075,5.020,8.80,-15.06,
91985,281.230792,54.897189,6.260,9.77,-1.94,
91987,281.232973,-0.373392,6.890,0.91,-17.35,
91989,281.238124,-39.686173,5.400,8.61,-6.29,
91992,281.246839,-39.749685,6.750,-15.20,-178.22,
92008,281.297910,-61.095139,6.040,24.25,-23.55,
92016,281.327673,-21.001546,6.350,26.75,-28.35,
92017,281.328036,-35.856630,6.570,-1.41,-55.48,
92021,281.349693,-56.881919,6.220,-41.74,-20.91,
92024,281.361901,-64.870898,4.780,32.67,-148.72,
92027,281.368150,5.500123,5.820,15.54,1.96,
92032,281.380049,19.969899,6.580,0.87,-1.45,
92036,281.398395,21.984678,6.530,5.87,1.70,
92039,281.404782,-48.264047,6.810,11.46,1.68,
92040,281.408587,79.942509,6.400,12.45,67.60,
92041,281.413971,-26.990779,3.170,51.15,0.45,
92043,281.415547,20.547124,4.190,-9.25,-335.65,
92047,281.422829,15.725398,6.690,20.22,6.50,
92056,281.444819,74.085354,5.250,5.13,81.98,
92062,281.463854,-10.492766,6.950,3.84,-9.04,
92072,281.483308,-50.872678,6.240,1.96,-15.20,
92079,281.504798,-19.606370,6.340,-7.51,5.25,
92085,281.514675,-42.566338,6.930,39.04,-11.57,
92086,281.516006,-27.499062,6.610,23.93,26.06,
92088,281.518617,26.662071,4.830,18.68,24.39,
92089,281.518775,18.487850,6.960,-1.89,-6.03,
92094,281.537354,-44.223009,6.770,26.89,-44.43,
92098,281.554203,41.441811,6.060,0.98,-0.14,
92103,281.565831,-72.813371,6.840,-53.41,-79.45,
92111,281.585785,-22.392184,5.370,32.04,3.45,
92112,281.592766,75.433797,5.370,-12.19,68.62,
92117,281.619095,-0.961640,5.890,20.00,-21.79,
92126,281.652807,-8.119750,6.990,20.13,2.44,
92130,281.664286,-39.730860,6.880,-11.38,-24.21,
92131,281.672301,18.705967,6.180,15.76,-24.69,
92133,281.679492,52.987970,5.910,10.13,-3.99,
92136,281.680517,-10.125039,5.690,0.37,-3.91,
92142,281.696948,-29.631559,6.830,-33.79,-35.73,
92156,281.746106,46.314960,6.520,4.05,-15.64,
92157,281.746267,-50.094535,6.540,4.08,-41.67,
92161,281.755093,18.181230,4.340,83.74,119.01,
92175,281.793656,-4.747829,4.220,-7.71,-15.89,
92191,281.833095,16.908535,6.800,-2.35,-9.08,
92199,281.851379,-49.630453,6.920,-3.93,-30.91,
92202,281.870734,-5.705071,5.380,-44.09,-31.36,
92219,281.917149,49.074829,6.670,16.58,12.11,
92226,281.935831,-40.406122,5.200,24.64,-18.57,
92233,281.955019,-77.868613,6.390,-26.52,149.49,
92235,281.968045,-20.274501,6.920,-1.53,-3.53,
92243,281.989054,31.756845,6.060,0.10,-3.85,
92246,281.996563,-16.776432,6.940,-0.95,-5.91,
92254,282.011118,4.241387,6.200,-4.94,14.28,
92262,282.049349,-14.708257,6.860,-61.14,-42.86,
92266,282.055822,-19.198889,6.870,0.92,-7.08,
92268,282.061513,-33.908146,6.940,12.55,-20.38,
92269,282.067046,48.767438,6.120,-18.44,48.70,
92270,282.068278,23.514765,6.190,25.30,-6.78,
92275,282.090541,-37.013467,6.940,47.98,-19.85,
92279,282.094384,15.394145,6.940,-1.71,-4.37,
92291,282.151084,45.261553,6.970,29.51,84.03,
92294,282.158158,-65.077489,5.710,-38.07,-78.20,
92296,282.164532,-6.004389,6.490,8.29,31.96,
92301,282.189214,-18.601156,6.460,1.34,2.61,
92308,282.210294,-43.679997,5.460,24.39,-20.84,
92312,282.222401,19.328771,5.890,15.96,-21.00,
92319,282.231787,24.055885,6.550,-1.41,-5.63,
92329,282.262928,-32.710429,6.690,-13.50,4.79,
92336,282.284257,83.905125,6.860,6.09,-25.41,
92343,282.305747,27.720142,6.980,-8.13,8.34,
92346,282.309550,25.046583,6.740,-6.18,-6.36,
92350,282.321425,-34.748895,6.590,34.43,-109.00,
92352,282.336114,43.734290,6.540,3.44,41.04,
92359,282.349939,33.700825,7.000,-7.06,32.28,
92367,282.363673,-45.810239,5.800,74.90,57.31,
92382,282.395825,-43.434040,5.600,-2.88,-25.39,
92384,282.397328,-19.142337,6.770,-3.41,-1.98,
92386,282.404936,0.836236,6.240,13.75,-15.77,
92390,282.417114,-20.324740,5.220,-1.82,34.70,
92391,282.420646,-5.912834,5.990,0.23,-11.69,
92393,282.426965,15.934562,6.680,2.56,-7.67,
92394,282.431985,-72.995713,6.040,2.07,-4.11,
92396,282.433666,31.629462,6.640,8.09,-0.58,
92398,282.441303,32.812833,5.930,1.87,-5.19,
92405,282.470520,32.551089,5.220,-11.76,-12.76,
92420,282.519975,33.362678,3.520,1.10,-4.46,
92426,282.536838,-3.622499,6.930,5.40,-70.57,
92436,282.575443,60.837514,6.690,-19.34,15.63,
92442,282.583469,-7.907608,6.820,8.63,-3.72,
92449,282.602235,24.106690,6.850,-10.99,10.92,
92450,282.606955,7.458343,6.880,-4.38,-43.79,
92456,282.629888,-13.572243,6.480,-5.41,-8.02,
92475,282.689779,10.976377,6.370,7.51,6.35,
92480,282.710423,-22.162105,6.290,-17.10,-35.31,
92488,282.743771,-9.774102,5.820,6.33,2.54,
92487,282.744363,-41.062678,6.500,4.85,-3.69,
92491,282.749470,-20.295218,6.840,-0.58,-4.93,
92501,282.772664,-3.260996,6.890,-47.87,-59.25,
92508,282.786393,-39.174888,6.980,13.16,7.22,
92512,282.800028,59.388289,4.630,77.56,25.43,
92521,282.832842,-17.154283,6.870,2.22,0.24,
92524,282.842322,-3.317805,6.080,0.60,-21.29,
92549,282.895839,52.974521,5.510,-65.14,245.24,
92550,282.899545,28.783659,6.220,0.93,4.73,
92551,282.902171,36.539099,6.100,-5.19,-2.84,
92593,283.008029,13.965667,6.190,-5.65,-8.32,
92594,283.009220,59.667018,6.960,-5.77,7.25,
92599,283.030221,41.383247,6.280,-4.18,-1.52,
92602,283.034780,-21.921411,6.580,44.25,-47.76,
92603,283.036791,-44.536387,7.000,-32.48,-22.48,
92608,283.049773,-41.709121,6.470,-8.87,-30.45,
92609,283.054319,-62.187561,4.220,-1.33,-13.53,
92614,283.068469,21.425166,5.430,-7.25,-10.12,
92620,283.077620,14.535558,6.550,12.19,-25.46,
92630,283.113358,-46.595119,5.510,29.04,0.14,
92635,283.117987,-26.650622,6.280,-3.25,-60.99,
92643,283.154355,-29.379563,6.120,0.17,-46.64,
92646,283.165026,-52.107138,5.180,38.43,-95.69,
92649,283.173700,-30.734019,6.640,-0.73,-17.58,
92669,283.249571,-46.586356,6.170,4.59,11.16,
92672,283.253739,71.787192,6.970,3.49,13.76,
92674,283.257481,-9.575558,6.270,22.50,15.50,
92676,283.259842,-48.360727,6.170,-17.27,-76.36,
92682,283.277196,-18.636777,6.770,3.83,-24.95,
92687,283.300001,-51.931408,6.300,1.21,-12.16,
92689,283.306422,50.708289,4.920,4.54,-27.75,
92690,283.306563,-73.629620,6.930,1.25,-19.62,
92700,283.327084,40.995146,6.600,-15.51,18.86,
92713,283.368773,42.902622,6.610,27.35,-4.01,
92717,283.388313,75.787323,6.330,9.25,20.08,
92723,283.420645,-31.991963,6.800,11.35,-14.64,
92728,283.431494,36.971728,5.580,1.49,-2.60,
92731,283.442861,57.486595,6.240,21.46,-15.60,
92733,283.452525,-19.797088,6.980,-0.91,-16.49,
92738,283.474138,82.369974,6.890,18.61,21.45,
92747,283.500377,-21.359796,5.680,2.02,-20.25,
92750,283.506711,-47.274284,6.890,-8.73,-37.45,
92761,283.542397,-22.744820,4.860,2.95,-5.70,
92768,283.555217,27.909701,5.640,-7.54,-71.21,
92779,283.591338,10.808313,6.540,12.00,8.54,
92782,283.599026,71.297090,4.820,48.59,42.11,
92788,283.621270,-45.486259,6.650,3.98,-3.73,
92791,283.626203,36.898605,4.220,-6.73,3.26,
92799,283.635164,-49.879006,6.580,-0.12,-27.98,
92800,283.636890,20.615306,6.850,2.48,-2.64,
92814,283.679647,-15.603022,5.080,-2.38,-5.64,
92818,283.687005,22.645074,4.570,6.40,1.03,
92822,283.696539,48.859724,5.840,-49.54,-132.66,
92824,283.698535,-87.605515,5.290,-36.69,-135.22,
92831,283.717409,41.602728,5.460,-1.37,-2.30,
92833,283.718837,33.968580,5.990,-5.60,-1.78,
92845,283.779467,-22.671253,5.000,110.34,-30.79,
92855,283.816320,-26.296594,2.050,13.87,-52.65,
92862,283.833688,43.945893,4.080,19.94,80.60,
92866,283.848136,-37.386602,6.480,7.62,-0.55,
92869,283.856898,40.177149,6.830,0.44,1.34,
92870,283.857993,-29.213103,6.740,5.94,-1.86,
92872,283.864343,6.615506,5.580,6.02,-88.83,
92879,283.876514,14.385019,6.620,65.69,-18.45,
92882,283.879258,-16.376188,5.560,-26.33,-183.97,
92891,283.898766,42.060176,6.550,17.62,42.78,
92901,283.938151,7.175652,6.700,-22.33,-38.37,
92902,283.940382,-56.423373,6.770,8.68,-0.54,
92920,283.973089,35.810571,6.670,-18.66,-7.46,
92926,283.988088,44.228309,6.920,15.05,27.53,
92928,283.999949,-80.727865,6.570,9.19,-8.32,
92931,284.002803,-23.173718,5.910,-1.70,-13.69,
92934,284.015838,17.995354,6.640,-2.12,-5.88,
92937,284.025626,18.105799,5.690,-47.38,-160.08,
92946,284.054835,4.203530,4.620,37.69,26.98,
92950,284.059918,-18.709414,6.630,-1.54,-17.71,
92951,284.060887,4.202057,4.980,52.42,31.17,
92953,284.070719,-42.710602,5.350,-27.03,-30.48,
92963,284.094423,-1.799815,6.200,-2.93,-19.71,
92968,284.106655,2.471204,6.140,12.82,-5.61,
92969,284.107253,65.258154,5.620,-15.79,-28.94,
92972,284.113462,-31.689002,6.450,8.80,-9.48,
92977,284.133504,-48.992171,6.650,-6.95,-35.09,
92984,284.154891,4.265334,6.710,-1.75,-85.05,
92986,284.158218,28.198780,6.960,8.52,58.29,
92989,284.168711,-37.343183,5.360,8.79,-23.68,
92997,284.187831,57.814995,5.670,-26.37,-59.39,
93012,284.227915,-62.801918,6.470,3.41,5.45,
93015,284.237669,-67.233535,4.400,-7.83,16.65,
93017,284.256123,32.901624,5.200,202.85,-143.97,
93026,284.265142,-5.846214,4.830,60.77,-40.90,
93042,284.294039,36.469864,6.700,-2.23,0.79,
93049,284.309630,-43.916945,6.270,-0.13,-27.60,
93051,284.319139,2.535377,5.560,-4.70,-12.53,
93053,284.322232,62.396872,6.500,5.86,-40.72,
93057,284.335324,-20.656334,5.020,-1.58,-4.75,
93068,284.368589,58.224916,6.470,16.42,45.04,
93073,284.388431,32.989531,6.910,3.09,13.71,
93074,284.393303,-39.823286,6.290,2.49,37.17,
93085,284.432416,-21.106624,3.520,34.91,-12.33,
93097,284.488653,77.050981,6.560,-38.12,-64.44,
93104,284.507924,38.266183,5.890,-5.25,2.13,
93117,284.541789,-83.422167,6.350,16.90,-13.03,
93118,284.544845,-20.423748,6.930,4.26,-4.85,
93124,284.561447,17.360936,5.330,0.08,-9.98,
93132,284.585416,-24.876852,6.620,10.64,-2.56,
93134,284.588799,-31.035856,6.090,-46.95,-48.81,
93138,284.598794,6.240189,6.220,-9.40,-107.16,
93140,284.603456,-22.529526,6.140,1.36,13.40,
93148,284.615647,-52.938607,4.850,11.53,-8.81,
93151,284.618112,-64.001309,6.940,68.95,-68.25,
93161,284.641132,60.667248,6.910,8.15,29.44,
93163,284.652478,-60.200629,5.140,-125.01,32.47,
93171,284.672477,20.623179,6.740,0.04,-5.00,
93174,284.681142,-37.107089,4.830,-132.25,-110.45,
93175,284.687736,19.794400,6.520,-2.24,-3.14,
93177,284.694112,40.679195,6.200,1.51,-0.35,
93179,284.695515,13.906773,5.910,0.94,-51.42,
93185,284.712356,30.180172,6.800,56.25,194.66,
93187,284.719248,69.531263,6.520,4.59,11.72,
93188,284.720818,-48.505913,6.630,1.87,-4.07,
93194,284.735936,32.689553,3.250,-2.76,1.77,
93197,284.747488,50.809126,6.320,0.53,7.15,
93201,284.761049,33.117233,6.980,8.50,-7.29,
93203,284.773870,13.622549,5.270,19.49,-124.92,
93204,284.773968,43.720983,6.860,2.26,14.50,
93209,284.795693,-39.534636,6.490,-3.83,-31.53,
93210,284.801217,39.217324,6.430,-0.16,-1.17,
93218,284.822253,10.141012,6.750,1.37,-3.10,
93225,284.849177,-12.840462,5.510,-1.05,-22.44,
93224,284.849251,-19.279289,6.520,1.37,-28.65,
93234,284.861581,-18.566388,6.370,-0.62,-18.62,
93233,284.861631,-75.390065,6.700,28.99,-5.89,
93238,284.871979,-70.468367,6.490,-3.89,-117.69,
93244,284.905788,15.068478,4.020,-52.68,-73.81,
93256,284.939286,26.230432,5.260,85.85,-11.33,
93270,284.992164,22.814492,6.280,-16.17,9.52,
93272,284.993515,-71.932580,6.800,19.01,-22.73,
93275,284.995858,26.965673,6.800,-5.95,-3.60,
93279,285.003423,32.145491,4.940,6.13,9.75,
93287,285.014777,-66.653514,5.980,12.33,-42.60,
93295,285.048926,-60.203683,6.880,-0.42,-9.95,
93299,285.056962,50.533459,5.390,7.05,3.15,
93309,285.079418,40.684037,6.530,1.81,-15.44,
93314,285.101850,33.741835,6.800,7.06,-3.58,
93315,285.103245,-24.942271,6.350,55.54,41.20,
93340,285.181113,55.658319,5.510,-11.73,-7.36,
93350,285.209032,42.252883,6.820,-11.93,-142.52,
93354,285.229990,33.802150,6.040,5.64,3.11,
93368,285.263547,-37.060851,6.730,-5.11,-19.11,
93371,285.267923,-37.061504,6.440,-4.72,-20.88,
93372,285.270648,-62.865277,6.780,10.85,2.12,
93374,285.272625,19.309613,6.470,8.07,-3.19,
93381,285.289609,-4.438987,6.890,-5.82,7.23,
93385,285.305356,2.033186,6.920,-4.85,13.44,
93393,285.322322,26.291433,5.690,-0.74,-9.10,
93397,285.330466,29.518895,6.820,11.38,5.51,
93404,285.343958,20.832856,6.780,-0.82,-6.15,
93408,285.359832,46.935022,5.000,13.58,-86.10,
93418,285.389662,-15.282614,6.310,-5.29,-1.25,
93419,285.395434,25.025932,6.740,-1.09,2.94,
93423,285.407242,-22.695366,6.250,3.90,0.65,
93429,285.420172,-5.739018,4.020,-24.15,-39.73,
93437,285.451538,33.621260,6.390,0.40,-1.00,
93438,285.452504,12.540976,6.830,2.38,-11.04,
93443,285.455930,22.264377,6.440,12.57,14.40,
93453,285.489997,19.124795,6.940,73.83,31.89,
93462,285.520810,60.128413,6.870,5.58,23.38,
93466,285.529336,52.261137,6.350,-7.47,-32.73,
93470,285.535403,-41.910480,6.210,30.51,-10.21,
93488,285.589838,8.373529,6.250,9.69,3.96,
93498,285.615379,-24.846395,5.630,-22.90,-177.32,
93499,285.629433,62.705494,6.860,-4.06,1.92,
93502,285.642258,-10.721745,6.640,4.37,-12.99,
93506,285.653014,-29.880114,2.600,-14.10,3.66,
93509,285.658172,14.567014,6.880,165.90,-2.07,
93523,285.719238,19.661014,6.110,6.31,-1.53,
93526,285.727050,-3.699004,5.400,11.33,6.98,
93537,285.765848,-19.245658,5.960,2.63,-11.42,
93542,285.778469,-42.094994,4.740,55.74,-45.33,
93543,285.779123,-19.103016,6.370,12.62,-3.52,
93546,285.793823,-47.051038,6.860,4.42,-118.50,
93551,285.823421,-5.559056,6.910,3.01,1.56,
93552,285.823693,-38.253182,5.730,13.31,14.51,
93553,285.824465,25.826121,6.970,-0.74,-2.00,
93557,285.830576,0.576179,6.700,-9.01,-11.22,
93574,285.873679,-68.755533,5.890,-20.83,-4.46,
93580,285.884329,1.818935,5.820,23.71,-68.65,
93589,285.897733,2.545735,6.910,14.71,2.63,
93603,285.926979,21.268352,6.610,15.04,-0.70,
93624,285.989674,-51.018245,5.930,40.42,-147.68,
93629,286.004167,-57.959972,6.300,16.33,4.01,
93632,286.008056,16.463441,6.940,-14.30,-54.72,
93637,286.025429,-63.784661,6.960,10.99,-12.55,
93645,286.040336,17.555912,6.930,127.29,73.87,
93647,286.044577,3.330517,6.720,19.52,16.83,
93649,286.059156,-22.896506,6.730,-4.34,-4.50,
93656,286.065523,43.880376,6.990,-0.17,15.20,
93666,286.100632,-5.684843,6.480,6.15,0.07,
93667,286.104396,-31.047033,5.490,2.95,-19.17,
93682,286.166367,-48.403837,6.660,28.86,-27.86,
93683,286.170558,-21.741355,3.760,76.26,-58.08,
93705,286.219181,19.144235,6.570,-1.78,19.45,
93708,286.221295,15.735993,7.000,0.25,-1.73,
93713,286.229873,53.396603,5.400,-4.15,21.02,
93716,286.234901,-4.040782,7.000,0.24,-37.93,
93717,286.240248,-4.031355,5.400,20.76,-26.73,
93718,286.240931,31.744257,5.630,75.55,-76.41,
93720,286.242800,30.733448,6.070,21.82,-21.53,
93732,286.285602,9.642138,6.880,1.44,-4.17,
93733,286.291024,49.923153,6.450,-7.37,5.44,
93743,286.327403,-1.512226,6.510,-15.89,9.47,
93747,286.352552,13.863710,2.990,-7.04,-95.31,
93763,286.421581,-15.660393,5.930,0.74,-10.36,
93770,286.446379,29.921702,6.320,-4.33,-11.40,
93772,286.448748,6.546996,6.750,7.39,-75.76,
93801,286.544818,-9.632186,6.630,3.53,-9.64,
93805,286.562291,-4.882335,3.430,-19.68,-90.37,
93808,286.570978,41.413786,6.510,1.19,-2.42,
93815,286.583019,-52.340630,5.170,30.63,-115.20,
93822,286.595968,7.155495,6.710,11.60,43.68,
93825,286.604332,-37.062757,4.230,96.93,-279.67,
93836,286.646311,-1.346110,6.840,6.86,-9.08,
93843,286.657017,28.628390,5.530,75.83,84.43,
93845,286.659837,24.250758,5.780,58.30,14.37,
93855,286.717158,-16.229236,6.000,-1.28,-16.61,
93858,286.719180,-37.809767,6.150,-187.66,-366.77,
93860,286.728396,-50.323067,6.290,-3.00,-31.65,
93862,286.731647,-48.299115,5.950,12.70,-12.30,
93864,286.735176,-27.669814,3.320,-50.79,-250.51,
93866,286.742880,-22.497594,6.870,0.58,-8.98,
93867,286.744181,11.071305,5.070,-0.27,-31.47,
93887,286.784696,-18.738128,6.280,-2.00,-17.70,
93892,286.787641,0.641006,6.550,-8.34,-11.22,
93903,286.825540,36.100168,5.250,-0.64,-4.28,
93917,286.856231,32.501660,5.200,123.23,32.08,
93925,286.878505,-28.636782,6.050,-0.03,-7.67,
93966,286.988675,16.854125,6.080,65.61,-304.46,
93972,287.004017,-7.847783,6.860,-15.32,-34.06,
93974,287.008210,24.726030,6.590,13.54,2.21,
93975,287.014561,21.698745,6.220,45.27,75.28,
93993,287.060662,-24.657348,6.300,6.07,-8.86,
93996,287.069580,-19.290286,5.560,5.27,-1.14,
94005,287.087221,-40.496638,4.570,48.05,-26.84,
94013,287.107853,52.425864,5.880,-100.41,-54.95,
94023,287.139009,50.363842,6.920,-3.13,10.51,
94027,287.147600,14.435263,6.640,-0.97,-17.01,
94030,287.157064,24.179304,6.700,1.00,1.52,
94034,287.167598,16.851559,6.650,-30.85,-102.39,
94040,287.184191,-18.952791,6.570,21.38,1.87,
94041,287.185210,-23.190251,6.660,-4.58,-13.95,
94045,287.195283,-25.079324,6.860,-3.69,-1.08,
94052,287.216445,30.301006,6.780,6.99,-6.79,
94053,287.217667,-2.287237,6.580,11.53,19.87,
94054,287.217776,-55.720144,6.440,58.45,-115.62,
94062,287.237827,-18.682681,6.960,-6.12,-13.36,
94064,287.241718,11.293585,6.650,-16.30,-18.43,
94067,287.248645,14.780399,6.740,22.87,48.31,
94068,287.249656,6.073397,5.230,-9.02,-78.34,
94076,287.268127,34.599978,6.700,47.12,194.51,
94083,287.290619,76.560793,5.110,51.63,-119.80,
94104,287.346375,30.566272,6.920,-3.22,0.41,
94114,287.367826,-37.904240,4.110,85.73,-96.65,
94124,287.401537,-36.164778,6.540,-7.71,-12.45,
94130,287.415664,-39.827185,6.440,-4.88,-21.70,
94136,287.432474,-27.114349,6.850,-16.17,-27.56,
94140,287.440839,65.978443,6.260,3.95,28.69,
94141,287.440974,-21.023525,2.880,-1.17,-36.83,
94142,287.441979,37.794280,6.830,-5.33,-28.07,
94144,287.450551,-19.803456,6.110,24.01,-82.87,
94149,287.464970,-0.428098,6.340,2.67,-6.34,
94150,287.469260,-68.424344,5.310,154.94,-42.59,
94156,287.484802,35.661008,6.550,-1.88,-2.82,
94157,287.490225,-41.892229,5.860,-0.17,-11.02,
94160,287.507302,-39.340707,4.100,5.89,-36.78,
94168,287.534452,-71.548551,6.640,-1.60,9.21,
94184,287.614928,-30.006960,6.520,70.32,-65.50,
94208,287.686587,-76.404368,6.940,-92.36,-126.79,
94236,287.742702,-6.621808,6.840,21.22,-20.45,
94241,287.755263,-7.427424,6.740,-32.90,-42.83,
94243,287.757943,-39.004682,6.340,-0.25,-9.45,
94272,287.828353,-29.502241,6.280,14.64,-21.15,
94280,287.846480,40.429158,6.200,8.81,-25.75,
94290,287.879007,26.735949,6.350,33.02,-31.94,
94302,287.918838,56.859096,5.130,48.09,48.00,
94311,287.941713,31.283464,5.930,-3.17,-3.16,
94331,288.013661,2.622617,6.940,-3.30,-10.44,
94336,288.021731,49.854238,5.850,-205.02,624.33,
94344,288.040738,-37.583091,6.550,5.47,-5.95,
94351,288.065445,47.374993,6.540,3.69,-1.21,
94366,288.101492,36.182205,6.950,5.86,9.59,
94372,288.116747,-21.658328,6.390,31.83,-22.34,
94376,288.138146,67.661317,3.070,94.49,92.30,
94377,288.143556,16.846448,6.730,2.18,-11.64,
94382,288.153018,21.554560,6.020,14.51,4.79,
94385,288.169599,-7.939501,5.350,12.69,-7.06,
94398,288.192072,-50.486317,6.120,44.73,-42.12,
94434,288.306957,-25.906764,5.790,-2.11,-9.21,
94436,288.314102,15.035642,6.700,-3.25,-2.96,
94437,288.314649,-12.282510,5.510,12.51,-30.44,
94460,288.389422,-62.922404,6.590,-43.32,-71.88,
94477,288.427915,2.293714,5.140,5.78,-2.58,
94478,288.433425,5.515638,6.470,7.51,-13.44,
94481,288.439536,39.145970,4.430,-1.59,-0.61,
94485,288.472453,25.758815,6.980,-1.11,1.78,
94490,288.479853,57.705255,5.000,-17.10,-63.15,
94505,288.516292,67.115536,6.860,2.96,9.63,
94510,288.536526,-22.060605,6.980,2.72,-13.35,
94521,288.566641,-8.719028,6.540,41.37,-27.46,
94524,288.576115,11.712779,6.770,1.09,-3.16,
94528,288.585344,55.940355,6.740,17.79,15.94,
94548,288.651690,-29.831198,6.880,18.82,-5.35,
94556,288.664674,-45.193431,5.910,48.12,-39.61,
94564,288.686296,6.048555,6.920,0.52,-2.13,
94576,288.709069,31.860301,6.610,46.93,19.95,
94592,288.745186,27.961084,6.910,6.24,4.98,
94593,288.753199,-48.962658,6.840,18.52,4.93,
94598,288.761202,20.203150,6.030,4.02,-11.20,
94604,288.782955,83.462729,6.500,12.36,7.02,
94620,288.822247,21.232099,5.650,36.38,7.82,
94623,288.829928,50.071118,6.270,-6.87,3.79,
94624,288.833707,15.083679,5.580,1.04,-11.17,
94627,288.842838,-6.049789,6.630,17.50,10.49,
94630,288.853483,30.526445,5.880,35.18,-26.23,
94643,288.884988,-25.256607,4.860,47.56,-31.16,
94645,288.888143,-24.179105,6.250,114.78,-101.81,
94648,288.888724,73.355215,4.450,-116.60,104.25,
94646,288.889041,18.516328,6.460,-10.49,10.06,
94651,288.897522,-36.949304,6.960,2.61,-25.03,
94659,288.932281,40.360036,6.970,-70.46,-46.64,
94677,288.983813,31.035726,6.790,-80.19,-92.95,
94679,288.987332,27.455935,6.540,4.02,-4.48,
94680,288.990186,31.240859,6.820,-3.06,-8.74,
94685,288.997861,27.926300,6.180,5.08,0.70,
94703,289.054332,21.390443,4.760,0.73,-6.12,
94712,289.090600,-45.466063,5.380,-2.03,12.08,
94713,289.092064,38.133728,4.350,-0.49,1.23,
94714,289.093311,-75.800052,6.610,6.79,-20.25,
94720,289.111594,14.544615,5.650,9.15,0.22,
94724,289.119169,-69.190755,6.250,7.00,-28.72,
94727,289.129262,4.834821,5.590,14.77,-10.42,
94730,289.136501,-33.522316,6.580,10.33,-0.41,
94733,289.144511,6.596690,6.680,10.21,-8.35,
94735,289.152741,-52.437733,6.760,17.97,-29.94,
94755,289.214145,46.998393,6.020,-10.10,291.80,
94757,289.217177,-10.971799,6.930,153.89,9.86,
94760,289.221187,63.207439,6.930,27.61,-16.06,
94767,289.242131,-67.166665,6.900,8.23,-32.18,
94770,289.252192,-65.227644,6.420,-4.02,-24.00,
94779,289.275458,53.368161,3.800,60.22,122.93,
94781,289.287810,39.028566,6.930,26.96,24.81,
94789,289.300917,-66.661038,5.520,8.89,-4.33,
94799,289.333207,39.121125,6.570,11.21,-18.47,
94812,289.382680,21.813863,6.890,32.66,-6.68,
94820,289.408690,-18.952882,4.880,-10.05,-10.64,
94823,289.416436,-15.967093,6.620,22.13,-18.33,
94822,289.416628,22.441233,6.820,1.06,-9.87,
94827,289.431814,23.025549,5.460,1.49,-3.69,
94833,289.450767,2.031796,6.190,2.70,-28.20,
94834,289.454160,11.595391,5.280,0.25,12.62,
94852,289.503554,31.021840,6.690,10.19,9.39,
94858,289.540654,-53.386888,6.360,24.65,-81.41,
94859,289.545593,-18.863768,7.000,0.36,-15.58,
94883,289.630301,0.423384,6.720,28.98,33.02,
94885,289.635370,1.085085,5.100,11.24,17.87,
94890,289.657718,49.569347,6.320,21.18,44.91,
94899,289.673226,-56.144654,6.810,-29.92,-16.79,
94910,289.701701,19.610476,6.500,-0.29,0.44,
94913,289.712225,0.339001,6.400,16.97,9.21,
94916,289.719798,9.618162,6.310,2.86,-37.46,
94921,289.733237,73.550745,6.950,13.30,62.46,
94923,289.742115,40.360439,6.880,7.66,7.05,
94926,289.746167,-33.278012,6.940,-32.17,-112.65,
94929,289.750626,-15.535886,6.090,-88.85,-281.33,
94932,289.754785,37.445313,6.250,5.56,13.75,
94934,289.765623,33.388894,6.600,-13.43,-34.16,
94937,289.773572,27.261312,6.770,10.07,-5.73,
94940,289.789949,-15.908330,6.860,11.16,-5.11,
94956,289.840950,-36.894440,6.910,-127.83,-36.01,
94962,289.865425,31.966329,6.830,-1.93,-2.92,
94969,289.882878,22.570760,6.950,6.43,-5.85,
94974,289.901757,54.376057,6.230,16.51,-28.46,
94975,289.905845,-51.572504,6.570,22.90,-40.84,
94981,289.912681,37.330985,6.290,-62.18,-183.08,
94982,289.913940,12.374639,5.530,4.28,16.69,
94986,289.916621,-35.421425,5.590,7.04,-11.14,
94993,289.942253,64.390788,6.520,-1.07,8.69,
95002,289.971002,11.534911,6.030,42.44,22.14,
95021,290.011658,-6.627972,6.760,5.09,-15.11,
95038,290.066684,57.645117,5.910,28.34,4.94,
95049,290.102828,-10.560376,6.970,12.24,1.87,
95051,290.106413,32.098936,6.840,0.47,-5.48,
95054,290.109155,-31.817619,6.560,-7.56,7.95,
95055,290.112626,-1.309884,6.570,73.03,51.45,
95056,290.112904,39.926207,6.810,12.30,-3.77,
95066,290.136826,-5.415875,4.980,113.42,44.83,
95067,290.137714,35.185955,6.300,5.54,1.20,
95073,290.148680,-0.892169,5.460,5.63,3.10,
95077,290.158983,-22.402603,5.590,-10.44,27.94,
95081,290.166967,65.714430,4.600,14.09,41.61,
95083,290.171161,-24.210081,6.820,4.20,-135.21,
95099,290.201307,-4.502487,6.890,-1.81,-6.64,
95107,290.224530,13.576702,6.910,18.06,-44.34,
95109,290.226254,22.198807,6.560,-1.18,-8.42,
95116,290.249386,19.145386,6.820,60.80,62.20,
95126,290.278443,-1.176451,6.950,6.31,-5.64,
95143,290.355703,57.766710,6.590,20.94,41.61,
95149,290.373749,-34.983223,6.480,78.88,-108.93,
95154,290.398061,76.559598,6.220,-7.21,-0.79,
95156,290.400386,52.376348,6.940,18.13,23.63,
95159,290.404633,-19.234418,6.250,0.80,-11.46,
95167,290.417671,79.602894,6.060,22.75,-26.33,
95168,290.418230,-17.847252,3.920,-26.95,22.24,
95176,290.431758,-15.955002,4.520,1.79,-6.27,
95188,290.461803,-18.308162,5.840,102.34,-92.96,
95211,290.539880,-42.015952,6.330,-55.83,-30.83,
95219,290.586721,-8.201021,6.660,2.95,-21.18,
95222,290.589624,-0.252278,5.810,60.43,-27.28,
95226,290.606952,-31.936600,6.940,1.32,-7.23,
95235,290.638961,33.518235,6.090,3.44,-29.87,
95239,290.656999,-51.231263,6.420,83.07,-5.40,
95241,290.659527,-44.458910,3.960,7.31,-22.43,
95244,290.667904,-20.642655,6.720,5.29,-105.09,
95245,290.670484,37.581199,6.600,-14.10,10.03,
95253,290.701442,9.912890,6.340,8.18,107.08,
95260,290.712021,26.262430,5.220,-1.73,-10.93,
95261,290.713252,-54.423729,5.030,25.57,-83.03,
95281,290.768501,-7.400563,6.310,15.11,-21.45,
95287,290.784318,14.921030,6.650,-26.32,1.24,
95289,290.791972,-10.703211,6.990,7.11,1.72,
95294,290.804419,-44.799648,4.270,92.78,-53.73,
95306,290.849105,50.271250,6.510,2.32,16.21,
95319,290.891481,33.221570,6.370,82.04,162.92,
95320,290.892444,69.014761,6.960,-14.58,-27.53,
95322,290.903754,-53.946118,6.620,14.80,-6.17,
95340,290.945532,20.264355,6.400,3.07,0.42,
95342,290.949036,39.590364,7.000,29.70,34.22,
95347,290.971464,-40.615646,3.960,32.67,-120.81,
95352,290.985369,43.388237,5.850,16.30,-27.36,
95354,290.991481,32.723676,6.760,36.77,28.93,
95369,291.022973,-68.371080,6.330,-20.76,-0.77,
95370,291.025211,36.451903,6.440,5.59,78.49,
95372,291.031549,29.621311,4.990,10.57,10.85,
95385,291.053143,-62.998246,6.580,-77.08,25.30,
95396,291.089395,-43.722060,6.130,26.19,-1.56,
95398,291.091987,16.937756,6.270,-5.95,-14.08,
95400,291.093915,28.087584,6.530,-0.08,-5.88,
95408,291.125720,-27.865906,6.030,11.07,-16.26,
95435,291.189110,16.957057,6.840,36.70,-14.45,
95445,291.233480,-44.194779,6.880,-54.07,-6.98,
95447,291.240710,11.942851,5.170,721.27,643.60,
95453,291.256300,-4.884555,6.500,35.58,7.88,
95456,291.266879,-29.309209,5.910,-13.12,-61.77,
95468,291.291518,-51.100580,6.880,-1.65,-20.96,
95477,291.318544,-24.508449,5.020,63.61,-51.90,
95480,291.325629,37.245271,6.800,-3.28,-29.89,
95485,291.339842,-13.897264,5.720,52.85,55.20,
95487,291.343315,20.271768,6.310,-5.87,-17.08,
95492,291.357798,24.914308,6.190,-177.20,-631.08,
95498,291.368931,19.798539,5.140,96.65,-71.49,
95503,291.373631,-23.962424,5.450,-18.24,-13.36,
95501,291.373969,3.114579,3.360,253.06,80.67,
95516,291.430516,-22.451541,6.790,30.54,-52.40,
95520,291.444863,58.027310,6.600,-2.00,5.01,
95532,291.485005,-49.842671,6.660,-227.19,-88.76,
95534,291.486056,44.930944,6.680,-42.32,-78.41,
95556,291.538016,36.317865,5.170,4.22,12.95,
95557,291.545965,-15.053250,5.710,17.43,-0.55,
95560,291.555184,20.097820,5.600,3.36,-36.13,
95564,291.579724,-21.776682,5.570,36.16,-4.55,
95572,291.600527,13.023658,5.760,14.10,59.03,
95574,291.602277,-14.551193,6.700,42.91,-7.85,
95576,291.610236,62.557053,6.380,31.86,37.80,
95582,291.619528,19.891610,5.840,0.64,-48.14,
95584,291.627495,20.259010,6.640,-1.31,-11.27,
95585,291.629540,0.338576,4.640,-0.86,-2.30,
95586,291.632837,11.851007,6.910,94.25,25.92,
95603,291.673239,-46.578899,6.650,-2.42,-6.41,
95619,291.735293,-29.743105,5.660,17.55,-49.32,
95656,291.858211,52.320503,5.730,-13.16,-27.58,
95657,291.860684,18.295900,6.840,0.78,-5.47,
95664,291.891267,14.282491,6.310,7.07,-4.29,
95673,291.901652,37.941208,6.300,-0.90,-4.46,
95680,291.921171,4.709696,6.730,17.60,8.88,
95690,291.950511,-54.325297,5.700,-5.70,10.26,
95700,291.975261,20.247403,6.880,3.51,-8.18,
95713,292.021913,-18.359285,6.730,4.80,-9.38,
95717,292.026189,17.846774,6.890,42.10,-34.94,
95718,292.027187,-69.632040,6.720,-54.09,76.18,
95728,292.057759,29.450331,6.570,-2.58,-23.25,
95732,292.086653,2.930067,5.840,2.66,-15.24,
95755,292.147215,-15.102293,6.770,1.19,-3.51,
95764,292.160506,39.940850,6.900,-0.94,-6.76,
95771,292.176713,24.665165,4.440,-126.45,-106.99,
95785,292.237823,24.768681,5.820,8.61,17.03,
95793,292.254119,1.950529,5.790,-0.51,-33.35,
95812,292.325081,0.246105,6.250,12.46,-10.38,
95818,292.337068,20.279778,6.340,2.95,-16.89,
95820,292.339004,-7.044064,6.370,-0.33,-9.40,
95821,292.339421,31.609656,6.950,-24.08,-411.53,
95822,292.342184,14.596077,5.570,50.77,-23.72,
95823,292.349046,-43.444916,5.700,93.03,-114.90,
95833,292.375230,36.287249,6.660,20.17,94.83,
95847,292.407506,-12.646623,6.890,98.08,-37.48,
95853,292.426414,51.729467,3.760,20.92,128.12,
95865,292.467385,-26.985511,5.460,22.16,-42.97,
95866,292.469109,-55.441593,6.140,23.83,-66.49,
95879,292.495426,46.946486,6.880,12.61,0.80,
95898,292.543890,2.904076,6.080,2.26,-1.20,
95899,292.550977,55.422376,6.880,13.78,137.43,
95901,292.552507,56.644459,6.920,-7.23,-16.05,
95902,292.553397,46.147812,6.990,46.50,-4.94,
95905,292.561784,-32.091309,6.600,111.07,-35.56,
95908,292.572199,33.728513,6.550,-5.94,-23.89,
95926,292.632270,12.817019,6.910,-82.38,-49.04,
95929,292.637978,3.444400,6.090,13.17,1.39,
95931,292.643634,56.136182,6.680,6.58,11.06,
95932,292.644052,-55.110021,6.290,38.71,-13.30,
95937,292.665933,-2.788861,5.030,23.06,-10.53,
95947,292.680355,27.959695,3.050,-7.09,-5.63,Albireo
95951,292.689153,27.965279,5.120,-1.95,-0.98,
95953,292.695128,36.228533,6.260,0.69,-12.03,
95965,292.725158,-21.312184,6.110,15.13,-22.03,
95974,292.742498,-14.563223,6.930,-0.78,2.43,
95978,292.751211,70.989259,6.060,-10.91,32.98,
95987,292.771713,2.011758,6.520,2.24,-7.19,
95995,292.785602,58.586977,6.600,-510.04,-397.54,
95999,292.795596,-68.433887,5.980,17.19,-13.42,
96003,292.806490,55.731880,6.370,-2.67,-18.19,
96009,292.817369,33.470779,6.700,0.15,-10.55,
96011,292.818237,47.481272,6.870,-13.27,-37.68,
96014,292.830665,50.306595,5.550,-30.60,45.82,
96016,292.840059,26.617110,5.890,11.33,25.23,
96018,292.842412,-46.272974,6.840,14.71,-7.52,
96028,292.868099,55.264445,6.840,64.78,138.41,
96047,292.930025,5.769047,6.950,95.15,12.21,
96052,292.943004,34.452977,4.740,1.06,-3.58,
96065,292.988070,-54.165219,6.820,-8.83,-11.93,
96071,293.002838,7.487916,6.800,-3.26,-30.32,
96075,293.007547,20.929439,7.000,2.24,-4.61,
96081,293.022601,25.596225,6.870,48.65,44.73,
96095,293.058796,-44.546466,6.480,-138.41,32.77,
96100,293.085777,69.665402,4.670,598.43,-1738.81,
96111,293.118747,-30.869388,6.580,22.06,-32.53,
96141,293.224125,-53.185601,5.760,32.87,-6.87,
96143,293.228709,31.236062,6.700,9.41,9.29,
96154,293.263156,-30.362741,6.760,8.97,-26.07,
96159,293.282360,5.029394,6.610,-1.77,-0.61,
96164,293.291937,60.158678,6.300,3.94,5.29,
96178,293.340143,-45.271689,5.590,-16.24,-24.46,
96183,293.356526,21.840827,6.890,-20.96,-204.81,
96185,293.364185,33.201320,6.620,-464.14,224.23,
96195,293.401793,38.761919,6.610,6.93,23.38,
96196,293.403830,3.761334,6.980,-0.27,-2.87,
96198,293.423350,49.262347,6.000,3.04,-11.47,
96199,293.425839,-34.197640,6.940,11.85,-23.53,
96204,293.441810,5.465765,6.350,-5.11,-23.67,
96214,293.473977,56.459857,6.870,-6.53,35.56,
96229,293.521782,7.379319,4.450,212.76,-155.39,
96231,293.524670,-56.100048,7.000,14.48,-31.83,
96234,293.535343,-40.034633,5.890,4.44,-2.12,
96241,293.546372,7.785789,6.890,-1.68,-8.44,
96252,293.575757,41.927239,6.680,10.84,-8.32,
96258,293.582336,51.237077,5.710,31.72,-188.14,
96264,293.604928,71.605530,6.700,-109.73,-71.64,
96274,293.641414,-23.858812,6.510,3.48,-7.98,
96275,293.645367,19.773397,5.000,13.41,2.22,
96286,293.666144,48.164741,6.790,-15.37,-78.32,
96288,293.671905,42.412585,5.340,2.56,-31.28,
96292,293.682972,43.945858,6.640,19.62,-0.89,
96297,293.693068,63.434179,6.470,10.18,-3.26,
96302,293.712161,29.462911,5.390,15.14,17.81,
96310,293.733717,33.795473,6.640,21.72,5.85,
96313,293.745543,27.225252,6.740,59.64,37.34,
96314,293.748897,-81.752967,6.630,6.41,8.88,
96316,293.755139,52.502101,6.390,1.47,-34.13,
96327,293.780222,-10.560436,5.120,6.87,-3.04,
96329,293.781688,19.004998,6.820,0.04,-12.49,
96335,293.792525,74.377447,6.970,8.37,13.25,
96341,293.804141,-48.099111,4.880,-7.04,-37.43,
96351,293.854690,2.913476,6.370,11.26,53.24,
96353,293.863427,15.610569,6.550,5.77,2.65,
96356,293.874133,-7.460185,6.320,22.84,-40.04,
96365,293.889433,-12.253066,6.270,-7.74,-19.87,
96370,293.898846,-20.781683,6.740,100.24,-167.69,
96387,293.951256,36.944543,6.030,3.92,-1.69,
96392,293.961585,-2.455597,6.990,-74.17,-57.45,
96395,293.981721,56.984388,6.730,0.25,-200.32,
96396,293.983118,50.238529,6.470,-2.16,36.65,
96399,293.988376,-53.007963,6.710,-6.16,-48.79,
96406,294.006873,-24.719017,5.640,6.08,-26.37,
96415,294.031060,35.213653,6.750,-0.47,-0.18,
96416,294.033495,11.150179,6.700,-7.26,-4.71,
96417,294.034791,22.585781,6.330,3.42,-7.23,
96420,294.048538,12.161639,6.720,6.14,-11.96,
96423,294.052558,6.007449,6.620,3.82,-12.57,
96428,294.065325,14.391173,6.370,13.60,-42.21,
96440,294.108590,-18.852890,6.130,21.35,-12.87,
96441,294.110593,50.220463,4.490,-8.15,262.98,
96449,294.135083,43.706124,6.600,-1.40,-5.14,
96453,294.150305,-32.690858,6.900,4.18,-2.85,
96457,294.156434,48.516323,7.000,19.16,-17.86,
96459,294.158561,44.695188,5.170,-94.61,-103.78,
96465,294.176621,-24.883567,4.590,68.70,-23.19,
96468,294.180319,-1.286550,4.360,1.89,-20.75,
96479,294.211384,-10.157445,6.770,-13.16,-19.71,
96481,294.218529,11.273198,5.980,9.16,3.21,
96483,294.222702,-7.027471,4.930,1.29,-2.69,
96491,294.236025,38.383829,6.510,4.97,-1.32,
96496,294.263894,-18.231019,5.660,10.54,-13.78,
96499,294.277471,22.005951,6.920,20.15,-2.33,
96503,294.290074,29.333712,6.430,0.94,-5.15,
96507,294.299009,28.500060,6.670,-32.13,-80.81,
96516,294.322430,16.462769,5.670,17.24,13.70,
96517,294.323294,38.594193,6.930,0.00,6.28,
96524,294.347705,18.976540,6.670,11.79,-9.60,
96536,294.393653,-14.301444,5.460,-104.36,-146.68,
96546,294.420089,35.022561,6.440,-7.60,-10.23,
96556,294.446902,-4.647510,5.450,104.78,-53.59,
96558,294.452424,-13.956338,6.860,13.22,-9.04,
96572,294.486171,49.284062,6.470,36.44,145.53,
96577,294.501855,-32.912730,6.860,29.25,-27.66,
96579,294.506100,35.259092,6.550,0.67,-41.16,
96588,294.540384,17.243227,6.930,2.61,-3.03,
96601,294.574143,20.783473,6.500,-6.81,-33.84,
96607,294.608001,-57.983188,6.190,30.83,-62.79,
96610,294.621673,-65.914238,6.790,1.48,5.00,
96620,294.671449,54.973395,5.890,35.41,163.89,
96622,294.680676,-10.156583,6.610,-8.11,-32.98,
96630,294.704129,3.381522,6.360,1.30,0.22,
96644,294.734213,-28.607207,6.720,9.71,-3.97,
96662,294.793153,68.652503,6.780,-23.45,22.40,
96665,294.798501,5.397782,5.180,2.08,-3.78,
96683,294.844185,30.153233,4.680,1.95,36.07,
96686,294.850331,-69.337889,6.950,12.59,3.15,
96688,294.855567,16.571136,6.370,0.29,-6.41,
96693,294.860277,42.818212,5.410,23.75,27.26,
96706,294.893862,45.957380,6.250,11.67,24.31,
96708,294.894724,-69.602432,6.950,1.18,-11.59,
96721,294.924157,-45.278565,6.240,-24.76,6.13,
96724,294.937184,33.978908,6.100,-3.62,12.23,
96729,294.956065,-23.427610,6.330,7.98,-37.17,
96734,294.967211,-66.685407,6.370,35.16,-40.34,
96736,294.967836,-15.167375,6.730,9.28,-25.13,
96739,294.981223,-39.432776,6.600,43.28,-47.98,
96757,295.024094,18.013938,4.390,15.09,-19.72,
96760,295.029779,-23.429055,5.970,29.69,-12.77,
96771,295.054967,60.507131,6.490,3.27,-6.93,
96781,295.077680,-54.417762,6.240,76.43,-11.84,
96783,295.088739,-5.447494,6.590,1.05,-9.29,
96789,295.118019,20.477089,6.520,0.84,-6.07,
96801,295.164921,23.717973,6.640,-2.65,-8.83,
96804,295.170979,31.406497,6.990,3.33,-0.59,
96805,295.171452,43.077826,6.170,1.99,-0.78,
96806,295.175179,-54.210319,6.900,4.88,-17.39,
96807,295.180470,-0.621293,5.640,12.59,24.51,
96808,295.180588,-16.293146,5.300,69.65,-50.20,
96813,295.187838,-7.512202,6.970,67.70,-58.96,
96825,295.208806,45.524649,5.060,84.06,120.38,
96837,295.262224,17.476124,4.390,9.06,-33.90,
96840,295.273035,13.815708,5.980,0.00,-10.95,
96856,295.311037,22.452781,6.430,0.38,-3.45,
96882,295.405183,-65.854239,6.080,14.47,-71.82,
96887,295.415824,40.022311,6.910,23.09,14.10,
96888,295.419102,30.808586,6.850,12.46,16.62,
96895,295.454538,50.525446,5.990,-147.75,-158.85,
96901,295.467067,50.517921,6.250,-135.15,-163.53,
96903,295.469241,27.382152,6.670,1.68,-3.46,
96907,295.490108,40.254053,6.220,-12.77,37.43,
96917,295.512073,-9.193449,6.310,43.67,-84.44,
96919,295.517228,55.463315,6.420,12.97,-38.29,
96931,295.553387,12.193282,6.330,0.01,-8.44,
96932,295.554262,-36.633262,6.860,10.62,-69.74,
96936,295.580469,18.465631,6.920,13.63,5.47,
96938,295.594305,-24.859247,6.700,23.10,-25.55,
96950,295.629552,-16.123974,5.060,67.78,-9.23,
96956,295.639509,-50.667594,6.900,-1.52,-1.02,
96957,295.641697,11.826608,5.280,3.43,-10.49,
96977,295.685852,32.426744,5.930,2.10,-1.21,
96979,295.691088,8.382632,6.890,24.55,53.92,
96985,295.701725,22.851677,6.540,50.48,-18.02,
96988,295.704471,29.331650,6.540,57.94,46.52,
97001,295.734401,40.721757,6.710,5.45,0.19,
97018,295.768742,39.997077,6.950,-6.32,18.30,
97023,295.779058,24.598600,6.870,87.13,-271.16,
97028,295.789981,30.677880,6.080,2.53,4.30,
97029,295.794839,38.671713,6.370,6.90,0.30,
97033,295.809490,58.016752,6.290,128.30,-55.56,
97050,295.854340,22.495001,6.820,0.98,-4.77,
97063,295.889368,-15.469655,5.490,135.55,-185.17,
97067,295.906738,-37.538723,6.140,1.04,-17.44,
97070,295.914553,57.042656,6.280,3.44,23.61,
97077,295.928824,25.771873,5.500,11.60,23.05,
97081,295.937841,41.773084,5.860,19.09,10.07,
97087,295.964363,34.162715,6.040,6.39,3.95,
97091,295.983224,27.135406,6.270,0.73,-3.35,
97101,296.007479,9.517624,6.570,5.25,0.52,
97118,296.068965,37.354270,4.890,72.58,35.14,
97122,296.076673,69.337119,5.900,8.78,-22.17,
97131,296.115501,-41.609118,6.830,9.85,-6.60,
97135,296.131415,18.588642,6.780,22.55,0.01,
97139,296.142461,13.302809,6.250,1.78,-10.82,
97141,296.149222,13.230352,6.840,5.81,-4.92,
97142,296.159044,34.414156,6.390,3.64,3.35,
97144,296.171979,8.726580,6.430,37.30,-17.50,
97150,296.203059,29.264699,6.970,0.28,-3.05,
97151,296.204553,40.716864,6.360,-68.01,-24.79,
97157,296.226239,-10.572724,6.630,1.98,-62.38,
97165,296.243509,45.130692,2.860,43.22,48.44,
97210,296.351383,-30.902964,6.810,5.58,-15.69,
97228,296.415217,36.091007,6.380,2.23,6.59,
97229,296.416316,7.613158,5.890,53.84,0.10,
97242,296.463949,35.012767,6.140,11.57,-6.43,
97243,296.464928,46.485543,6.940,-1.47,-2.11,
97244,296.467640,-2.883449,6.470,-2.71,-1.49,
97260,296.505066,-31.908539,5.510,1.49,-13.52,
97278,296.564876,10.613269,2.720,15.72,-3.08,
97290,296.590914,-19.760895,4.870,-128.89,-89.81,
97293,296.602877,54.405603,6.750,1.23,2.15,
97295,296.606600,33.728688,5.000,23.05,-448.66,
97304,296.636513,50.010384,6.680,5.33,-17.68,
97307,296.645983,32.888605,6.180,-37.42,-5.85,
97319,296.664568,25.133840,6.660,80.76,-2.73,
97326,296.686072,68.438002,6.340,7.43,-1.66,
97345,296.774183,-62.453568,6.710,7.80,-57.07,
97351,296.787570,-17.078112,6.870,20.91,-4.06,
97365,296.846938,18.534259,3.680,-4.58,11.10,
97372,296.861859,47.907655,6.140,-21.34,-37.66,
97376,296.865734,38.407617,5.830,4.45,-1.16,
97384,296.888905,1.089439,6.770,-31.44,-226.23,
97398,296.942229,5.781998,6.700,23.49,-0.71,
97401,296.951039,-28.491176,6.890,-1.13,-1.55,
97402,296.952072,25.384112,6.000,67.54,-21.98,
97416,296.998495,31.506246,6.790,6.87,13.12,
97417,296.999903,-20.957588,6.660,2.68,-3.19,
97420,297.003699,27.868990,6.870,-8.68,222.26,
97421,297.004590,-56.362278,5.330,92.40,-137.40,
97423,297.012537,-13.703555,6.110,25.57,-24.95,
97431,297.036037,13.454607,6.950,-56.59,-73.24,
97433,297.042557,70.267835,3.840,80.18,39.02,
97438,297.064290,59.422618,6.640,15.75,116.51,
97454,297.127145,10.694114,6.440,-2.29,-5.82,
97473,297.175200,11.815920,5.750,15.95,-9.79,
97477,297.182298,35.311310,6.660,70.01,65.25,
97484,297.209053,-12.319369,6.470,-0.48,-21.53,
97485,297.210835,33.437297,6.420,-3.64,-5.74,
97489,297.222218,11.685105,6.530,10.88,3.48,
97491,297.229474,-52.887992,6.270,15.47,-47.93,
97496,297.244370,19.141978,5.010,17.91,26.47,
97499,297.259107,-10.870712,6.000,30.84,-21.34,
97509,297.285433,27.732220,6.970,94.35,-216.73,
97515,297.298039,-28.788733,6.040,119.95,-98.62,
97534,297.355387,-72.503414,5.390,6.91,14.67,
97536,297.357608,63.203866,6.690,24.55,-1.22,
97538,297.364578,38.710172,6.120,7.63,-9.43,
97569,297.472580,-66.813093,6.440,-0.55,9.84,
97572,297.477997,28.439680,6.450,1.71,-2.43,
97573,297.482525,27.085171,6.460,8.86,4.57,
97592,297.540642,-10.007152,6.750,18.97,10.01,
97593,297.545150,-45.379505,6.960,5.67,-12.50,
97598,297.558551,-47.557360,5.910,8.52,-12.99,
97599,297.563023,17.710026,6.810,38.07,-17.79,
97607,297.572833,7.902428,6.490,-1.08,-3.96,
97611,297.590635,-61.061133,6.210,3.39,5.37,
97612,297.591282,61.208974,6.700,-24.42,39.84,
97630,297.641610,38.722162,5.180,12.65,105.85,
97634,297.655538,40.599778,5.680,-2.19,-7.67,
97635,297.657224,52.988167,5.030,-10.28,-67.99,
97646,297.686570,-59.193637,5.410,23.09,-12.21,
97647,297.687832,20.211399,6.710,-11.13,11.59,
97649,297.694509,8.867385,0.760,536.82,385.54,Altair
97650,297.695013,-10.763589,5.380,-32.35,31.84,
97651,297.695289,37.826314,6.130,4.84,4.40,
97655,297.702726,-4.694077,6.750,10.94,-3.91,
97674,297.754560,-65.604703,6.040,99.70,-158.12,
97675,297.756251,10.416054,5.120,240.09,-134.51,
97679,297.767057,22.610087,4.900,23.35,-16.65,
97687,297.796259,-2.460889,6.120,-7.72,-41.26,
97697,297.823864,9.629940,6.250,7.38,-21.73,
97700,297.830697,47.377194,6.220,14.06,17.41,
97709,297.861843,4.088647,6.470,-5.62,-6.14,
97736,297.924315,-14.776867,6.880,7.92,-0.08,
97738,297.928034,-50.978540,6.890,12.72,-93.21,
97739,297.937811,-13.032609,6.840,13.20,-29.61,
97742,297.942549,-37.336171,6.650,-13.07,-67.07,
97749,297.960792,-39.874338,5.320,19.12,-12.05,
97757,297.996132,47.027349,5.600,-2.76,-3.99,
97765,298.006642,24.992172,5.540,-0.15,-3.93,
97767,298.015181,11.629139,6.160,-345.23,-333.26,
97774,298.029881,47.931819,5.910,-6.25,-9.81,
97776,298.030827,-10.892690,6.670,20.73,-0.09,
97783,298.050021,-19.044862,5.880,-2.46,-53.25,
97787,298.064928,10.351621,6.520,-2.07,-11.45,
97788,298.065539,28.252189,6.820,-30.56,-58.33,
97789,298.068354,36.432284,6.130,12.72,4.41,
97796,298.090688,18.671900,6.240,-0.17,-10.45,
97804,298.118183,1.005678,3.870,6.94,-7.30,
97816,298.157092,-54.971037,5.760,20.52,4.41,
97819,298.162971,-54.976453,6.500,6.30,3.72,
97831,298.198641,64.176107,6.760,1.32,-22.71,
97845,298.255219,47.807738,6.300,-7.31,-7.64,
97849,298.276608,-14.603080,6.470,-0.77,-50.40,
97856,298.293835,-53.092409,6.990,-12.24,-91.69,
97867,298.316434,28.099598,6.980,18.63,5.91,
97870,298.322379,57.523463,5.140,5.96,7.64,
97871,298.328013,-3.114497,5.630,21.64,13.62,
97877,298.344164,4.400393,6.520,10.23,-0.20,
97886,298.365337,24.079526,4.570,22.78,36.29,
97892,298.397413,59.708525,6.060,42.12,55.57,
97895,298.410370,41.355811,6.990,-3.34,-12.49,
97915,298.469506,26.593470,6.840,7.21,-15.49,
97928,298.534469,-8.574165,5.760,7.87,-18.97,
97930,298.540349,33.780913,6.730,19.31,30.43,
97938,298.561757,8.461650,4.710,101.43,-81.28,
97944,298.574266,-23.940075,6.220,-122.67,-409.86,
97961,298.629422,24.319390,5.560,23.52,-0.79,
97966,298.656865,-8.227226,5.700,8.11,-25.71,
97967,298.658585,-8.236974,6.490,4.02,-30.20,
97970,298.667430,7.140353,6.140,29.12,-0.01,
97971,298.668546,-61.170815,6.210,-8.12,9.36,
97979,298.684851,22.429246,6.730,11.37,-5.41,
97980,298.686551,0.273660,5.600,42.37,-13.20,
97985,298.701011,36.995655,5.790,11.16,8.54,
97988,298.705941,64.721244,6.910,-8.33,-10.04,
97989,298.708607,60.614975,6.940,-2.40,-2.08,
98012,298.771300,-33.046249,6.470,-12.62,-1.27,
98011,298.771421,30.687533,7.000,45.89,23.14,
98013,298.771616,47.540972,6.720,12.28,11.31,
98017,298.777078,30.194896,6.580,5.42,0.73,
98032,298.815330,-41.868414,4.120,23.37,51.60,
98036,298.828192,6.407933,3.710,46.35,-481.32,
98038,298.831210,-6.734638,6.490,16.21,-58.74,
98044,298.841849,58.250376,6.100,20.19,-75.18,
98045,298.849972,-19.292842,6.870,62.34,-8.47,
98055,298.907593,52.439023,4.910,-36.62,-31.02,
98058,298.919195,40.172892,6.590,5.63,3.55,
98066,298.959271,-26.299687,4.700,203.96,74.40,
98068,298.965672,38.486704,4.950,1.46,0.60,
98071,298.975235,47.090077,6.880,19.01,-8.95,
98073,298.980785,58.846020,4.980,-9.00,-20.86,
98079,298.988247,10.207178,6.810,143.52,4.91,
98085,299.005264,16.634816,5.710,1.00,-6.89,
98086,299.006752,-81.349839,6.390,20.03,-0.71,
98099,299.044100,-38.326492,6.620,13.26,-18.68,
98103,299.059303,11.423710,5.280,32.40,4.57,
98110,299.076651,35.083491,3.890,-34.00,-27.60,
98111,299.079253,56.686975,6.160,29.32,17.06,
98131,299.157392,23.888546,6.970,0.27,2.20,
98138,299.173728,30.947143,6.800,-18.91,35.67,
98143,299.183929,36.250599,6.030,1.21,-0.18,
98146,299.188181,50.902497,6.460,10.01,10.63,
98152,299.204565,-30.570165,6.550,25.38,-7.40,
98154,299.207286,23.776700,6.790,42.78,37.77,
98162,299.236770,-27.169863,4.540,9.60,-14.95,
98163,299.240431,-57.925547,6.550,-7.62,-38.61,
98169,299.251746,20.998345,6.620,1.34,-20.89,
98174,299.276181,-58.901315,5.240,23.55,-14.87,
98182,299.284517,30.777475,6.960,23.61,0.05,
98191,299.305117,0.352061,6.970,13.59,-1.04,
98194,299.307761,40.367825,5.460,7.08,-0.47,
98209,299.348691,28.693922,6.780,-8.18,-11.98,
98210,299.353003,-6.697545,6.560,18.14,-149.77,
98213,299.370944,38.458247,6.680,3.31,4.68,
98226,299.421832,-38.058618,6.550,81.25,-95.97,
98234,299.439327,16.789115,5.540,11.52,19.66,
98253,299.483826,42.260795,6.440,-5.25,-10.19,
98258,299.487585,-15.491263,5.010,17.83,-93.66,
98287,299.555449,-36.686811,6.950,66.33,-46.92,
98291,299.559534,16.493748,6.860,1.45,-6.09,
98308,299.619741,63.534202,6.150,0.77,-27.64,
98313,299.635564,-3.553718,6.790,-2.52,-3.21,
98314,299.635854,7.920634,6.770,21.38,17.76,
98320,299.643143,38.105691,6.330,3.63,0.83,
98325,299.658162,30.983672,5.510,33.23,-2.60,
98332,299.671575,-69.163713,5.740,69.18,-100.60,
98333,299.674096,70.366807,6.320,40.45,58.10,
98336,299.682728,1.666552,6.750,-33.81,-34.66,
98337,299.689115,19.492093,3.510,64.37,22.58,
98343,299.715095,35.497737,6.990,26.51,8.19,
98346,299.720526,-68.762404,6.380,36.46,-73.83,
98351,299.734868,-30.538238,6.270,86.05,-59.89,
98353,299.738235,-26.195827,4.840,34.50,24.74,
98371,299.787821,27.512622,6.850,8.71,6.48,
98375,299.794095,23.101274,5.680,-70.78,3.07,
98377,299.800211,11.305564,6.520,6.76,1.04,
98379,299.813907,52.055685,6.140,9.33,2.63,
98382,299.833651,84.668747,6.800,-2.17,-42.41,
98383,299.835063,45.772582,5.920,11.54,-16.72,
98385,299.844309,1.377532,6.170,16.51,67.66,
98399,299.891859,-22.211298,6.770,7.06,-8.71,
98401,299.902891,76.481537,6.200,-26.86,-59.51,
98402,299.913031,31.826488,6.640,7.34,6.66,
98406,299.922983,-1.970329,6.710,3.40,-29.90,
98412,299.934060,-35.276244,4.370,6.02,-25.15,
98416,299.947873,-9.957284,5.870,-246.73,-392.36,
98421,299.963667,-34.697631,5.300,108.71,-69.13,
98425,299.979980,37.042886,5.150,0.41,-0.24,
98438,300.013781,17.516541,5.330,1.73,-12.22,
98443,300.034536,17.610725,6.980,4.10,11.46,
98444,300.034722,-50.216732,6.670,46.99,10.54,
98458,300.063993,26.187904,6.490,1.42,-7.01,
98461,300.066327,-37.701717,5.950,19.54,-1.15,
98470,300.083995,-33.702749,5.650,130.79,-289.30,
98474,300.088565,3.331974,6.700,0.74,-15.56,
98478,300.096277,-66.948888,5.750,-3.67,-194.28,
98482,300.105822,-49.350939,6.180,-76.61,-2.94,
98485,300.110283,-43.043332,6.110,22.07,12.32,
98495,300.147472,-72.910184,3.970,80.54,-131.34,
98496,300.149593,-28.586431,7.000,-3.01,-2.82,
98500,300.167318,-49.608675,6.750,-20.06,9.32,
98510,300.186695,36.589735,6.720,4.11,-1.01,
98512,300.201348,-45.112932,5.800,3.39,5.82,
98522,300.233118,-74.012502,6.580,25.72,-24.77,
98525,300.244752,31.230465,6.930,4.13,-1.49,
98526,300.245713,8.557769,5.900,11.14,-13.96,
98533,300.252541,-64.807292,6.830,168.78,-243.57,
98543,300.275042,27.753564,4.660,57.99,3.76,
98563,300.313659,37.098873,6.230,40.81,50.92,
98571,300.339785,50.104680,5.060,16.31,6.14,
98575,300.349338,-22.737279,6.010,9.86,-11.60,
98577,300.355016,-47.397327,6.960,11.97,-7.18,
98578,300.361063,10.748558,6.970,83.48,25.30,
98579,300.361494,-40.814240,6.310,27.68,-39.78,
98583,300.368882,64.821005,5.220,10.01,-12.45,
98609,300.436278,24.800425,5.880,6.72,-0.78,
98608,300.436343,-59.375828,4.950,19.73,-26.89,
98610,300.438483,44.119080,6.950,-11.26,-13.72,
98624,300.468350,-66.943792,5.320,38.48,-71.53,
98630,300.481433,31.117559,6.610,4.39,3.76,
98633,300.494072,-13.637242,5.690,38.87,10.41,
98636,300.505725,24.937874,5.230,89.69,69.73,
98641,300.543017,10.738974,7.000,-2.00,-10.45,
98643,300.543971,-4.989782,6.700,15.26,-5.41,
98657,300.582845,13.909467,6.660,-23.75,-33.71,
98658,300.583999,64.634392,6.270,41.93,11.18,
98661,300.592108,22.151486,6.500,-5.10,-11.44,
98666,300.610490,79.681028,6.700,7.06,-7.23,
98682,300.650954,-45.196018,6.560,-9.39,0.17,
98688,300.664414,-27.709880,4.430,32.28,14.35,
98690,300.671982,12.358745,6.730,16.91,-2.68,
98695,300.691797,14.582686,6.670,2.07,1.70,
98697,300.694194,37.812780,6.920,6.60,5.09,
98699,300.697104,28.514847,6.930,3.74,-8.48,
98701,300.703358,31.958801,6.390,11.37,12.76,
98702,300.704363,67.873449,4.510,16.43,47.80,
98705,300.717234,10.911710,6.920,53.66,-3.45,
98718,300.760644,18.295529,6.840,50.05,-26.82,
98728,300.787826,41.474380,7.000,19.95,31.85,
98730,300.802437,4.730246,6.560,13.93,5.56,
98738,300.818303,18.501041,5.990,11.41,-19.67,
98753,300.872506,36.025159,6.620,-3.27,-8.03,
98754,300.875053,16.031273,5.730,5.05,-7.73,
98761,300.889214,-37.940491,4.770,64.71,-85.44,
98763,300.896634,-38.852383,6.910,36.79,-62.76,
98766,300.899960,-37.528313,6.850,25.32,-95.04,
98767,300.903941,29.898079,5.730,683.32,-524.06,
98772,300.911708,22.941096,6.450,-18.84,-15.74,
98780,300.925950,21.496479,6.620,17.22,9.05,
98783,300.931200,29.989465,6.800,1.69,-3.01,
98785,300.934726,-22.595652,6.440,-38.45,23.36,
98788,300.956733,14.982996,6.830,-2.93,-3.86,
98801,300.997400,17.122943,6.910,22.94,18.41,
98809,301.004972,-7.469379,6.680,14.10,-39.19,
98813,301.010916,-37.875547,6.910,78.19,-388.18,
98819,301.026938,17.071161,5.800,-394.07,-406.42,
98823,301.034612,7.277934,5.510,14.24,12.97,
98831,301.053960,31.243167,6.880,43.07,20.96,
98835,301.058810,17.734874,6.870,-0.13,-5.96,
98842,301.081512,-32.056269,4.990,43.01,-10.78,
98844,301.096471,-0.709021,5.670,-2.21,-118.27,
98853,301.111346,73.909410,6.910,12.40,18.89,
98858,301.119944,48.229663,6.160,10.92,0.51,
98863,301.150736,32.218625,5.620,-2.80,-11.12,
98872,301.185478,63.890116,6.240,2.98,37.47,
98890,301.222553,68.027183,6.320,-12.12,-9.82,
98897,301.244092,23.210367,6.540,4.49,5.19,
98910,301.272563,-11.599377,6.380,-0.57,-14.98,
98915,301.278021,51.839322,6.140,34.34,31.21,
98918,301.282944,-46.096962,6.960,-13.68,-15.25,
98920,301.289478,19.990877,5.090,30.61,79.65,
98921,301.289946,38.478186,6.180,263.35,111.57,
98922,301.292210,2.119058,6.770,11.44,-108.36,
98945,301.334743,0.454512,6.930,2.58,-5.93,
98946,301.339596,56.341227,6.190,-0.37,80.22,
98951,301.357706,-34.666810,6.990,20.04,-33.38,
98953,301.359711,-12.665046,6.530,8.20,-48.21,
98954,301.360525,15.500369,6.370,34.33,17.62,
98959,301.381195,-67.319257,6.070,844.55,-674.69,
98960,301.383431,-32.999819,6.530,7.48,-7.45,
98962,301.386355,61.995248,5.400,123.82,70.60,
98987,301.434602,22.797219,6.910,4.44,-9.42,
98998,301.483334,4.775564,6.960,14.74,-6.40,
99002,301.488861,35.788391,6.770,-3.43,-7.66,
99024,301.550809,-4.078125,6.470,51.59,-34.88,
99026,301.556829,53.165067,5.810,212.85,255.21,
99031,301.591372,35.973539,5.380,-224.43,-440.57,
99035,301.604176,39.098600,6.860,23.61,30.81,
99080,301.722491,23.614424,5.080,15.18,0.45,
99090,301.750018,66.308051,6.970,-3.88,-22.58,
99097,301.775780,36.826670,6.960,10.76,-3.38,
99102,301.797694,50.229617,6.530,12.98,-8.98,
99120,301.846536,-52.880810,4.930,-12.72,6.88,
99121,301.849225,-29.720884,6.690,-6.09,27.20,
99137,301.896133,-55.016100,6.260,19.16,36.22,
99145,301.922669,34.422920,6.120,1.21,-6.07,
99158,301.959751,9.399764,6.430,46.58,28.37,
99169,301.994990,77.824504,6.990,22.84,-26.69,
99170,302.004826,42.384996,6.980,2.05,3.94,
99171,302.007312,-0.678020,5.970,116.60,-67.94,
99176,302.027083,16.664373,6.390,4.33,7.14,
99188,302.039884,-52.577748,6.470,-23.62,-19.32,
99200,302.085334,-66.354676,6.450,-9.15,-6.35,
99216,302.121617,-15.031658,6.520,29.48,-134.34,
99221,302.130284,-10.062512,6.180,6.13,-34.03,
99234,302.159488,10.725871,6.340,3.83,-1.81,
99240,302.174417,-66.179321,3.550,1210.29,-1130.34,
99255,302.222152,77.711362,4.380,11.11,23.72,
99257,302.236653,62.076668,6.740,9.23,-16.05,
99270,302.265884,-47.067773,6.460,41.75,-64.67,
99277,302.283878,16.907089,6.910,-3.05,-56.03,
99281,302.305792,19.073150,6.950,5.20,-2.68,
99291,302.335760,68.599628,6.970,-13.74,-31.22,
99294,302.343205,56.026873,6.490,-10.73,-18.39,
99303,302.356736,36.839590,4.930,3.15,12.96,
99352,302.485876,20.914789,6.510,58.82,98.38,
99364,302.524419,-43.894195,6.930,16.99,-19.11,
99367,302.532608,8.443821,6.570,-61.39,-172.53,
99404,302.639687,26.904137,5.510,18.29,12.92,
99405,302.640417,48.231180,6.610,4.47,-1.52,
99417,302.662787,-46.735006,6.810,42.51,-48.19,
99420,302.684431,41.247021,6.970,43.24,1.48,
99431,302.726620,30.789690,6.960,5.78,-1.45,
99435,302.737187,68.272223,6.840,-8.14,-3.01,
99445,302.764697,21.134503,6.240,23.15,31.20,
99450,302.774799,-6.087690,6.870,6.53,3.34,
99453,302.780894,-57.524155,6.360,12.17,-34.76,
99457,302.791985,-8.842339,6.390,1.39,-2.07,
99461,302.798368,-36.097384,5.320,456.89,-1574.91,
99465,302.815782,-43.662283,6.540,6.89,-4.26,
99473,302.826103,-0.821476,3.240,35.48,6.05,
99479,302.837584,21.874965,6.240,-4.71,-11.81,
99500,302.894768,62.078348,5.700,137.31,80.09,
99518,302.949890,26.809016,5.510,1.41,-10.37,
99529,302.991263,-12.392358,6.340,-6.85,-18.60,
99531,303.002911,26.478831,5.910,4.48,-10.08,
99539,303.015587,47.737040,6.920,5.06,1.28,
99570,303.099404,-42.779818,6.200,-18.07,-100.81,
99572,303.107314,-12.617022,5.840,193.25,-195.60,
99579,303.132214,51.463602,6.010,-14.99,-15.31,
99585,303.146347,0.867102,6.250,2.10,-19.81,
99588,303.160876,-6.366094,6.920,-1.11,-19.16,
99604,303.197175,-2.995953,6.910,-14.74,0.02,
99623,303.263194,11.851002,6.510,-48.87,-60.92,
99624,303.268438,-0.330798,6.470,-13.81,1.05,
99631,303.307781,-1.009266,5.440,24.87,-30.06,
99639,303.325175,46.815670,4.800,13.39,1.93,
99641,303.330507,79.651577,6.780,-17.52,-22.99,
99655,303.349171,56.567522,4.280,60.85,82.26,
99662,303.364090,55.131360,6.660,-3.37,-15.87,
99663,303.364872,60.640433,5.810,39.03,55.82,
99666,303.384921,-47.713130,6.470,-5.87,-42.80,
99668,303.391072,-38.447645,6.900,13.42,-168.02,
99670,303.394874,16.265232,6.850,1.81,-3.98,
99675,303.407928,46.741324,3.800,4.20,1.87,
99679,303.418843,24.238931,6.580,48.37,37.21,
99681,303.423299,-34.118441,6.660,23.75,-10.99,
99685,303.428400,43.379003,6.130,-3.11,3.96,
99719,303.520300,36.604894,6.470,10.39,-5.60,
99738,303.560504,28.694864,5.190,12.18,-19.01,
99742,303.569107,15.197468,4.940,55.69,57.98,
99747,303.579198,-52.445642,5.650,20.80,-52.67,
99749,303.589728,42.104345,6.670,4.34,-1.51,
99758,303.607505,-62.279185,6.740,-3.62,-7.23,
99759,303.608644,80.531865,6.800,14.84,-21.15,
99762,303.612323,-63.415864,6.090,-39.21,30.80,
99770,303.633260,36.806135,4.930,69.22,68.67,
99772,303.645507,-64.429700,6.920,14.77,-30.18,
99777,303.665073,36.752081,6.570,0.63,-4.57,
99798,303.722618,3.406843,7.000,15.76,9.67,
99801,303.725610,32.868671,6.870,21.45,21.00,
99811,303.778809,-13.383852,6.910,-12.58,-29.34,
99816,303.794396,-3.503429,6.930,-38.51,-62.53,
99818,303.795709,55.656512,6.560,-21.89,-19.47,
99824,303.816212,25.591969,4.790,6.90,-5.02,
99825,303.819075,-27.032536,5.730,1241.35,-181.46,
99841,303.849131,33.729370,5.700,-31.88,-117.82,
99848,303.867993,47.714205,3.960,3.88,1.20,
99849,303.868253,-7.531382,6.850,1.75,2.97,
99853,303.875988,23.508922,5.180,2.66,-6.89,
99856,303.885485,2.846570,6.820,49.03,-3.50,
99870,303.930153,50.232866,6.360,15.52,15.09,
99873,303.940407,15.317141,6.860,51.47,-2.55,
99874,303.942323,27.814228,4.500,-34.37,5.77,
99878,303.960774,-30.005297,6.300,33.81,7.70,
99889,304.002530,45.579659,5.870,9.25,-54.94,
99893,304.014293,38.898086,6.280,-1.07,-30.71,
99894,304.025117,4.580920,6.440,-40.72,-51.16,
99907,304.061847,-41.478496,6.990,16.41,-13.76,
99913,304.082428,21.598763,6.110,8.10,-25.73,
99915,304.086273,22.287239,6.830,9.77,3.55,
99918,304.095006,-12.337077,6.300,6.75,-17.13,
99920,304.098374,-36.453536,6.300,1.66,-15.90,
99926,304.110199,-35.198597,6.550,-0.20,53.05,
99927,304.113317,27.776067,6.650,9.05,2.27,
99929,304.117303,37.056397,6.470,2.56,-0.81,
99951,304.196152,24.671142,5.300,14.41,-16.71,
99955,304.204272,56.040316,6.650,14.07,-0.75,
99956,304.209435,-3.491429,6.930,-4.24,-103.71,
99967,304.229128,31.505241,6.920,-7.51,-11.68,
99968,304.230350,40.365080,5.270,2.01,-1.89,
99985,304.251885,8.963201,6.510,8.50,-2.14,
99990,304.277189,-21.317879,6.970,7.26,-13.69,
99994,304.289601,-67.455111,6.720,39.74,-80.56,
100009,304.344850,38.235687,6.990,-2.44,-5.63,
100013,304.354891,39.593539,6.570,3.95,-0.01,
100016,304.371062,42.722063,6.320,2.72,-1.33,
100017,304.377635,66.852966,5.910,468.52,296.81,
100018,304.381402,29.147509,6.240,-9.15,22.10,
100027,304.411900,-12.508214,4.300,22.24,0.75,
100035,304.432659,-51.916850,6.680,0.74,-38.45,
100044,304.446685,38.032947,4.770,-3.53,-6.88,
100045,304.456849,-40.184785,6.720,41.69,11.81,
100046,304.459116,54.322343,6.730,38.56,50.95,
100062,304.505730,-21.809900,5.860,35.39,-24.74,
100064,304.513410,-12.544859,3.580,61.78,2.85,
100069,304.529125,40.732098,5.830,-2.51,-6.53,
100088,304.571064,25.648244,6.980,2.42,4.22,
100097,304.603159,55.397171,5.760,-7.58,-31.19,
100103,304.612280,-72.979243,6.570,6.94,-37.51,
100108,304.619275,36.999754,5.580,40.35,20.06,
100110,304.625289,-72.808158,6.930,-26.20,11.20,
100116,304.646140,17.362166,6.860,-3.43,-1.14,
100121,304.656076,0.641074,6.920,72.58,-1.24,
100122,304.662791,34.982784,5.140,0.10,-3.81,
100128,304.681752,-61.906603,6.600,12.59,-44.89,
100142,304.706967,46.322213,6.460,-4.42,-7.89,
100145,304.711119,26.991275,6.610,1.60,-15.64,
100151,304.733193,-47.710769,6.280,12.31,-2.00,
100155,304.739747,39.004203,6.350,-2.12,-8.08,
100165,304.762544,-63.230563,6.270,-8.78,-74.36,
100184,304.823687,-47.579845,6.130,190.87,-182.50,
100192,304.838166,14.370703,6.740,14.49,10.84,
100195,304.848330,-19.118507,5.280,7.96,-10.90,
100201,304.857478,-20.950767,6.840,8.58,3.12,
100208,304.872106,13.216810,6.200,-14.89,-18.28,
100221,304.902907,62.257414,5.710,16.74,24.16,
100232,304.930169,-1.078593,6.050,41.59,32.39,
100239,304.951303,37.132532,6.600,12.32,-7.58,
100241,304.956942,45.363881,6.980,21.30,-31.19,
100242,304.957551,29.726858,6.780,4.05,-2.08,
100250,304.983515,46.837305,6.490,-1.61,5.78,
100256,305.000797,13.548101,5.960,-2.65,-4.03,
100261,305.024932,68.880253,5.590,18.02,26.44,
100262,305.041421,11.469409,6.630,1.68,-12.71,
100266,305.060285,-34.585162,6.620,44.15,-55.75,
100268,305.063426,39.403282,6.220,-5.11,-22.79,
100269,305.063891,15.542811,6.770,69.63,31.79,
100274,305.085525,14.569242,6.170,-3.19,6.18,
100276,305.089152,17.793003,5.820,16.32,-30.88,
100283,305.109144,-6.361514,6.630,-82.27,-90.20,
100288,305.116169,-29.197216,6.560,-4.32,-0.75,
100287,305.116584,43.854526,6.780,-5.36,-2.37,
100290,305.118552,-19.647083,6.930,15.47,-41.47,
100295,305.127660,53.595690,6.230,2.17,-2.02,
100300,305.134602,-55.050803,6.270,11.56,-32.40,
100310,305.165861,-12.759044,4.770,15.71,-14.63,
100325,305.193844,-14.784893,6.090,42.64,0.37,
100332,305.216128,-35.673723,6.460,36.35,19.26,
100345,305.252693,-14.781401,3.050,48.42,14.00,
100347,305.254707,-10.982759,6.830,5.27,5.35,
100357,305.297987,63.980087,5.690,6.14,14.52,
100365,305.314491,15.104317,6.590,7.75,-12.76,
100372,305.339421,63.431651,6.940,14.08,17.78,
100379,305.368588,-66.749697,6.490,-140.22,3.15,
100384,305.373140,30.590218,6.770,11.43,21.65,
100390,305.383522,22.848885,6.550,2.64,-13.59,
100396,305.397912,-67.312882,6.910,110.64,16.92,
100412,305.422337,-49.998807,6.260,-359.84,-250.36,
100434,305.512729,41.132146,6.380,2.44,-3.67,
100435,305.514290,24.446116,5.500,1.92,-6.89,
100437,305.522278,45.794897,5.580,25.06,39.70,
100453,305.557083,40.256681,2.230,2.43,-0.93,
100469,305.614497,-42.049349,5.600,32.94,-81.98,
100475,305.634169,34.990778,6.860,21.44,-22.54,
100486,305.655471,31.265021,6.090,-8.47,-22.64,
100491,305.671439,-78.960805,6.640,31.04,-44.74,
100498,305.686989,12.443399,6.740,58.06,-18.26,
100501,305.688729,41.026133,5.950,1.26,-49.66,
100511,305.718007,14.551115,6.160,79.02,-6.87,
100515,305.731200,42.983439,6.200,55.72,42.82,
100518,305.740216,39.211036,6.740,2.44,-0.99,
100524,305.753230,-9.654671,6.290,27.04,-16.28,
100526,305.755531,54.672891,6.670,34.37,-7.28,
100541,305.794623,5.343077,5.300,-26.89,-37.12,
100550,305.830072,-0.452294,7.000,-1.21,-5.09,
100556,305.859376,-14.256433,6.760,10.47,-0.82,
100559,305.862472,10.363133,6.700,52.04,8.08,
100570,305.909297,-5.266172,6.750,175.79,-9.95,
100574,305.934855,37.476448,5.870,5.09,0.17,
100579,305.950150,37.026138,6.810,2.69,-0.60,
100587,305.964983,32.190186,4.430,35.71,-5.81,
100591,305.971612,-42.422905,5.640,-11.08,14.99,
100598,305.977050,16.046905,6.780,2.96,-7.59,
100623,306.057983,-14.113905,6.970,-23.35,-20.65,
100643,306.107414,24.277609,6.950,16.17,5.76,
100651,306.134818,53.551903,6.490,8.31,12.62,
100664,306.156223,1.068392,6.140,7.93,5.49,
100666,306.159573,8.597504,6.770,5.59,-7.06,
100672,306.173975,1.368612,6.410,5.66,-20.10,
100674,306.177868,-29.077711,6.970,13.25,-53.82,
100691,306.203305,40.153603,6.730,5.16,5.42,
100697,306.228340,-83.310635,6.150,23.65,7.54,
100710,306.264865,83.182798,6.730,-13.83,3.83,
100713,306.268357,-19.433705,6.830,21.02,4.51,
100714,306.270846,59.600121,6.440,1.95,-9.68,
100734,306.355939,6.641813,6.750,3.31,-1.93,
100736,306.357036,42.604986,6.890,46.86,28.08,
100738,306.361752,-28.663279,5.860,11.73,4.05,
100751,306.411873,-56.734881,1.940,7.71,-86.15,Peacock
100754,306.418850,21.409663,5.680,8.88,-8.67,
100758,306.427199,-2.800280,6.100,-4.95,-40.00,
100762,306.433761,10.056094,6.320,20.98,-38.88,
100764,306.450036,-40.795973,6.080,-105.35,-86.76,
100779,306.504785,19.865448,6.450,31.26,18.93,
100781,306.506594,13.911679,6.350,25.12,-27.49,
100784,306.516054,40.401704,6.650,6.39,3.34,
100787,306.519795,-46.659956,6.740,20.24,-20.44,
100797,306.563804,2.957179,6.640,34.05,-6.00,
100807,306.596465,17.315572,6.230,4.49,-5.45,
100808,306.597765,56.638678,6.380,10.00,8.35,
100843,306.701629,81.434098,6.550,45.39,19.93,
100852,306.721403,-37.402627,6.240,-255.06,-114.25,
100859,306.759191,49.383224,5.730,68.79,58.48,
100866,306.782388,34.329074,6.390,1.47,-1.80,
100876,306.809122,20.476505,6.440,0.51,-8.32,
100881,306.830015,-18.211694,5.080,10.32,-10.87,
100886,306.836961,23.790507,6.880,0.36,17.92,
100896,306.864843,-2.102909,6.710,-66.02,-71.31,
100907,306.892812,38.440523,5.630,-22.98,-78.60,
100925,306.934387,-30.866578,6.610,-14.88,-521.53,
100926,306.942223,-5.654211,6.980,7.20,-9.26,
100933,306.965746,65.755829,6.560,12.64,-21.64,
100947,307.005281,-25.606514,6.780,26.57,24.48,
100949,307.016198,33.887944,7.000,6.69,-0.29,
100953,307.031315,8.437407,6.230,40.75,16.94,
100965,307.060227,81.422669,5.380,33.72,16.19,
100969,307.069870,2.937152,6.200,38.93,3.70,
100970,307.076754,18.769635,6.870,349.47,-56.85,
100971,307.086846,20.112828,6.880,18.36,17.59,
100977,307.103706,-3.357742,6.120,27.29,-21.22,
100979,307.107420,39.328920,6.980,14.10,15.70,
100982,307.110840,-9.370396,6.820,22.31,6.80,
100988,307.127865,48.918940,6.650,-3.88,-13.41,
100991,307.136543,-34.409706,6.740,38.29,-14.23,
101011,307.181603,-15.741497,6.410,8.09,-1.15,
101013,307.184177,-23.983690,6.840,-0.81,-59.45,
101017,307.194734,-35.595813,6.090,1.69,-20.76,
101022,307.208073,-1.734460,6.820,52.44,-42.87,
101027,307.215099,-17.813668,4.770,-15.79,-7.66,
101036,307.245731,-17.434691,6.710,12.42,-25.35,
101040,307.252792,-17.875118,6.550,37.65,-118.27,
101044,307.261741,83.625463,6.190,23.43,-19.05,
101055,307.286490,12.681040,6.940,5.84,4.31,
101067,307.334952,36.454733,5.900,2.58,-1.58,
101070,307.338144,20.087714,6.580,-17.88,-5.96,
101076,307.348879,30.368557,4.010,6.87,-0.64,
101084,307.362942,56.068179,5.890,4.57,4.63,
101082,307.363807,81.090738,5.960,67.05,221.67,
101090,307.380565,-22.391492,6.130,8.23,-30.91,
101093,307.395114,62.994137,4.210,45.00,-13.31,
101101,307.412328,-2.885476,4.910,71.88,-22.39,
101120,307.469074,-18.586163,6.740,14.11,-88.21,
101123,307.474549,-18.582985,5.940,25.56,-79.45,
101125,307.480331,10.302118,6.760,22.70,-16.38,
101133,307.499478,45.928194,6.430,80.51,148.93,
101134,307.502996,72.531762,6.230,-0.29,-24.44,
101138,307.514716,48.951550,4.940,10.01,7.64,
101139,307.519861,19.667603,6.880,4.54,-4.67,
101154,307.560155,19.421050,6.850,4.02,-4.25,
101160,307.574796,10.895916,6.030,19.25,3.52,
101164,307.583188,49.780341,6.570,30.49,-70.04,
101206,307.719672,49.213229,6.650,0.38,-11.53,
101211,307.736630,-29.112650,6.350,18.53,-6.31,
101213,307.742064,20.606006,6.210,96.14,58.50,
101214,307.746790,36.935849,6.210,-0.20,-4.18,
101221,307.768046,-15.056052,6.100,-39.47,-47.97,
101223,307.775492,15.807645,6.850,-6.79,-5.52,
101243,307.828369,49.220373,5.440,8.79,-31.28,
101245,307.837968,52.309372,6.200,40.61,63.27,
101260,307.876662,74.954659,5.180,6.36,-16.47,
101263,307.883438,21.895087,6.860,14.78,-4.85,
101268,307.901120,34.330501,6.470,-6.61,-52.64,
101285,307.943831,56.779874,6.140,-14.82,-6.50,
101300,307.992447,25.805026,6.370,41.31,-20.03,
101308,308.021330,-5.242423,6.620,-2.74,19.61,
101318,308.037706,22.824348,6.510,3.62,-5.73,
101325,308.056328,65.399171,6.570,9.75,18.34,
101339,308.084982,2.132805,6.470,29.89,1.24,
101345,308.097973,-9.853641,5.660,307.59,106.07,
101349,308.104915,70.532137,6.760,-7.26,-17.58,
101350,308.106657,48.216464,6.980,-8.80,5.76,
101371,308.182265,16.767235,6.960,3.44,-3.73,
101381,308.213202,27.212164,6.890,4.41,0.50,
101383,308.218024,43.191575,6.610,3.58,-1.67,
101384,308.218137,-24.943725,6.350,5.27,-42.89,
101398,308.246025,49.841228,6.630,2.59,-2.26,
101412,308.277377,54.456956,6.820,15.01,3.22,
101421,308.303187,11.303332,4.030,10.75,-28.54,
101427,308.323387,-80.964826,5.760,8.35,-14.88,
101432,308.345625,-41.524334,6.800,-75.31,-181.07,
101436,308.356414,-6.219405,6.960,5.24,5.40,
101452,308.415087,45.175552,6.710,26.02,5.54,
101467,308.452313,41.772821,6.500,-1.36,-67.14,
101469,308.455631,-29.292613,7.000,37.87,0.18,
101473,308.473763,10.059718,6.540,-2.33,6.74,
101474,308.475784,35.250865,4.610,-2.26,-5.35,
101475,308.478482,46.693862,5.780,9.66,1.82,
101477,308.479430,-44.515961,5.120,11.17,-35.67,
101483,308.487487,13.027201,5.390,76.49,21.89,
101489,308.499673,4.898685,6.420,4.79,-8.79,
101492,308.507551,-12.343641,6.970,7.94,-11.03,
101493,308.508166,34.679018,6.670,9.44,0.40,
101505,308.541579,20.985197,6.490,6.76,-4.72,
101507,308.548566,-13.721262,6.110,69.24,70.39,
101515,308.568728,-43.447651,6.730,46.36,-85.73,
101526,308.632537,6.878092,6.970,1.01,0.49,
101533,308.650015,41.098358,6.670,-0.49,18.20,
101544,308.685817,32.505843,6.890,4.63,5.32,
101552,308.697425,-30.473419,6.420,12.67,-21.90,
101556,308.710025,51.854234,6.190,-3.14,-5.37,
101558,308.731092,-38.089862,6.450,18.62,-11.54,
101570,308.776420,-71.188809,6.410,-38.53,12.30,
101588,308.825087,41.890132,6.630,4.29,17.51,
101589,308.827117,14.674185,4.640,45.08,11.71,
101602,308.870370,69.680020,6.710,46.90,-76.86,
101607,308.873493,6.947071,6.530,8.74,2.63,
101608,308.884192,-16.525812,6.190,84.05,-27.61,
101612,308.894867,-60.581298,4.750,70.15,-185.58,
101623,308.949231,-44.337643,6.360,-9.85,15.37,
101626,308.965287,-69.610478,6.090,30.71,-44.55,
101634,309.002884,79.430373,6.950,-3.01,4.76,
101641,309.034676,25.882619,6.400,23.61,11.96,
101645,309.066188,16.814692,6.590,12.71,15.22,
101647,309.068435,-12.381268,6.810,22.30,12.92,
101676,309.149811,-71.071381,6.840,3.31,-26.64,
101684,309.159692,-63.120764,6.340,10.18,-81.64,
101692,309.181779,-2.549918,4.910,9.09,-16.05,
101699,309.204452,-69.450629,7.000,-5.81,-18.10,
101716,309.269428,26.461975,5.590,16.27,-11.39,
101725,309.295916,-65.033251,6.690,19.98,-11.72,
101728,309.302841,52.973117,6.640,-11.71,-18.91,
101746,309.326577,0.097003,6.210,5.25,-10.11,
101751,309.338169,-15.147224,6.760,61.24,-46.06,
101756,309.348225,38.328772,6.210,13.77,-43.95,
101765,309.382383,31.572541,6.320,8.98,-0.63,
101768,309.386389,31.521987,6.510,-34.30,-31.67,
101769,309.386957,14.595203,3.640,118.28,-47.65,
101772,309.391624,-47.291662,3.110,49.20,66.07,
101773,309.396832,-61.529744,4.860,59.15,-71.70,
101787,309.432771,-41.227510,6.620,38.41,-51.07,
101788,309.434675,33.366505,6.970,3.51,-5.34,
101800,309.454567,11.377697,5.420,40.01,-8.51,
101808,309.467420,-25.109183,6.380,72.85,-15.41,
101810,309.477943,18.268431,6.220,36.23,61.18,
101823,309.520247,-24.228839,6.890,50.14,-22.33,
101827,309.536003,-4.381810,6.930,10.75,-12.28,
101838,309.565590,44.332699,6.680,6.18,3.62,
101839,309.570457,48.070056,6.610,48.72,23.80,
101843,309.577521,-81.288970,5.890,0.60,-38.24,
101847,309.584473,-1.105080,4.310,15.66,-17.01,
101867,309.630385,21.201180,4.810,74.38,-2.48,
101868,309.632951,24.115977,5.060,9.99,-7.80,
101870,309.645785,23.680507,5.910,4.09,-5.32,
101875,309.666833,38.635563,6.760,200.85,-193.24,
101882,309.683270,13.315126,5.690,2.66,-0.39,
101899,309.748065,30.334425,5.680,-27.45,-65.54,
101900,309.750784,56.004949,6.450,-5.51,-40.81,
101909,309.770703,15.838236,5.990,-2.33,-15.14,
101911,309.774431,-4.929505,6.460,-1.68,4.50,
101916,309.781635,10.086152,5.070,323.58,21.07,
101919,309.794290,21.817406,6.080,30.19,15.86,
101921,309.805192,-2.412983,6.230,8.02,3.31,
101923,309.817984,-14.954712,5.240,2.58,-19.66,
101930,309.834779,26.067877,6.980,-36.18,-109.66,
101934,309.846357,45.666913,6.610,3.37,-0.56,
101936,309.853464,0.486492,5.150,103.00,-19.44,
101948,309.887539,42.249088,6.810,-62.56,-221.47,
101949,309.888797,40.579656,6.070,6.67,0.84,
101958,309.909394,15.912053,3.770,54.14,7.91,
101965,309.965493,-62.907598,6.220,32.33,-83.92,
101966,309.966031,11.249447,6.390,47.44,83.05,
101974,309.980848,35.390637,6.890,31.58,36.52,
101979,309.999308,8.447066,6.850,15.10,-21.02,
101983,310.009443,-60.547509,5.110,312.88,-568.99,
101984,310.012327,-18.138606,5.150,-22.73,-21.63,
101986,310.013399,43.459016,5.970,-69.45,-56.74,
101997,310.047652,-23.774987,6.360,500.83,460.76,
101998,310.052171,-2.654911,6.610,-5.67,-80.81,
102010,310.073497,3.441257,6.940,41.35,8.74,
102011,310.074490,60.504813,6.020,13.73,185.72,
102014,310.082552,-33.431930,5.470,22.87,35.93,
102026,310.135665,-16.124359,5.790,-68.21,73.94,
102029,310.146890,15.643137,6.760,93.84,44.75,
102032,310.149531,-26.645087,6.510,11.66,-24.10,
102033,310.151101,29.805447,6.020,20.61,43.05,
102037,310.176087,26.079215,6.740,20.91,-18.72,
102040,310.187780,19.934777,6.430,119.13,312.24,
102050,310.218241,-28.549257,6.690,15.51,-7.07,
102052,310.225092,17.571002,6.810,16.06,14.07,
102057,310.231721,-42.396716,6.250,15.08,11.05,
102062,310.251499,39.082323,6.510,5.45,-0.22,
102066,310.260584,32.307316,5.530,2.86,-11.79,
102080,310.317557,14.582879,6.010,-8.52,0.39,
102085,310.329777,-17.378433,6.950,-1.06,-7.70,
102092,310.348260,-31.598142,5.750,110.84,-60.44,
102094,310.351067,-25.999850,6.290,9.39,-25.13,
102096,310.352614,-42.133700,6.280,48.91,-33.19,
102098,310.357973,45.280334,1.250,1.56,1.55,Deneb
102114,310.406849,13.808805,6.810,20.82,-0.15,
102120,310.424183,24.182495,6.920,6.11,-4.40,
102125,310.432260,-75.350411,6.510,151.42,-161.48,
102155,310.485407,41.716872,5.680,4.07,1.12,
102157,310.487763,-66.760625,5.140,8.89,-23.23,
102158,310.492314,17.521384,6.240,16.52,43.10,
102162,310.510505,-76.180569,5.990,190.83,-9.43,
102177,310.552611,50.340021,5.410,1.14,3.71,
102181,310.565474,-44.885208,6.990,3.89,1.51,
102183,310.570005,57.385359,6.990,-4.97,6.39,
102195,310.593018,35.456213,6.700,-1.48,-7.61,
102205,310.639786,-84.407050,6.940,60.30,-25.44,
102208,310.646249,82.531106,5.750,30.77,21.68,
102216,310.665383,60.601362,6.170,-3.84,-18.90,
102230,310.720613,-39.558810,6.300,17.76,-8.11,
102253,310.795765,66.657363,5.590,25.11,34.71,
102258,310.807023,57.114005,6.340,-2.34,-3.38,
102264,310.816781,-29.423404,6.950,-43.54,-207.55,
102276,310.850821,35.587809,6.480,-6.01,-3.28,
102281,310.864774,15.074682,4.430,-19.61,-41.74,
102284,310.872417,55.291821,6.960,6.01,-8.38,
102291,310.894866,-11.641453,6.810,8.75,-12.80,
102299,310.917109,5.390212,6.690,20.95,-3.49,
102309,310.948603,23.791118,6.930,11.72,-2.44,
102333,311.009111,-51.920841,4.510,155.49,-53.64,
102358,311.091837,56.488409,5.910,9.84,-1.60,
102370,311.137835,69.751901,6.500,-28.44,-36.10,
102371,311.138591,-14.185763,6.870,20.09,-18.65,
102377,311.151873,47.296937,6.570,4.12,-10.19,
102381,311.170532,-35.827559,6.950,11.53,0.10,
102384,311.195000,20.489810,6.970,-9.75,-43.55,
102388,311.218847,25.271048,4.920,-27.74,-177.60,
102390,311.227400,12.312656,6.710,20.42,4.04,
102395,311.239815,-66.203238,3.420,-42.40,10.57,
102412,311.298889,-35.166352,6.800,-15.34,-29.75,
102414,311.304672,-27.247298,6.500,-0.60,7.43,
102419,311.312222,-15.798271,6.980,74.66,6.31,
102422,311.321953,61.836794,3.410,86.08,817.89,
102430,311.337438,46.354847,6.710,1.76,-21.30,
102431,311.338319,57.580298,4.520,-62.95,-235.56,
102435,311.349406,-30.478150,6.780,-12.11,-24.75,
102440,311.367620,18.090058,6.740,10.61,-9.91,
102453,311.415663,30.719657,4.220,-8.01,24.04,
102474,311.487465,7.379096,6.980,19.29,9.58,
102480,311.505026,-0.340397,6.760,3.27,-6.23,
102485,311.524025,-25.270517,4.130,-51.38,-156.66,
102487,311.541557,-21.513991,5.910,23.45,-17.01,
102488,311.551801,33.969453,2.480,356.16,330.28,
102496,311.577408,-36.120025,6.490,40.22,-52.07,
102497,311.583465,-39.199189,5.480,42.68,-30.14,
102499,311.588682,52.995551,6.340,-81.51,-104.52,
102506,311.612751,-50.805491,6.540,26.57,-17.40,
102530,311.660856,46.531728,6.300,-16.16,-14.75,
102531,311.661949,16.124624,5.150,-6.10,-201.74,
102532,311.664658,16.124773,4.270,-25.88,-196.27,
102540,311.692700,-64.909256,6.700,86.40,-70.44,
102558,311.754425,58.416778,6.680,-2.06,-3.63,
102561,311.764889,-2.486860,6.280,-19.81,-21.53,
102571,311.794685,34.374103,4.930,39.26,8.24,
102585,311.836522,45.579989,6.410,4.22,-22.39,
102588,311.848543,-45.854508,6.830,9.48,-5.17,
102589,311.852196,36.490737,4.530,14.93,-8.20,
102599,311.889819,80.552352,5.360,-28.02,-36.91,
102618,311.918886,-9.495690,3.780,31.89,-35.32,
102624,311.934325,-5.027603,4.430,-3.30,-40.24,
102631,311.949399,3.306443,6.380,37.66,9.71,
102633,311.951367,6.008241,5.570,8.81,-13.01,
102635,311.955392,47.831912,5.600,-8.68,-17.58,
102642,311.970388,52.407579,6.290,71.97,-169.67,
102648,311.998281,39.287711,7.000,-3.25,-4.02,
102653,312.040510,2.715526,6.940,37.99,-23.94,
102658,312.053940,-16.521188,6.990,-40.82,-56.28,
102660,312.056916,-19.260236,6.810,36.30,-24.34,
102666,312.064823,-4.640166,6.960,-21.41,-47.66,
102670,312.076489,-44.196702,6.470,94.90,-53.31,
102680,312.102333,3.649034,6.780,3.68,1.54,
102684,312.106370,68.032630,6.980,40.07,108.97,
102693,312.120832,-43.988271,5.110,175.78,-112.17,
102712,312.178071,51.910325,6.260,6.42,2.39,
102724,312.234556,46.114141,4.810,-2.92,-2.62,
102725,312.235222,-68.791105,7.000,42.15,-61.28,
102755,312.300225,35.563637,6.600,12.06,-30.24,
102759,312.311472,-48.224531,6.960,-13.56,19.39,
102770,312.321889,-0.563275,6.240,-26.76,-25.36,
102771,312.322479,64.042269,6.450,-3.97,-4.81,
102772,312.323356,-25.781195,5.860,12.83,-18.62,
102773,312.326146,-68.776400,5.410,-64.57,-49.78,
102775,312.329208,58.748745,6.880,-4.01,-2.39,
102780,312.335592,-18.035773,6.200,0.20,-33.47,
102790,312.370538,-46.226892,4.900,37.85,27.28,
102801,312.402961,51.314414,6.650,8.25,-45.30,
102804,312.407047,50.127070,6.500,-12.85,4.95,
102805,312.407233,12.544891,6.010,54.06,97.46,
102819,312.451019,7.864155,6.320,26.21,12.43,
102827,312.477674,46.661328,6.330,4.53,3.85,
102831,312.491998,-33.779673,4.890,3.71,-20.19,
102833,312.496132,5.544557,6.200,43.16,1.02,
102843,312.520132,44.058982,5.060,122.68,132.30,
102869,312.625778,-24.982551,6.840,-78.48,-110.31,
102876,312.650038,30.912594,6.800,58.21,36.27,
102878,312.654228,18.051256,6.630,72.92,12.47,
102891,312.673757,-12.544730,5.870,127.05,-72.39,
102901,312.696473,-32.054450,6.420,-8.32,-63.27,
102910,312.733250,34.754001,6.640,28.34,8.04,
102912,312.737467,48.030409,6.980,22.72,33.94,
102916,312.753180,-37.913290,5.520,-6.71,-17.22,
102921,312.772546,51.417144,6.910,39.50,42.54,
102945,312.857051,-5.626636,5.990,95.77,1.25,
102949,312.867647,28.250519,5.660,3.92,-5.48,
102950,312.875208,-51.608167,5.060,-0.24,-4.95,
102954,312.890049,-27.244706,6.740,-1.61,-23.56,
102956,312.892276,49.654437,6.990,-18.05,-49.65,
102959,312.900929,-27.995263,6.840,41.48,2.33,
102962,312.910013,-62.429215,5.670,83.04,-49.38,
102978,312.955401,-26.919126,4.120,-7.97,-2.54,
102986,312.983147,8.772737,6.830,12.85,-10.82,
102989,312.994818,-33.177960,6.060,7.09,-5.62,
102993,313.001623,32.848916,6.420,0.24,-8.66,
103004,313.032190,27.097128,4.560,-72.33,-60.95,
103005,313.036221,-5.507044,5.550,1.26,-6.20,
103024,313.087347,55.051213,6.770,28.72,12.26,
103036,313.124631,18.027368,6.550,0.73,-15.26,
103037,313.129317,-13.202952,6.850,36.00,1.04,
103045,313.163357,-8.983238,4.730,47.06,-32.91,
103049,313.179724,-39.108619,6.890,-9.13,-4.25,
103062,313.223269,24.914602,6.630,-7.75,-7.87,
103071,313.254591,-23.783050,6.320,84.08,-62.70,
103077,313.273219,-11.573762,6.380,40.45,42.26,
103079,313.280713,29.649254,6.360,-4.78,-64.56,
103089,313.311439,44.387267,4.800,11.27,-2.44,
103094,313.327328,45.181683,5.480,8.60,-4.43,
103103,313.353906,-30.718909,6.350,34.13,-18.37,
103108,313.359933,42.410212,6.670,8.13,-4.71,
103114,313.384055,-19.113732,6.820,5.77,0.08,
103116,313.388834,31.626143,6.850,38.17,21.92,
103127,313.417301,-39.809628,5.340,44.22,-97.24,
103130,313.422104,59.307696,6.960,40.17,-28.28,
103145,313.474610,33.437809,5.470,-20.60,34.02,
103154,313.493217,-6.889407,6.440,26.15,-22.32,
103164,313.520040,-4.542195,6.780,54.63,7.35,
103168,313.527402,-27.925198,6.410,-11.68,-17.16,
103189,313.592701,40.702957,6.690,6.80,1.17,
103191,313.593309,28.522010,6.550,-0.01,-5.80,
103200,313.640155,28.057632,5.030,0.12,-4.17,
103206,313.646239,-50.727302,6.230,10.75,-15.93,
103213,313.666329,46.231191,6.670,13.81,1.71,
103219,313.684481,75.925467,5.990,30.92,42.29,
103224,313.695405,-18.792829,6.660,76.84,15.73,
103226,313.699385,-17.922853,5.780,-58.88,-17.03,
103227,313.702415,-58.454095,3.670,21.06,-24.75,
103242,313.740548,33.764024,6.930,-3.96,-7.67,
103261,313.784430,-1.373090,6.550,13.47,25.12,
103262,313.785131,1.813217,6.700,33.08,-2.34,
103263,313.788074,46.350262,7.000,-16.85,-43.88,
103282,313.860404,43.367269,6.730,-14.85,-18.25,
103294,313.902829,13.721564,5.190,18.36,-11.50,
103298,313.910638,12.568507,5.540,31.23,21.10,
103301,313.919344,4.532696,6.040,60.96,11.26,
103312,313.957525,47.417665,5.680,-2.82,-3.74,
103322,313.995849,44.373923,6.830,4.03,4.26,
103330,314.009073,27.575516,6.660,10.21,7.61,
103333,314.022492,9.260484,6.740,-15.95,-44.61,
103341,314.048280,43.424305,6.870,10.03,2.48,
103342,314.049906,75.719721,6.760,83.63,45.48,
103343,314.053267,51.075013,6.610,6.12,3.69,
103346,314.070855,56.887507,6.230,4.68,4.94,
103347,314.076007,-3.561711,6.570,23.16,7.12,
103348,314.078403,42.768764,6.680,-35.90,-18.05,
103359,314.106000,50.728650,5.830,40.36,-21.22,
103360,314.107865,49.195831,5.920,11.34,6.78,
103371,314.144909,44.924727,5.960,-0.24,-2.22,
103389,314.196959,-26.296220,5.700,95.07,-65.06,
103391,314.197719,1.715676,6.890,-2.49,-203.31,
103401,314.225124,-9.697517,5.490,-3.51,-11.53,
103413,314.293382,41.167194,3.940,8.51,-23.97,
103414,314.294043,0.463932,6.060,11.81,-62.98,
103420,314.303506,69.057653,6.820,-78.22,-34.93,
103422,314.304552,35.311707,6.620,4.19,8.33,
103455,314.414581,26.404846,6.930,273.13,95.85,
103458,314.418700,-44.127000,6.520,-515.51,-975.63,
103460,314.419223,-16.031544,5.890,51.27,1.73,
103472,314.453614,4.195487,6.840,3.67,-0.16,
103483,314.498712,8.062353,6.950,37.43,-1.83,
103503,314.548560,-69.146151,6.850,16.85,-28.90,
103510,314.564717,30.395883,6.540,60.30,22.57,
103511,314.568137,22.325918,5.300,-2.60,-4.08,
103516,314.577912,23.046352,6.570,20.17,-2.80,
103519,314.580757,44.471541,5.550,101.62,69.74,
103527,314.608179,10.839370,5.510,-47.95,-34.35,
103530,314.625107,50.461783,5.590,9.80,3.44,
103532,314.628935,41.939924,6.170,11.60,0.22,
103545,314.674471,-14.483081,5.950,-54.64,-19.31,
103550,314.688074,-3.841493,6.950,-15.89,14.01,
103559,314.731775,44.060411,6.650,19.24,16.02,
103568,314.764762,22.350418,6.780,-0.66,13.36,
103569,314.768929,4.293847,5.300,-113.43,-150.28,
103571,314.771570,4.294976,5.240,-113.43,-150.28,
103596,314.852526,42.324450,6.470,16.68,6.45,
103598,314.855552,59.438557,5.540,44.60,15.35,
103603,314.867674,40.960240,7.000,28.95,-1.27,
103606,314.871320,55.940098,6.660,-9.28,-12.93,
103616,314.900552,-19.035233,6.260,8.84,-20.76,
103621,314.920835,-62.877307,6.880,25.00,1.09,
103624,314.928766,38.822921,6.760,10.39,-1.52,
103632,314.956459,47.520945,4.740,7.25,2.47,
103633,314.956793,55.218033,6.800,4.12,-0.91,
103635,314.961736,16.824365,6.620,52.86,-9.22,
103637,314.963737,44.996449,6.640,0.98,1.15,
103640,314.978514,-13.051635,6.610,-28.67,1.28,
103641,314.979580,40.258311,6.580,232.32,210.00,
103645,314.994986,32.495706,6.850,-2.07,-28.23,
103646,314.998410,-36.129499,6.100,103.88,-58.20,
103652,315.016475,7.516180,5.980,48.10,6.98,
103654,315.020989,-69.578750,6.860,453.15,-282.58,
103673,315.089851,-51.265634,5.760,-88.47,132.61,
103675,315.115408,19.329726,5.690,-17.03,-59.66,
103681,315.136039,-5.477313,6.530,13.28,-17.10,
103682,315.140884,-4.729924,6.210,47.64,-138.75,
103687,315.168262,-35.291736,6.700,66.15,-65.56,
103693,315.180877,-53.739014,6.260,13.28,-22.98,
103703,315.215768,-17.530855,6.070,-31.09,-17.44,
103705,315.221422,-36.054120,6.640,39.40,62.56,
103728,315.284722,-13.530005,6.550,-0.17,5.47,
103732,315.295510,46.155765,5.380,6.14,3.43,
103734,315.303613,36.026025,6.010,-3.86,-6.36,
103738,315.322757,-32.257767,4.670,-2.09,-0.19,
103748,315.357901,-32.895602,6.860,-11.53,-2.26,
103752,315.366795,-68.209606,6.360,-15.51,5.30,
103777,315.438624,-26.880934,6.040,15.24,-24.68,
103779,315.447682,44.187117,6.760,22.86,-85.33,
103792,315.479211,57.071856,6.700,5.69,3.20,
103810,315.537485,56.669611,5.830,9.75,1.14,
103813,315.552114,7.179801,6.720,-5.55,-15.61,
103814,315.552801,-43.001878,6.640,67.02,-112.70,
103819,315.573632,-42.997142,6.900,71.24,-111.25,
103822,315.587320,39.509032,6.500,2.01,1.09,
103828,315.600852,44.790990,6.180,-6.09,-4.18,
103836,315.612718,-38.530558,5.930,154.93,-169.51,
103850,315.646243,48.030676,6.860,9.25,6.38,
103851,315.646792,-9.995655,6.550,-8.67,13.95,
103863,315.678853,3.350297,6.620,42.01,-18.96,
103865,315.688173,-19.248758,6.960,21.82,-11.83,
103868,315.696580,15.967122,6.880,-4.46,-2.92,
103871,315.702569,45.848899,6.500,2.48,-3.89,
103876,315.729448,32.349892,6.920,2.86,-3.45,
103882,315.741561,-38.631183,5.320,-27.86,-108.81,
103889,315.748427,-0.924747,6.500,7.26,1.10,
103891,315.757414,14.730014,6.330,25.64,4.79,
103892,315.762869,1.532190,6.240,-110.47,-53.03,
103894,315.770108,38.657429,6.100,18.54,-6.06,
103902,315.792358,-27.731506,6.250,35.15,-36.35,
103929,315.858463,50.351803,6.370,64.48,45.82,
103931,315.872892,-1.579646,6.910,21.41,-9.10,
103932,315.872971,-2.322124,6.990,-24.18,-33.13,
103930,315.873057,29.092546,6.960,-6.00,-19.28,
103938,315.900035,81.160852,6.940,20.93,29.08,
103949,315.931250,46.863290,6.320,-38.98,-57.57,
103956,315.948270,53.285823,5.930,42.14,32.09,
103963,315.967240,41.628304,6.340,-2.29,-53.33,
103981,316.019635,-5.823049,5.530,20.90,-7.01,
103988,316.033781,-47.960882,6.980,14.44,-14.58,
103998,316.058624,-50.435317,6.590,36.82,-16.37,
104019,316.101353,-19.854931,4.820,-39.01,-24.45,
104031,316.144349,5.502860,5.630,14.15,0.49,
104041,316.173470,2.942260,6.410,12.37,5.77,
104043,316.179286,-77.022869,5.130,13.83,-369.38,
104048,316.188833,2.269932,6.340,94.64,-66.08,
104060,316.232733,43.927851,3.720,8.60,0.35,
104085,316.309305,-54.726950,5.170,16.51,-37.55,
104101,316.361620,5.958489,5.940,-117.36,-119.06,
104105,316.371711,78.126322,5.910,19.04,28.71,
104125,316.420727,-44.949023,6.940,-28.17,-20.55,
104128,316.452026,15.327413,6.640,86.07,-80.29,
104135,316.481269,20.946770,6.830,20.83,-17.14,
104139,316.486581,-17.232711,4.080,79.64,-61.64,
104146,316.502098,62.921835,6.880,10.51,-12.44,
104148,316.504681,-30.124954,5.690,32.50,-68.66,
104171,316.597470,71.432079,5.880,-48.18,-116.00,
104172,316.597712,26.924408,6.130,43.50,-19.01,
104173,316.599585,-34.628774,6.810,35.13,-7.00,
104174,316.602838,-32.341638,5.200,-4.96,8.57,
104177,316.606239,-41.385936,5.550,29.24,-11.98,
104185,316.626007,31.184668,5.770,3.98,-4.78,
104189,316.639224,-0.105021,6.920,9.60,2.15,
104194,316.650367,47.648406,4.560,6.51,-0.99,
104202,316.665779,3.802996,6.480,94.78,50.31,
104204,316.672954,-20.180223,6.540,-47.31,-17.11,
104214,316.711813,38.741494,5.200,4155.10,3258.90,
104217,316.717468,38.734414,6.050,4107.40,3143.72,
104234,316.782023,-25.005748,4.490,-27.19,-43.37,
104265,316.841118,-0.765182,6.580,2.65,20.38,
104269,316.852980,-59.991912,6.770,-49.17,-16.34,
104276,316.874506,-19.088103,6.690,36.21,-61.42,
104279,316.886997,-0.163832,6.610,-4.97,-8.58,
104281,316.890059,15.658797,6.270,47.42,-57.48,
104291,316.920181,68.254068,6.880,8.11,3.71,
104293,316.926700,-2.052220,6.860,86.44,9.81,
104296,316.935424,-45.379452,6.450,31.35,-7.07,
104297,316.936153,-17.455788,6.180,29.87,-46.62,
104305,316.955037,1.153880,6.710,8.23,-45.82,
104308,316.963312,-54.216320,6.690,26.56,-81.50,
104313,316.974328,-48.940014,6.700,23.91,-46.47,
104324,317.002837,5.151657,6.730,-18.27,-16.50,
104338,317.039036,-0.989685,6.880,69.51,5.91,
104357,317.117272,6.989354,6.140,-9.93,1.66,
104364,317.136271,-63.928271,5.750,-6.33,4.50,
104365,317.140054,-21.193525,5.300,18.67,-59.22,
104371,317.161970,30.205688,5.600,25.35,-20.78,
104374,317.171974,-37.242689,6.870,17.89,-3.58,
104382,317.191725,-88.956511,5.450,25.96,5.02,
104385,317.198698,-76.212427,6.570,-32.66,-17.55,
104395,317.239384,-5.581751,6.580,-68.18,-51.28,
104396,317.241041,47.271001,6.970,24.20,1.36,
104398,317.243330,-28.477349,6.980,34.47,-129.02,
104429,317.314211,-20.193161,6.730,34.22,-4.46,
104430,317.316539,-0.234917,6.650,66.44,-2.53,
104434,317.325814,-37.933110,6.860,-3.18,7.82,
104436,317.331772,-82.027142,6.980,264.81,-48.34,
104440,317.339654,-73.172270,5.670,461.31,-287.24,
104441,317.342965,-36.705616,6.470,32.54,-132.30,
104444,317.354470,-16.615778,6.720,17.70,8.26,
104449,317.369994,63.295649,6.530,9.68,7.64,
104452,317.387188,-20.556331,6.250,118.49,-135.59,
104458,317.396949,75.227820,6.890,-15.94,-16.92,
104459,317.398303,-11.371655,4.500,92.31,-15.76,
104469,317.433526,-44.209810,6.530,10.74,-4.64,
104471,317.441194,19.210703,6.960,-0.47,20.66,
104481,317.492733,2.943600,6.440,20.44,33.59,
104483,317.494271,45.502555,6.600,7.60,0.10,
104499,317.524742,-29.721046,6.660,12.24,-5.60,
104501,317.531011,-64.025318,6.920,-6.98,-56.33,
104508,317.541640,-43.382692,6.560,12.01,-14.20,
104516,317.564803,53.563110,5.750,22.52,-3.70,
104521,317.585296,10.131949,4.700,49.07,-151.85,
104525,317.602097,-59.407714,6.960,19.54,-9.68,
104537,317.629003,47.692233,6.460,-4.08,-3.66,
104538,317.630477,10.048880,6.070,-0.23,17.23,
104539,317.633584,22.454664,6.710,22.87,-13.12,
104557,317.695294,-9.353931,6.270,116.83,-58.64,
104579,317.765695,36.299579,6.530,0.57,0.90,
104592,317.814823,45.674239,6.690,-2.28,-4.34,
104597,317.836945,-72.544279,6.180,33.90,-30.45,
104604,317.845021,-52.339292,6.980,-16.30,18.40,
104620,317.892848,-56.517162,6.930,20.06,-15.79,
104632,317.918228,70.441077,6.890,22.80,28.49,
104634,317.922144,-14.472378,6.470,38.52,0.10,
104642,317.951002,59.986619,5.640,-2.90,-3.58,
104643,317.952221,29.711712,6.850,-0.98,-11.14,
104653,317.986769,30.619080,6.540,56.38,25.18,
104677,318.051045,11.781543,6.960,5.51,-15.94,
104680,318.056951,-40.268828,5.830,57.41,-219.43,
104716,318.188675,84.258667,6.900,18.41,-4.08,
104717,318.188921,2.642785,6.980,-27.73,-20.00,
104719,318.196875,60.098010,6.910,-2.38,-3.76,
104728,318.222432,35.797719,6.750,-22.53,-23.41,
104732,318.234090,30.227081,3.210,6.87,-68.12,
104738,318.262198,-39.424644,5.250,187.36,-114.38,
104750,318.321947,-27.619059,5.410,98.92,-112.77,
104752,318.328905,-36.423536,5.970,34.19,3.61,
104755,318.335160,-70.126217,5.060,41.42,-20.34,
104756,318.339979,81.230961,6.120,-3.11,4.49,
104765,318.360105,36.633262,6.070,0.44,0.60,
104771,318.369855,15.982451,6.270,36.00,-22.94,
104773,318.372672,-47.550693,6.870,7.99,-1.21,
104788,318.426916,64.404208,6.380,17.13,-105.43,
104791,318.446385,70.027643,6.670,0.89,-13.42,
104810,318.507348,-22.212090,7.000,37.40,-11.59,
104822,318.542843,29.900961,6.180,3.71,-0.75,
104838,318.569461,-45.782567,6.890,-30.23,-81.38,
104839,318.569647,-10.605393,6.770,15.31,-0.09,
104858,318.619959,10.007719,4.470,42.32,-303.43,
104871,318.651528,56.883409,6.870,-11.83,-0.28,
104872,318.654286,0.092287,6.380,36.40,-12.61,
104884,318.692288,16.479222,6.950,23.64,-11.77,
104886,318.693946,64.750331,6.980,7.04,-1.65,
104887,318.697278,38.044320,3.740,195.74,410.02,
104907,318.758859,-49.097540,6.840,-18.63,-7.28,
104910,318.765916,-5.551788,6.980,-25.01,-40.85,
104914,318.777581,-17.345090,6.050,-0.04,-19.86,
104919,318.795378,51.281914,6.990,-3.44,-4.74,
104925,318.809626,-40.506080,6.200,101.68,6.12,
104929,318.821878,-58.929426,6.930,49.25,-75.56,
104941,318.863295,42.026065,6.600,59.58,130.26,
104962,318.904896,47.974002,6.450,2.21,-2.83,
104963,318.907877,-20.651691,5.170,15.39,-2.24,
104965,318.921224,-57.631318,6.540,25.48,-13.62,
104967,318.925966,16.727800,6.960,-60.11,-82.02,
104968,318.926632,77.012261,5.920,22.95,14.63,
104974,318.936782,-15.171513,5.310,24.79,5.06,
104978,318.940984,-53.263050,5.730,35.09,-14.12,
104980,318.944850,-36.210694,6.130,29.39,-6.28,
104987,318.955820,5.248074,3.920,59.63,-94.33,
105000,318.988397,25.433927,6.990,-65.40,-37.38,
105002,318.998367,-13.202532,6.620,12.82,-65.71,
105017,319.071319,44.238197,6.360,14.93,10.67,
105019,319.074083,-9.214664,6.450,-7.32,3.53,
105034,319.123411,42.251826,6.230,0.91,-15.73,
105046,319.164407,-1.607718,6.480,23.05,-16.94,
105064,319.258397,53.997597,6.120,37.79,39.45,
105079,319.306428,-13.278974,6.410,-9.41,-6.13,
105080,319.309290,55.797969,6.000,16.78,13.32,
105090,319.323797,-38.864575,6.690,-3259.00,-1146.99,
105091,319.328309,58.611491,6.420,-2.93,-2.71,
105101,319.346565,42.683567,6.170,9.72,2.24,
105102,319.353969,39.394690,4.220,0.43,-3.61,
105104,319.355288,8.234078,6.990,46.25,-6.42,
105106,319.356763,-30.745681,6.850,14.94,-4.39,
105116,319.401456,39.210061,6.980,29.95,-48.06,
105133,319.469003,-48.718055,6.540,-19.76,-86.04,
105138,319.479450,34.896881,4.410,11.96,6.85,
105140,319.484361,-32.172486,4.710,55.46,-22.12,
105143,319.488652,-17.985136,5.400,15.57,-0.68,
105148,319.501940,-64.681511,6.320,16.97,-28.55,
105164,319.546108,-4.519512,5.830,11.82,13.69,
105169,319.567507,-75.346666,6.610,20.46,-36.37,
105181,319.608961,-20.335412,6.620,-24.02,-27.78,
105184,319.612815,-43.334703,6.750,242.07,21.98,
105185,319.613131,-47.002164,6.960,78.33,-57.00,
105186,319.613257,43.945967,5.040,4.52,-9.07,
105193,319.635144,61.184401,6.430,-7.70,-3.23,
105199,319.644090,62.585455,2.450,149.91,48.27,
105205,319.664700,24.659498,6.610,-2.64,-16.29,
105214,319.682193,-61.351721,6.600,469.94,-445.89,
105219,319.689244,50.069352,6.960,7.77,-2.11,
105224,319.716722,11.203335,5.970,21.12,15.51,
105228,319.726336,-28.765658,6.400,-212.64,-66.68,
105229,319.730556,41.040529,6.150,-5.39,-4.72,
105237,319.750112,39.749324,6.680,14.87,7.25,
105244,319.763055,-32.356071,6.960,-20.65,-25.82,
105250,319.780671,61.858463,6.660,-1.67,-4.99,
105254,319.796709,17.822384,6.700,-3.04,-65.80,
105256,319.812207,-16.179469,6.910,17.07,-32.03,
105259,319.815383,58.623510,5.510,-3.55,-3.28,
105264,319.832568,38.806584,6.990,1.56,-2.94,
105267,319.835354,-13.047944,6.880,33.16,-1.18,
105266,319.835565,-47.054496,6.660,-1.55,-37.57,
105269,319.842418,38.237482,5.890,-0.18,-3.33,
105268,319.842554,64.871842,5.190,5.08,5.31,
105275,319.854393,58.326496,6.990,22.79,24.50,
105282,319.869740,49.510289,5.750,14.52,1.98,
105295,319.913957,9.525326,6.990,20.79,-13.65,
105298,319.919841,53.058108,6.820,8.96,-0.44,
105312,319.941683,-26.352011,6.560,-582.35,-357.67,
105319,319.966183,-53.449264,4.390,107.37,-67.12,
105334,320.039511,-45.021900,6.150,1.02,3.00,
105344,320.058628,22.026172,6.290,4.00,5.61,
105352,320.085573,33.485459,6.930,9.50,-10.70,
105357,320.105931,60.687266,6.730,5.39,-16.68,
105370,320.139579,60.756454,6.110,-43.02,-19.80,
105382,320.189932,-40.809509,4.800,76.18,17.66,
105390,320.208385,32.452331,6.450,58.60,-45.18,
105406,320.255994,40.345574,6.390,-18.89,-208.92,
105411,320.267662,23.856258,5.580,243.57,-120.04,
105412,320.268024,-4.560152,5.870,-12.89,11.04,
105413,320.270002,7.354546,5.810,41.25,-17.88,
105425,320.319178,-49.937855,6.400,-2.34,-161.95,
105430,320.335152,46.729799,6.730,35.05,11.93,
105431,320.339834,10.332378,6.720,41.29,-40.89,
105432,320.341368,32.612768,6.050,14.40,-14.29,
105439,320.348792,-51.752398,6.750,-123.20,-90.21,
105476,320.454549,-29.166018,6.530,13.28,-21.86,
105478,320.459624,1.361666,6.790,17.53,-19.81,
105491,320.494374,-9.327860,6.810,12.00,-45.52,
105497,320.501603,49.388699,5.680,37.46,61.45,
105500,320.507097,4.345626,6.690,23.58,-4.93,
105502,320.521391,19.804356,4.080,105.94,62.61,
105515,320.561573,-16.834555,4.280,30.83,5.26,
105526,320.588788,77.090326,6.560,-14.34,-27.72,
105534,320.611510,-3.130096,6.670,-43.14,-14.87,
105540,320.620628,49.491421,6.850,12.22,-8.54,
105548,320.649675,2.918532,6.530,24.49,-8.65,
105550,320.654253,-5.633252,6.930,-8.84,-26.30,
105557,320.674999,76.554728,6.850,-128.62,135.69,
105558,320.675133,30.309864,6.070,38.64,7.54,
105560,320.688684,-48.457025,6.950,-1.05,-156.58,
105561,320.695165,38.634321,6.630,-6.92,-19.11,
105570,320.723257,6.811113,5.160,52.66,11.15,
105574,320.734464,-9.319273,5.990,-27.44,-23.40,
105576,320.751965,-22.669049,5.630,36.82,0.39,
105607,320.845786,37.406482,6.550,52.59,25.79,
105623,320.897432,14.050197,6.760,5.19,-8.52,
105635,320.937470,69.534465,6.930,-7.84,-10.24,
105637,320.951636,37.351498,6.460,-5.95,-6.86,
105646,320.982744,-25.202428,6.470,58.02,-23.10,
105652,320.994750,24.274092,5.700,136.43,18.11,
105660,321.030934,25.312402,6.200,39.37,9.03,
105662,321.033081,-22.747071,6.380,-21.59,-12.35,
105665,321.039992,-20.851560,5.380,-7.69,-126.94,
105668,321.047661,-12.878130,5.480,91.67,8.96,
105678,321.069727,-69.733864,6.280,9.39,-7.43,
105683,321.086429,-24.422437,6.730,40.32,-26.26,
105685,321.086679,-46.614671,6.300,48.18,-14.57,
105688,321.094400,30.936617,6.730,35.48,6.61,
105689,321.096300,24.528417,6.350,34.94,-9.96,
105695,321.102176,10.174203,6.330,70.85,20.13,
105696,321.103328,-41.006695,5.760,26.40,-0.23,
105703,321.141557,26.174545,5.670,48.93,6.42,
105712,321.168419,-68.228245,6.980,140.88,169.39,
105727,321.205837,80.524854,5.970,42.61,-11.38,
105729,321.215329,-3.398235,6.380,-6.64,-50.25,
105733,321.231060,49.323158,6.570,-18.21,-12.15,
105738,321.248970,27.418010,6.990,4.12,-4.11,
105761,321.304239,-9.748140,5.710,16.65,-169.45,
105764,321.315612,-34.856558,6.920,13.74,-71.09,
105767,321.320687,-3.556578,5.480,-12.39,-69.77,
105768,321.325053,-71.799073,6.090,17.40,4.88,
105769,321.330785,46.714224,5.590,188.61,48.20,
105779,321.347733,-45.161866,6.830,18.14,-15.69,
105782,321.353763,-14.277339,6.850,12.92,-1.11,
105810,321.443294,15.617770,6.800,-20.13,-21.37,
105811,321.445917,36.667408,5.930,6.91,-8.89,
105815,321.452261,-23.822060,6.510,16.03,-15.73,
105819,321.464812,0.534306,6.450,50.00,13.84,
105833,321.530921,18.065103,6.830,2.23,-1.99,
105841,321.564326,-54.660554,6.100,1.24,38.69,
105854,321.594792,-37.829403,5.640,167.05,-10.91,
105856,321.604446,-12.095000,6.700,28.48,-203.71,
105858,321.610384,-65.368144,4.210,81.08,800.68,
105860,321.610887,19.375598,6.080,80.23,17.28,
105864,321.616619,1.103752,6.120,110.49,-161.72,
105881,321.666782,-22.411378,3.770,-2.61,18.88,
105891,321.687312,52.898525,6.010,15.62,5.02,
105898,321.714875,48.835105,5.290,57.95,26.02,
105902,321.727946,10.667864,6.970,56.46,-8.54,
105913,321.756924,-42.547966,5.500,-49.29,14.46,
105918,321.777758,16.124387,6.720,-79.74,-96.55,
105928,321.811811,-21.196128,5.780,-24.64,-33.95,
105933,321.820657,5.391671,6.780,-44.41,-39.67,
105942,321.839018,37.116792,5.300,2.49,2.66,
105949,321.855426,59.750114,6.110,-21.73,-16.04,
105966,321.916792,27.608544,5.390,41.75,20.44,
105972,321.942322,66.809146,5.420,-10.22,-20.72,
105986,321.976348,46.561516,6.860,-0.35,-1.53,
105998,322.020754,62.096501,6.700,-10.67,-8.28,
106003,322.033995,32.225137,5.750,134.05,79.39,
106004,322.043747,-52.302387,6.790,40.99,-4.07,
106007,322.058076,-11.568174,6.610,16.21,-43.84,
106015,322.090213,-2.885314,6.880,10.28,-19.13,
106021,322.103474,8.195711,6.390,6.89,-27.25,
106032,322.164896,70.560695,3.230,12.60,8.73,
106036,322.176090,25.921380,6.560,19.29,-14.38,
106039,322.180483,-21.807167,4.500,133.97,-5.47,
106044,322.186614,-69.505273,5.470,82.31,-46.41,
106049,322.202157,49.795105,6.790,-11.59,-4.03,
106052,322.219675,55.418668,6.140,15.68,14.14,
106053,322.219961,11.084788,6.650,74.24,17.10,
106062,322.248988,22.179404,5.840,33.24,13.06,
106064,322.249678,17.905908,6.420,-9.12,0.61,
106065,322.250319,-53.705850,6.390,70.11,-25.53,
106067,322.265541,-31.238531,6.520,16.40,-11.50,
106071,322.276404,44.923086,6.940,-2.82,-3.28,
106081,322.314202,28.583346,6.750,-32.81,-143.07,
106085,322.335601,67.050987,6.910,24.11,21.85,
106093,322.362138,46.540332,5.220,43.33,104.05,
106103,322.393725,6.581387,6.410,4.50,-3.46,
106108,322.403006,46.426454,6.720,8.27,2.47,
106115,322.417280,-14.026776,6.860,15.10,-67.71,
106128,322.464287,-43.507315,6.960,55.87,-46.74,
106140,322.486999,23.638829,4.520,24.39,3.52,
106143,322.498145,-19.147720,6.570,33.29,-44.05,
106145,322.503710,45.494193,6.950,2.98,-2.91,
106171,322.584621,52.957958,6.020,21.00,16.65,
106184,322.607644,44.874979,6.770,7.53,5.62,
106199,322.668222,-14.291127,6.630,-10.67,-35.04,
106215,322.702288,31.957762,6.960,29.59,20.76,
106226,322.746389,70.823225,6.970,9.93,-3.95,
106227,322.747057,60.459440,5.530,-1.68,-3.31,
106230,322.754990,59.418065,6.860,137.24,42.13,
106243,322.790074,12.137513,6.100,18.11,-15.74,
106256,322.825683,52.195406,6.690,29.39,56.03,
106259,322.840964,-83.033687,6.950,-11.51,16.64,
106267,322.864430,52.619860,6.170,0.62,-1.65,
106278,322.889670,-5.571156,2.900,22.79,-6.70,
106293,322.926629,48.584665,6.840,-7.88,-19.33,
106306,322.958942,23.845162,6.430,8.81,7.07,
106320,323.011928,-84.809997,6.420,31.31,-29.78,
106327,323.024421,-41.179336,5.290,19.29,10.69,
106340,323.060730,-33.944613,5.970,-5.81,-4.04,
106346,323.071146,48.443873,6.580,-5.34,-17.88,
106351,323.092044,-12.267292,6.730,33.66,-7.83,
106355,323.112486,23.394576,6.690,28.41,3.66,
106363,323.138410,-24.590433,6.430,68.94,6.21,
106373,323.166482,42.295676,6.920,2.71,-57.20,
106393,323.235740,49.977601,5.770,15.81,11.86,
106409,323.292157,48.303455,6.830,-8.62,-20.83,
106419,323.323422,-52.737739,6.430,-9.72,-14.02,
106420,323.324527,45.854024,6.270,-2.34,-3.98,
106424,323.337786,-80.039308,6.470,22.52,-22.09,
106429,323.348054,-44.848695,5.570,-18.92,-2.29,
106474,323.476965,-82.683078,6.350,22.61,-2.50,
106481,323.495304,45.592066,3.980,-24.48,-93.88,
106483,323.505700,-46.610614,6.910,7.81,-46.57,
106488,323.531715,-4.368171,6.690,49.52,3.74,
106495,323.562868,-3.410533,6.850,-6.50,-22.75,
106500,323.571577,-42.924659,6.320,-27.92,-8.34,
106515,323.607671,66.726523,6.950,-25.77,-31.29,
106518,323.614416,51.698470,6.170,3.71,-1.81,
106527,323.641530,22.754651,6.450,11.73,-53.45,
106541,323.666717,-36.646974,6.880,5.20,-8.42,
106544,323.678172,1.829189,6.410,13.22,-11.36,
106550,323.691204,18.328902,6.470,37.01,11.38,
106551,323.693656,38.533827,4.870,116.80,93.30,
106554,323.695795,19.936408,6.890,-11.70,-7.28,
106559,323.712788,-20.084382,5.700,-28.98,44.40,
106564,323.720801,-29.696081,6.420,14.34,-15.02,
106566,323.721971,-51.827016,6.720,-211.41,-66.17,
106568,323.729063,-20.252563,6.740,-0.92,-63.97,
106578,323.785995,43.703289,6.810,1.86,4.83,
106586,323.806947,-34.329439,6.860,36.52,-112.56,
106590,323.816280,-23.454278,6.390,78.05,-14.26,
106592,323.823443,-3.983293,5.790,-9.59,-4.80,
106595,323.829268,28.197687,6.250,138.92,-33.22,
106604,323.857957,68.219251,6.470,17.80,15.72,
106605,323.862620,24.452187,6.220,11.99,-10.83,
106642,324.010176,45.374587,5.960,64.44,1.85,
106643,324.021199,15.082210,6.500,-82.80,-88.95,
106654,324.045433,-26.171457,5.730,107.81,-24.30,
106661,324.058406,30.055276,6.360,-52.47,59.73,
106686,324.135836,-5.052496,6.930,-2.59,-10.57,
106703,324.203122,-33.047892,6.100,74.04,-1.89,
106711,324.237404,40.413491,5.040,-1.50,12.47,
106715,324.243923,-18.743673,6.900,49.09,-46.28,
106723,324.270095,-19.466014,4.510,13.48,0.81,
106752,324.366146,44.696615,6.190,-1.01,-26.68,
106755,324.371326,4.682458,6.540,-11.23,-1.05,
106758,324.390721,-0.390494,6.220,-22.89,-27.76,
106771,324.411724,54.042194,6.160,-4.90,-0.74,
106783,324.431714,6.618396,6.190,57.92,-2.09,
106786,324.437675,-7.854142,4.680,114.29,-24.44,
106787,324.439035,19.318575,5.460,99.51,13.43,
106790,324.452731,39.317175,6.760,17.74,0.42,
106801,324.480112,62.081947,4.760,-1.90,-2.84,
106818,324.511686,-64.824145,6.220,31.86,-9.21,
106834,324.570702,-69.630119,6.780,31.12,-21.75,
106856,324.632807,5.771673,5.660,112.64,28.64,
106870,324.671831,-4.150326,6.730,-10.94,-30.23,
106872,324.688181,25.498818,6.180,-1.97,4.74,
106881,324.733970,-79.442518,6.170,70.81,-26.91,
106886,324.740084,57.489050,5.740,-1.71,-5.04,
106897,324.754636,20.265454,5.770,122.57,-1.14,
106907,324.775275,-33.678752,6.280,71.63,-42.75,
106913,324.791245,-27.306368,6.750,384.53,-83.82,
106938,324.867056,-10.576769,6.070,27.36,-52.30,
106942,324.880794,-0.051141,6.660,237.72,12.68,
106944,324.888687,2.243763,5.100,-32.70,-84.17,
106955,324.926962,-42.445595,6.640,11.87,2.91,
106968,324.967009,-43.132006,6.730,-22.94,4.53,
106969,324.973854,39.514941,6.980,49.25,4.97,
106970,324.974848,44.432145,6.770,7.82,-0.91,
106973,324.979631,51.476879,6.740,-1.51,-11.24,
106978,324.998899,-52.359026,6.200,-18.75,6.71,
106981,325.007732,9.184721,6.960,44.03,13.49,
106985,325.022259,-16.662253,3.690,187.39,-22.33,
106999,325.046087,43.273800,5.090,60.51,16.08,
107019,325.113922,-34.534571,6.710,-56.54,-104.07,
107026,325.134932,59.752693,6.900,55.33,25.20,
107028,325.139477,10.612249,6.900,-1.72,-8.95,
107030,325.140383,-55.738000,6.330,18.50,9.44,
107041,325.180414,54.872142,6.160,8.02,2.96,
107046,325.200960,3.896902,6.830,5.12,6.27,
107066,325.265759,34.675152,6.930,3.70,-2.82,
107079,325.327742,-35.585042,6.920,-9.66,4.04,
107084,325.345258,21.944031,6.990,1.58,-9.62,
107089,325.368638,-77.389462,3.730,64.83,-240.38,
107095,325.387220,-14.046860,5.160,-122.06,-308.64,
107097,325.392786,40.805338,6.070,-17.45,-47.70,
107103,325.413988,-32.530854,6.870,60.57,-62.59,
107112,325.442596,-25.101529,6.510,-13.68,4.98,
107119,325.479484,71.311187,4.550,119.48,94.49,
107128,325.502662,-23.262626,5.240,91.12,-95.50,
107129,325.504500,35.510196,5.980,5.45,1.94,
107136,325.523582,51.189627,4.690,5.25,-2.11,
107140,325.534808,45.765745,6.110,0.55,-19.84,
107144,325.542147,1.285273,5.660,-5.89,-8.31,
107151,325.564354,5.680151,5.300,11.21,-5.78,
107162,325.595586,41.077023,5.730,23.38,-1.60,
107164,325.600780,57.736065,6.900,-2.71,-4.75,
107173,325.637281,10.824345,6.060,17.39,-12.57,
107186,325.661701,49.600265,6.100,3.03,-3.30,
107188,325.664238,-18.866301,4.720,145.90,-9.05,
107191,325.668994,63.721564,6.880,-149.40,-78.50,
107197,325.689050,59.270841,6.100,-4.33,1.44,
107214,325.727710,23.321771,6.980,1.04,-12.30,
107215,325.733427,54.561930,6.960,28.40,-20.62,
107225,325.758354,-43.495947,6.670,206.36,-62.61,
107230,325.767190,72.320183,5.180,-43.24,-40.59,
107232,325.768334,-14.399759,5.880,-3.75,20.35,
107235,325.777012,41.155000,5.510,-15.96,-12.20,
107238,325.806177,-19.620931,6.230,83.15,-12.44,
107253,325.856779,38.283601,5.690,34.65,-4.91,
107259,325.876896,58.780053,4.230,5.24,-2.88,
107268,325.902624,38.304627,6.990,25.17,-26.66,
107271,325.915773,7.528794,6.470,-28.04,-56.51,
107297,325.992169,22.815394,6.430,-20.65,-43.48,
107299,325.996486,-57.325119,6.490,-116.86,-52.55,
107300,326.002083,-57.282925,6.860,-113.96,-53.24,
107302,326.004078,-14.749396,5.960,-22.48,10.31,
107310,326.035019,28.743222,4.490,260.33,-242.73,
107315,326.046418,9.875008,2.380,30.02,1.38,Enif
107323,326.075043,-55.473019,6.880,30.71,-23.80,
107326,326.079933,28.781734,6.890,0.48,-53.38,
107336,326.099493,-4.730885,6.660,-25.64,-4.72,
107339,326.105945,46.862772,6.610,-11.75,23.78,
107344,326.122546,-38.552136,6.280,81.42,-162.06,
107348,326.127877,17.350044,4.340,7.90,-10.75,
107350,326.129960,14.772215,5.960,231.08,-113.45,
107354,326.161268,25.645003,4.140,46.66,13.47,
107355,326.162058,58.225640,6.800,67.35,24.10,
107367,326.200818,2.992129,6.980,16.28,-10.04,
107374,326.222014,62.460574,5.940,-2.98,-2.80,
107380,326.236616,-33.025553,4.350,31.79,-94.00,
107382,326.251029,-9.082424,5.100,12.96,-1.65,
107398,326.301670,52.267579,6.400,-2.37,-0.76,
107409,326.327795,-49.498877,6.460,71.18,47.71,
107412,326.341036,-12.783353,6.690,93.55,0.40,
107418,326.362205,61.120810,4.250,-3.08,-1.86,
107423,326.370022,-71.008822,6.020,13.09,-11.43,
107445,326.435196,35.857284,6.440,91.76,11.06,
107462,326.485227,25.583433,6.570,13.18,-5.87,
107472,326.518161,22.948885,5.290,9.07,-2.35,
107487,326.567744,-9.275954,6.000,17.60,7.85,
107488,326.569132,43.060749,6.520,15.84,9.11,
107496,326.582221,-62.549704,6.910,39.69,-37.45,
107502,326.599350,25.563373,6.280,162.41,53.97,
107504,326.600482,-32.714637,6.760,31.00,-25.35,
107516,326.632637,-2.212806,6.520,26.95,20.47,
107517,326.633667,-11.365932,5.570,30.36,-9.25,
107527,326.675297,-11.697526,6.990,35.50,-131.13,
107531,326.692612,13.719606,6.670,28.10,4.68,
107533,326.698358,49.309575,4.230,3.61,-1.86,
107555,326.753616,70.150943,6.450,-10.46,-25.07,
107556,326.759522,-16.126566,2.850,263.26,-296.23,
107558,326.769568,17.194075,6.180,103.75,-13.93,
107575,326.808160,2.686131,5.630,6.28,-2.83,
107585,326.853294,-4.608618,6.850,34.24,-11.67,
107586,326.855448,60.692694,5.530,-9.68,-1.84,
107593,326.894218,-37.951982,6.780,-28.48,-21.28,
107596,326.909168,-5.916840,6.170,65.31,15.77,
107608,326.934055,-30.898306,5.020,-34.53,0.64,
107637,327.035048,36.580403,6.250,-23.83,-5.96,
107648,327.062431,65.170660,6.740,23.99,7.37,
107649,327.065037,-47.302898,5.570,165.64,-295.00,
107657,327.097951,32.796181,6.820,4.14,0.80,
107664,327.122256,38.648579,6.100,24.01,-1.60,
107669,327.144732,-47.775629,6.790,-5.03,0.06,
107690,327.226716,-56.274005,6.550,21.66,-1.28,
107702,327.258037,-5.403644,6.660,-52.57,-42.48,
107710,327.283849,66.792193,6.490,-20.83,-66.26,
107723,327.329214,61.272816,6.180,0.17,-23.07,
107726,327.339899,15.761153,6.840,27.48,6.16,
107734,327.361941,20.462444,6.270,1.69,0.83,
107749,327.417068,41.148801,6.480,-2.93,-5.62,
107750,327.420931,-12.722915,6.310,-8.69,20.81,
107757,327.439272,-46.610886,6.980,27.21,-39.22,
107763,327.461175,30.174279,5.070,18.89,-26.14,
107773,327.500543,-64.712444,5.620,-3.60,-38.31,
107775,327.508060,-47.725111,6.540,7.11,-8.89,
107777,327.510354,52.697319,6.580,-2.13,-0.88,
107788,327.536017,17.285957,5.340,91.28,-43.45,
107797,327.554041,-16.844900,6.380,18.41,-5.60,
107813,327.628426,32.657714,6.790,-65.80,-48.92,
107820,327.647570,-8.982451,6.540,64.35,-43.15,
107835,327.696774,-69.629405,5.520,-24.77,-4.73,
107843,327.726036,-82.718824,5.270,68.15,-33.03,
107856,327.770724,39.536649,6.200,8.85,3.55,
107877,327.851625,-23.270414,6.850,341.35,-84.82,
107886,327.890543,0.770585,6.600,-7.73,-16.36,
107887,327.892648,19.826649,5.780,20.51,13.33,
107893,327.905224,65.752761,6.370,-6.43,-20.83,
107896,327.917409,19.306939,6.820,-35.39,-8.45,
107901,327.923580,-18.622752,6.190,144.14,-77.24,
107914,327.951143,64.899937,6.840,21.53,-6.31,
107919,327.966102,11.091197,6.660,75.06,26.56,
107923,327.980809,48.437088,6.880,-11.92,8.97,
107928,327.994328,-55.779078,6.980,5.15,3.30,
107929,328.001860,55.791937,6.560,13.42,13.05,
107930,328.004260,55.796745,5.700,18.90,-0.53,
107952,328.054062,79.551739,6.510,9.62,13.57,
107956,328.075723,21.273103,6.270,15.89,24.52,
107962,328.088487,-3.174633,6.620,20.87,-9.33,
107963,328.089466,-41.412606,6.840,2.61,-20.29,
107971,328.112783,54.682977,6.830,33.06,16.32,
107975,328.124817,28.793692,5.520,-58.67,-63.26,
107984,328.146457,62.712175,6.700,-2.31,-1.21,
107993,328.187267,-3.992061,6.660,23.31,15.45,
107995,328.195246,73.702216,6.640,39.06,22.81,
108012,328.243128,15.932101,6.890,65.46,19.88,
108018,328.253943,-10.562506,6.890,33.77,-40.71,
108022,328.265678,25.925139,5.090,9.12,0.34,
108029,328.279759,56.212548,6.860,27.11,3.90,
108034,328.299721,71.989714,6.990,7.85,-10.83,
108035,328.311282,-36.896510,6.960,-7.78,-49.67,
108036,328.323266,-13.551801,5.080,313.03,13.67,
108039,328.332595,53.997210,6.610,-8.80,-12.39,
108058,328.400110,-10.311617,6.570,15.81,-1.11,
108060,328.405696,19.668380,5.690,22.10,23.51,
108084,328.478295,28.342210,6.780,-160.33,-114.17,
108085,328.481892,-37.364823,3.000,95.88,-12.10,
108090,328.490500,6.864770,6.140,79.36,14.05,
108102,328.543092,-4.275957,5.710,52.23,-91.47,
108119,328.572662,19.718151,6.360,-34.28,-12.44,
108123,328.579403,-36.061531,6.740,16.20,-22.45,
108127,328.591786,12.751092,6.610,8.33,-12.39,
108129,328.593681,-85.033583,6.590,-25.51,10.91,
108133,328.610600,80.308594,6.430,1.99,-14.49,
108144,328.649580,-3.301192,6.240,26.66,-33.04,
108151,328.678840,67.753755,6.960,34.24,18.94,
108165,328.721492,56.611233,5.740,-3.72,-2.20,
108174,328.748302,53.935391,6.920,149.44,87.03,
108195,328.797246,-61.886388,5.920,43.53,-90.56,
108209,328.835827,61.541817,6.170,-2.48,-3.04,
108212,328.837400,20.849055,6.680,27.29,-19.25,
108213,328.838576,36.146270,6.720,-25.02,-20.76,
108220,328.864352,-70.115280,6.650,43.81,-35.52,
108226,328.879129,65.320812,5.840,5.74,-1.37,
108232,328.892300,-70.068224,6.630,47.98,-32.01,
108233,328.896269,53.243213,6.680,9.11,4.96,
108258,328.981032,-46.927819,6.550,-128.25,-58.47,
108259,328.981682,-30.605872,6.410,53.50,-20.00,
108268,329.014266,-52.463666,6.500,22.07,-38.62,
108278,329.050085,33.365838,6.990,-39.81,-34.37,
108281,329.058490,-57.899606,6.170,16.13,6.43,
108294,329.094951,-37.253631,5.450,-25.18,-9.61,
108296,329.099931,21.239823,6.390,1.73,14.62,
108301,329.113751,59.795104,6.890,22.24,-0.12,
108316,329.149781,21.161138,6.870,39.73,40.18,
108317,329.163101,63.625567,5.110,-0.33,-3.82,
108327,329.191659,-17.897057,6.760,17.21,-0.11,
108339,329.234953,12.076526,5.540,-28.38,-13.92,
108347,329.258928,-37.746856,6.180,8.81,5.11,
108348,329.259250,48.668564,6.510,5.77,0.80,
108353,329.270428,46.592439,6.780,5.89,0.57,
108354,329.271151,-76.211373,6.680,-98.99,14.91,
108364,329.296217,66.156154,6.410,5.84,-0.32,
108372,329.323616,61.295318,7.000,-2.01,-3.67,
108378,329.350792,66.139076,6.550,5.28,2.32,
108402,329.413959,-8.564330,6.800,10.61,5.82,
108420,329.462775,74.996740,6.320,-3.40,-10.65,
108431,329.479296,-54.992567,4.400,43.00,-3.67,
108453,329.555350,-5.424667,6.330,41.40,-104.86,
108456,329.556381,82.869666,6.920,-129.14,-74.41,
108471,329.613808,14.022331,6.530,33.89,-58.19,
108473,329.619006,3.777240,6.950,-248.23,-133.05,
108478,329.625303,-59.012210,6.130,6.81,28.65,
108479,329.625552,-41.720973,6.770,-22.30,-6.40,
108484,329.645626,-44.062489,6.540,13.74,-50.15,
108490,329.671150,29.813569,6.950,-361.74,-386.30,
108494,329.682402,-21.182929,6.060,27.77,-6.28,
108505,329.722950,62.697952,5.960,12.03,14.14,
108506,329.729108,-4.372494,6.240,-0.99,-252.83,
108513,329.748517,19.020384,6.500,76.56,-33.65,
108535,329.812932,73.180284,5.040,-68.28,-159.81,
108543,329.824501,-38.395093,5.500,42.47,-0.98,
108553,329.845263,57.658548,6.580,-5.50,-9.92,
108566,329.882192,10.576470,6.990,11.40,5.77,
108603,330.014085,65.432777,6.930,-2.50,-2.19,
108612,330.032996,6.717436,6.000,14.53,0.70,
108621,330.071216,34.629601,6.870,4.77,-2.21,
108626,330.100930,-55.883451,6.020,23.69,-14.44,
108632,330.111293,33.005788,6.460,-14.63,57.44,
108650,330.163610,62.487802,6.670,-1.71,-2.88,
108661,330.209229,-28.453737,5.430,14.81,0.30,
108681,330.246171,-36.556223,6.710,19.87,-38.08,
108691,330.270879,0.604743,5.600,7.14,-11.60,
108693,330.272146,13.119961,5.610,57.60,-56.74,
108699,330.288497,8.257171,5.650,-7.35,-2.77,
108745,330.429182,41.539177,6.990,-10.63,-12.53,
108758,330.460742,52.882246,5.790,9.99,2.67,
108759,330.469367,-77.662529,6.390,-11.96,-6.41,
108766,330.505700,10.973802,6.360,10.84,1.53,
108772,330.519066,58.000370,5.550,-3.47,-1.59,
108779,330.530546,-75.678992,6.670,9.11,-37.00,
108784,330.549094,-17.903329,6.280,117.62,-59.86,
108789,330.566662,36.982846,6.950,-1.38,-13.36,
108797,330.609355,-16.964833,6.390,5.94,-1.09,
108809,330.637407,-32.133804,6.630,-19.49,22.64,
108812,330.655223,33.379388,6.990,30.10,1.47,
108814,330.660391,15.986536,6.710,12.49,-19.04,
108817,330.672209,-27.367300,6.910,-26.54,-33.66,
108829,330.706389,66.064241,6.760,24.88,18.87,
108845,330.736158,44.649942,5.570,-21.46,-32.32,
108849,330.765592,-76.118266,5.940,27.81,-66.28,
108868,330.818464,-6.522427,5.550,47.80,8.65,
108870,330.822665,-56.779806,4.690,3959.97,-2538.84,
108874,330.828457,-2.155336,4.740,24.81,-11.14,
108875,330.829259,11.386556,5.830,16.71,-1.63,
108903,330.897901,-55.976731,6.880,-241.03,-94.62,
108917,330.946508,64.627754,4.260,214.46,89.29,
108924,330.970542,63.119779,5.260,36.70,58.29,
108925,330.974424,59.814579,6.690,-3.54,-1.52,
108933,331.027995,44.345125,6.560,-0.53,-2.90,
108938,331.053562,59.867156,6.960,7.58,3.54,
108952,331.099309,-29.916538,6.450,2.82,3.35,
108960,331.124647,-25.883306,6.730,87.41,26.61,
108963,331.129624,10.240347,6.930,-44.72,-13.87,
108969,331.143807,32.941763,6.360,6.11,-7.82,
108975,331.153162,-26.822336,5.970,12.59,-9.54,
108978,331.163169,-28.435053,6.990,-18.80,20.91,
108991,331.197641,-0.906240,5.290,-20.05,-42.57,
109002,331.235656,47.234503,6.920,59.37,31.33,
109005,331.251999,62.785529,5.270,14.19,58.43,
109009,331.264466,14.815955,6.380,-13.53,-14.89,
109017,331.286630,62.279821,5.070,-1.76,-3.01,
109023,331.297148,26.673618,5.750,28.42,29.23,
109029,331.307735,63.578414,6.930,23.01,0.93,
109033,331.318852,46.744885,6.160,-28.13,-20.22,
109052,331.383957,0.627608,6.990,-10.10,-12.41,
109056,331.394394,28.964004,5.690,30.03,-9.48,
109068,331.419550,5.058285,4.860,101.60,101.19,
109074,331.445939,-0.319827,2.950,17.90,-9.93,
109079,331.460157,45.112512,6.500,13.08,-3.32,
109081,331.462298,-59.635942,5.620,56.46,-53.57,
109082,331.463416,48.231505,6.260,-1.62,-4.33,
109096,331.493948,53.623369,6.980,16.48,-14.24,
109102,331.508166,45.014386,5.090,-9.35,-15.36,
109108,331.517251,-43.966142,6.940,67.64,-33.81,
109111,331.528765,-39.543049,4.470,-24.16,-125.17,
109121,331.551025,45.248703,6.190,23.25,-5.46,
109124,331.556455,56.343390,6.380,16.36,2.56,
109139,331.609189,-13.869540,4.290,40.45,-57.16,
109155,331.661974,2.439494,6.510,19.51,-13.91,
109176,331.751977,25.345046,3.770,296.73,26.93,
109181,331.760697,11.767752,6.830,-27.44,-34.83,
109190,331.790218,58.840772,6.340,-16.06,-22.30,
109191,331.794722,72.372742,6.840,83.91,43.90,
109199,331.812911,-22.240713,6.830,20.07,18.22,
109201,331.825434,-10.446870,6.870,8.59,-1.22,
109205,331.856620,53.307447,6.170,-3.05,-3.80,
109209,331.868822,19.475436,5.740,121.91,36.78,
109212,331.874801,18.000790,6.310,23.23,-33.21,
109214,331.876373,-68.023352,6.990,-238.93,-54.43,
109220,331.896913,-14.490690,6.700,63.96,-24.71,
109240,331.959720,21.703092,5.790,-45.18,-68.26,
109245,331.971614,-70.285734,6.670,73.69,11.00,
109268,332.057818,-46.960616,1.730,127.60,-147.91,Alnair
109272,332.067850,49.797001,6.410,1.57,-4.37,
109276,332.071902,25.543612,6.080,-26.97,-36.91,
109281,332.078390,24.156975,6.570,-55.38,-81.77,
109282,332.080670,-34.555848,6.980,20.83,-62.47,
109285,332.095638,-32.988398,4.500,80.05,-28.88,
109289,332.108034,-34.043721,4.990,5.98,-49.37,
109303,332.170258,45.742138,6.110,-52.48,47.88,
109304,332.174190,47.933588,6.860,30.51,-21.91,
109306,332.177644,-33.125751,6.370,13.66,24.90,
109316,332.197386,-13.300437,6.910,95.63,-10.56,
109332,332.245794,-18.519573,5.800,0.17,-7.47,
109342,332.271782,44.854755,6.740,18.79,-0.18,
109349,332.288319,2.734067,6.640,22.09,-21.08,
109352,332.306982,33.172498,5.580,-60.00,-65.86,
109354,332.313283,44.846478,6.730,13.46,0.59,
109365,332.352408,-70.904061,6.830,14.83,-9.33,
109369,332.361846,-8.185849,6.990,63.09,48.79,
109375,332.370575,-23.659117,6.360,34.06,3.25,
109378,332.374231,-7.547561,6.540,85.48,-449.82,
109393,332.435394,64.122382,6.930,-5.26,-4.08,
109400,332.451529,72.341199,4.790,33.39,3.09,
109404,332.482131,-34.015036,5.370,-13.79,28.29,
109408,332.490919,-48.107508,6.430,68.64,-62.74,
109410,332.496886,33.178267,4.280,-12.34,-17.94,
109412,332.500555,-28.292493,6.440,29.36,24.02,
109418,332.527335,35.213948,6.980,-15.81,-28.51,
109422,332.535348,-32.548440,4.940,428.62,13.83,
109424,332.542811,56.083883,6.940,8.93,1.95,
109427,332.549249,6.197789,3.520,281.96,31.23,
109434,332.563815,72.111318,6.360,-8.49,-21.74,
109439,332.579019,19.616567,6.180,92.06,-93.77,
109442,332.587911,-3.893978,6.280,16.27,-44.24,
109445,332.591770,14.629919,6.360,18.95,-25.12,
109458,332.625770,20.978007,6.450,-2.83,-9.26,
109460,332.632256,-10.820462,6.640,48.59,28.28,
109466,332.640433,-4.266864,5.980,72.36,3.50,
109471,332.656085,11.624672,5.780,-46.82,-54.38,
109472,332.656102,-11.564959,5.430,29.74,8.02,
109474,332.662093,70.132514,5.520,-64.78,24.17,
109477,332.676386,-75.881351,6.540,40.55,-34.66,
109492,332.713591,58.201250,3.390,13.35,4.49,
109493,332.715400,30.553042,6.300,17.28,-16.95,
109509,332.759601,-21.232686,6.100,123.93,-42.66,
109511,332.765555,43.030731,6.760,-24.66,-20.54,
109514,332.769992,48.677392,6.640,22.23,-3.87,
109521,332.790733,50.823289,5.380,126.81,42.56,
109550,332.863075,-43.842569,6.620,44.96,14.90,
109551,332.863104,-27.152287,6.870,10.15,-35.00,
109556,332.877435,59.414515,5.050,-7.22,-11.06,
109561,332.908345,-34.465065,6.680,14.95,-18.70,
109572,332.952146,56.839042,5.240,236.75,129.67,
109577,332.963887,16.040597,5.930,-2.94,-18.79,
109584,332.979703,-76.115924,6.130,-59.14,-40.71,
109585,332.986427,59.084386,6.290,130.07,79.62,
109591,333.007461,47.095619,6.700,13.81,4.68,
109592,333.008393,60.759072,5.370,1.15,9.53,
109595,333.009391,-38.302862,6.900,-12.31,15.28,
109602,333.033698,24.950637,5.970,10.24,1.73,
109620,333.093523,63.291072,5.760,3.72,-15.08,
109624,333.107257,-14.193841,6.040,26.09,-47.47,
109629,333.120617,76.461815,6.930,19.57,27.96,
109631,333.124460,-40.203016,6.590,11.98,-61.54,
109647,333.182895,-4.720594,6.390,-43.36,-35.13,
109654,333.199213,34.604713,5.340,19.32,-49.66,
109659,333.219680,73.307143,6.110,21.48,20.59,
109667,333.239587,-26.327724,6.190,-25.51,-28.47,
109691,333.291724,18.279901,6.500,3.91,-36.30,
109693,333.292394,86.107857,5.270,51.31,40.32,
109694,333.294552,86.221349,6.590,32.91,5.30,
109696,333.297966,25.940925,6.590,-39.47,-144.72,
109720,333.359865,-11.926073,6.930,20.99,-20.86,
109730,333.411042,28.608027,5.870,74.04,-3.99,
109734,333.429685,-68.126384,6.840,26.87,0.51,
109737,333.434947,-25.180925,5.580,71.18,8.36,
109745,333.454913,45.440603,5.530,73.41,4.01,
109746,333.457143,63.162357,6.130,-8.37,-7.93,
109754,333.469589,39.714889,4.500,37.65,15.55,
109786,333.575074,-21.074701,5.330,22.98,55.36,
109788,333.576881,17.189566,6.500,-82.75,-91.39,
109789,333.578068,-27.766912,5.450,22.88,1.90,
109810,333.621568,7.976176,6.650,3.72,-10.91,
109821,333.659206,-41.379743,6.230,570.33,-791.08,
109822,333.659262,-15.817665,6.550,-5.11,-356.91,
109831,333.684711,42.953964,5.720,50.49,-21.96,
109837,333.695512,4.282430,6.970,-2.77,21.21,
109838,333.696274,-24.004673,6.890,99.01,-12.18,
109842,333.699909,24.314911,7.000,63.77,18.51,
109843,333.702377,22.523441,6.620,2.32,-8.68,
109857,333.756996,57.043465,4.180,476.45,50.00,
109862,333.764699,43.773448,6.820,-24.55,-46.46,
109880,333.820863,-70.652886,6.880,32.06,-52.23,
109902,333.895969,-44.451494,6.100,6.85,-2.14,
109908,333.903687,-41.346750,4.790,46.04,20.45,
109937,333.992376,37.748735,4.140,8.74,0.76,
109939,333.999220,8.549599,6.210,26.08,-10.32,
109972,334.110469,57.220225,5.880,47.37,5.36,
109973,334.110702,-41.627202,5.110,-13.56,-9.50,
109977,334.123569,27.804040,6.380,-14.99,-4.28,
109984,334.140298,-1.596368,6.160,-28.26,-8.86,
109990,334.155997,-25.898132,6.140,37.73,-12.34,
109992,334.167926,22.896142,6.920,-32.85,-25.11,
109993,334.170466,29.173198,6.670,155.40,21.62,
110000,334.200181,-12.831448,5.340,1.84,4.66,
110003,334.208193,-7.783237,4.170,118.95,-21.91,
110009,334.219167,-9.040037,5.800,-58.02,-12.11,
110018,334.249115,-23.140099,6.170,77.63,-61.10,
110023,334.277092,-5.387212,5.750,-4.20,19.51,
110031,334.291694,-34.760750,6.830,23.52,-36.81,
110055,334.367953,49.126935,6.460,16.70,9.00,
110073,334.447118,26.936538,6.630,-25.44,-5.86,
110078,334.461232,-77.511588,5.490,-37.28,14.28,
110088,334.508724,-62.811325,6.980,-2.00,-3.49,
110089,334.516826,13.950360,6.830,74.88,-14.53,
110091,334.517903,-0.237523,6.390,-41.39,-54.73,
110103,334.552479,62.804364,5.750,42.73,9.80,
110109,334.563261,-53.625536,5.360,439.86,-632.60,
110116,334.584997,76.488008,6.620,12.48,8.03,
110130,334.625743,-60.259495,2.870,-71.48,-38.15,
110159,334.695816,19.962274,6.860,80.36,-54.81,
110166,334.718575,16.257973,6.890,39.69,-6.76,
110171,334.734028,37.769180,6.190,55.40,43.73,
110179,334.752902,-13.304971,5.960,72.65,-9.91,
110198,334.832726,-28.208577,6.850,-7.63,-1.68,
110204,334.848762,15.545790,6.910,10.07,-9.04,
110207,334.857265,60.147781,6.870,-0.22,0.63,
110256,335.006168,-80.439643,5.090,56.36,-42.78,
110266,335.025990,56.918002,6.550,19.08,5.11,
110273,335.049615,-7.821106,5.350,15.21,1.61,
110298,335.114854,5.789493,5.370,20.33,2.10,
110300,335.117445,37.298082,6.900,-5.23,-19.74,
110311,335.151024,-57.509762,6.410,25.71,-8.89,
110314,335.161556,58.409853,6.460,-3.35,21.17,
110316,335.164659,50.980815,6.400,2.54,-0.41,
110323,335.176356,14.032351,6.550,24.66,-23.29,
110325,335.185655,-34.516497,6.920,-61.13,-31.19,
110341,335.232387,8.186689,6.180,43.67,21.60,
110346,335.250200,26.935181,6.460,14.05,-7.42,
110351,335.256368,46.536565,4.550,21.72,1.92,
110355,335.265581,-62.548188,6.610,161.75,-44.91,
110371,335.330532,28.330516,4.780,17.42,5.60,
110383,335.369877,14.370206,6.940,-13.84,-16.34,
110386,335.379464,12.205173,4.820,6.21,5.54,
110391,335.398231,-21.598024,5.120,-11.34,-84.57,
110395,335.413750,-1.387353,3.860,129.24,8.90,
110405,335.438228,66.706248,6.620,28.78,7.86,
110408,335.461913,42.078169,6.380,15.65,-5.23,
110410,335.465611,63.139942,6.950,31.40,17.28,
110412,335.470124,40.666424,6.540,4.20,-0.75,
110434,335.521683,15.651491,6.680,19.34,-8.81,
110478,335.684091,-45.947917,6.420,27.89,-10.92,
110487,335.709494,36.658917,6.450,4.71,53.41,
110497,335.750704,57.284601,6.180,17.49,4.81,
110498,335.752073,62.419328,6.040,19.59,11.99,
110504,335.779247,55.963236,6.440,-2.91,-2.42,
110506,335.782463,-45.928347,5.620,233.33,-57.92,
110520,335.852727,-46.668624,6.930,-13.02,14.06,
110522,335.865083,0.608638,6.940,-13.50,-9.26,
110529,335.878274,-24.762655,5.530,97.60,-2.50,
110532,335.883979,-7.194443,5.920,-6.21,8.95,
110538,335.890152,52.229500,4.420,-13.56,-186.37,
110548,335.913981,20.848265,6.200,335.18,-14.71,
110550,335.923674,78.243295,6.770,3.70,8.82,
110566,335.975255,38.573312,6.180,255.69,123.47,
110569,335.984949,31.261752,6.960,6.83,0.29,
110573,336.002013,15.281505,6.790,16.19,-12.64,
110578,336.028619,-4.837001,5.790,26.35,-7.77,
110590,336.067870,-21.597157,7.000,26.91,11.50,
110600,336.103914,16.263007,6.940,-0.28,-24.37,
110602,336.112625,-13.529404,5.760,50.69,14.24,
110609,336.129149,49.476401,4.550,-5.12,-3.37,
110618,336.143295,-72.253774,5.280,1302.45,-674.12,
110619,336.149175,-1.186767,6.740,113.24,37.69,
110624,336.156338,-39.127041,6.850,110.71,-9.10,
110629,336.162960,-41.440255,6.640,144.58,-35.21,
110649,336.234136,-57.796610,5.310,180.71,-331.27,
110661,336.263864,51.255817,6.520,50.29,25.23,
110668,336.293299,-70.431471,5.780,121.79,-62.31,
110672,336.319219,1.377392,4.800,18.38,3.35,
110696,336.419507,18.444246,6.260,28.67,28.90,
110706,336.445341,63.328326,6.860,24.35,-0.43,
110707,336.450185,-20.236995,6.730,1.23,-4.29,
110712,336.462607,-75.015719,6.120,58.55,12.48,
110724,336.500685,80.701561,6.680,24.46,13.84,
110725,336.503262,70.770885,5.470,19.69,5.34,
110746,336.544566,-23.682443,6.290,12.26,-1.91,
110753,336.560250,-2.788780,6.940,-31.12,-82.02,
110778,336.642282,-16.742148,5.550,209.77,3.96,
110780,336.644385,-7.377461,6.850,74.66,-35.12,
110785,336.655075,4.393638,5.760,286.36,52.92,
110786,336.673523,-11.228171,6.980,36.98,-11.55,
110787,336.676860,78.785943,5.830,-14.09,-37.12,
110790,336.689827,37.443719,6.460,-0.82,-5.20,
110807,336.746499,56.433550,6.590,16.16,5.44,
110817,336.772130,65.132275,5.520,-0.74,-1.93,
110821,336.777948,-1.309139,6.770,53.64,-4.67,
110828,336.795441,61.912396,6.610,-19.33,-77.19,
110838,336.832805,-64.966379,4.510,68.68,10.21,
110842,336.838378,-58.000641,6.870,-15.60,6.76,
110849,336.860413,39.810041,6.160,-0.53,-6.09,
110873,336.942585,31.839975,6.000,50.84,28.63,
110882,336.964488,4.696411,4.780,77.29,-307.36,
110896,337.014618,44.120549,6.560,4.20,11.33,
110907,337.046452,27.018887,6.480,-35.57,-33.43,
110913,337.057974,24.792604,6.780,7.94,1.93,
110919,337.081153,64.085232,6.300,9.63,-31.44,
110935,337.156005,-67.488887,5.560,151.41,-70.67,
110936,337.163258,-39.131401,5.470,37.24,-160.72,
110960,337.207502,-0.020063,3.650,191.32,37.47,
110965,337.232266,-60.054014,6.880,-16.49,-4.02,
110986,337.283135,9.129084,5.600,51.63,-20.51,
110988,337.288459,58.404089,6.310,16.48,4.70,
110992,337.292544,26.763209,5.790,26.09,-4.42,
110991,337.292700,58.415190,4.070,16.47,3.55,
110997,337.317309,-43.495554,3.970,25.62,-4.23,
111006,337.343078,54.245915,6.780,2.38,0.45,
111022,337.382595,47.706895,4.340,-0.60,-3.37,
111041,337.433529,35.725725,6.560,-14.53,-38.63,
111043,337.439356,-43.749228,4.120,-14.93,1.79,
111045,337.441420,-27.107235,5.950,119.31,-20.31,
111049,337.462140,-78.213161,6.800,2.22,-12.22,
111056,337.470701,78.824337,5.450,3.47,-21.67,
111058,337.472781,52.416558,6.510,11.40,20.70,
111062,337.491452,4.432057,5.510,-18.89,-151.08,
111066,337.505780,-12.915118,6.410,160.94,0.54,
111068,337.507470,32.572672,5.640,30.94,-14.03,
111072,337.527193,49.356486,6.410,-25.06,-30.28,
111075,337.534980,31.215821,6.590,-15.16,-12.46,
111085,337.565500,-42.291065,6.940,32.04,-1.69,
111086,337.572208,-14.585651,6.360,34.25,-34.49,
111088,337.577947,57.225450,6.620,-3.26,-1.85,
111104,337.621923,43.123390,4.520,-2.05,-5.76,
111112,337.635953,61.623769,6.980,7.59,0.60,
111123,337.661729,-10.677886,4.820,1.79,-26.26,
111127,337.678779,-44.093714,6.950,5.21,16.72,
111138,337.723946,-26.073569,6.430,39.22,-75.53,
111143,337.752035,-49.432799,6.810,-135.16,-194.06,
111169,337.822399,50.282450,3.760,137.22,17.15,
111170,337.825908,-6.554887,6.150,160.65,-108.63,
111171,337.826771,-2.911182,6.150,-9.38,-38.68,
111188,337.876207,-32.346028,4.290,59.64,-18.70,
111191,337.893214,29.542839,6.330,-30.20,-33.19,
111196,337.907616,-85.967402,5.760,-37.64,61.25,
111200,337.921992,-10.905465,6.390,71.08,-39.77,
111206,337.938399,-35.290443,6.600,47.36,-2.07,
111237,338.047935,-43.263084,6.910,-13.22,7.73,
111242,338.067812,76.226468,5.700,-19.96,-11.12,
111247,338.077863,54.036997,6.410,30.33,14.52,
111259,338.109894,39.779755,5.880,4.73,-8.87,
111274,338.141201,-6.467248,6.940,291.49,29.65,
111278,338.147407,20.229945,6.430,166.66,30.52,
111282,338.164023,13.044493,6.560,122.68,17.63,
111296,338.195400,15.863222,6.350,20.43,17.10,
111302,338.214015,74.073352,6.960,-0.23,-5.07,
111310,338.250053,-61.982073,4.910,40.82,-20.14,
111314,338.261233,69.913372,6.010,128.63,71.24,
111322,338.296749,-60.433019,7.000,7.87,35.03,
111325,338.319830,70.373681,6.260,40.26,13.37,
111355,338.394201,40.819015,6.540,10.93,3.60,
111362,338.419028,56.624637,5.720,78.48,41.08,
111379,338.471342,61.778094,6.550,21.61,14.22,
111382,338.477906,-44.690328,6.780,17.36,-34.01,
111394,338.512037,-1.574179,5.880,39.70,-37.28,
111397,338.521750,-32.142097,6.680,8.54,-11.61,
111398,338.527604,-9.608476,6.540,-18.92,-7.35,
111425,338.612808,-34.675254,6.840,-21.60,-5.70,
111441,338.649806,0.595361,6.720,-23.49,-75.39,
111443,338.652278,26.598209,6.880,-8.36,0.23,
111449,338.672911,-20.707859,5.210,221.60,-146.58,
111487,338.815271,45.153422,6.990,-4.94,-7.53,
111497,338.838871,-0.117361,4.040,88.56,-56.10,
111504,338.859844,-78.771567,6.150,54.18,-7.50,
111512,338.888010,-51.603951,6.770,-20.66,-4.78,
111515,338.901497,-23.991079,5.970,25.95,-6.34,
111532,338.940736,73.643127,5.080,173.32,25.14,
111539,338.953426,-17.460314,6.390,-30.42,-45.32,
111541,338.957020,20.274560,6.610,15.74,-96.47,
111543,338.966579,56.070576,6.370,14.11,-0.72,
111544,338.967093,39.628160,6.600,-14.36,-5.71,
111546,338.967852,39.634341,5.730,1.11,-4.39,
111548,338.970146,-57.883728,6.220,87.98,-9.91,
111550,338.972403,50.070788,6.290,6.19,-0.03,
111563,339.026807,-16.387945,6.840,5.62,-17.77,
111567,339.032908,35.577646,6.110,5.29,-58.50,
111587,339.090420,-72.712870,6.720,104.89,-31.82,
111589,339.093027,37.842240,6.840,-0.89,-5.34,
111594,339.121968,-40.582513,6.280,46.18,-72.18,
111600,339.147789,-31.663693,5.820,-41.23,-39.38,
111601,339.151410,11.696621,6.420,-13.72,6.11,
111610,339.162333,-48.306047,6.650,23.09,-0.88,
111616,339.176734,-43.470959,6.750,269.30,-5.62,
111627,339.202858,35.652423,6.280,-5.28,-1.83,
111643,339.245083,-40.590865,5.850,45.18,-69.65,
111649,339.270234,12.576895,6.300,-12.94,-32.49,
111660,339.303596,75.371792,5.800,44.70,7.85,
111664,339.312292,42.810342,6.870,24.34,1.06,
111674,339.343607,51.545374,4.640,-51.31,-103.34,
111701,339.412013,63.769324,6.660,62.12,4.65,
111710,339.439254,-4.227763,5.040,-68.36,-120.47,
111718,339.448947,-39.857119,6.540,-16.32,2.12,
111753,339.572525,45.182951,6.380,-5.22,-6.67,
111761,339.592090,-7.897557,6.230,71.26,-2.61,
111795,339.657780,56.795710,5.110,52.42,-32.28,
111797,339.662728,63.584521,5.190,-1.16,-20.23,
111801,339.686260,-28.748185,6.460,-47.11,-11.75,
111805,339.697001,44.313739,6.820,234.36,65.85,
111807,339.708462,4.530212,6.820,35.21,-5.30,
111809,339.714431,-33.081383,5.660,4.25,14.57,
111810,339.719242,19.522492,5.840,-45.17,-94.22,
111815,339.731712,-38.477299,6.580,-22.19,-18.31,
111819,339.735529,-39.154909,6.950,2.51,-6.77,
111828,339.769106,37.375432,6.830,-3.20,-5.65,
111833,339.785018,-52.691952,6.670,-3.30,-7.89,
111841,339.815329,39.050283,4.890,-0.29,-5.70,
111843,339.816898,-10.027782,6.930,-45.44,-6.97,
111852,339.853409,81.392055,6.820,23.03,9.47,
111862,339.876568,-68.060338,6.900,96.43,-26.06,
111864,339.880553,37.353644,6.650,-21.28,-10.78,
111866,339.887542,38.748485,6.960,-13.61,-10.73,
111868,339.891886,51.155517,6.790,180.18,50.89,
111869,339.893018,37.592814,6.030,11.22,1.16,
111879,339.933837,-28.325560,6.300,94.84,-41.22,
111884,339.945887,19.681149,6.330,-2.07,-9.71,
111898,339.997401,-83.251673,6.680,52.17,-24.02,
111907,340.023992,40.670201,6.780,-1.93,-23.24,
111910,340.032834,-9.359350,6.890,169.62,45.93,
111925,340.076670,53.845972,5.940,6.41,-18.33,
111934,340.093248,-30.658362,5.880,-107.65,-209.53,
111938,340.113149,4.575319,6.810,106.99,-123.85,
111944,340.128260,44.276281,4.500,94.18,10.00,
111954,340.163857,-27.043615,4.180,22.01,-0.88,
111965,340.199835,-3.554134,6.320,-11.22,-43.17,
111967,340.203570,-57.422306,5.980,56.62,-6.61,
111974,340.218826,14.548861,5.720,272.25,123.47,
111988,340.261495,51.758483,6.770,-0.26,-0.66,
111990,340.266077,36.263545,6.640,-14.78,-17.01,
112021,340.356825,-12.229906,6.780,13.84,-12.29,
112029,340.365312,10.831391,3.410,77.38,-10.98,
112031,340.369381,40.225463,5.250,-0.75,-5.90,
112032,340.380313,30.965859,6.360,48.80,1.14,
112041,340.399758,41.548978,5.930,140.88,59.98,
112051,340.439207,29.307689,4.800,-2.03,-19.96,
112067,340.489161,14.516444,5.920,94.55,-21.21,
112078,340.524941,-5.101839,6.280,68.82,-53.26,
112098,340.586716,53.908768,6.140,-2.95,-8.36,
112102,340.591984,-29.360999,6.120,16.24,-19.19,
112117,340.653655,-47.210008,5.990,6.15,-331.43,
112122,340.666395,-46.884566,2.070,135.68,-4.51,Sadalmelik
112127,340.679391,-44.248122,6.060,33.74,35.43,
112131,340.704908,0.231842,6.970,23.95,-2.15,
112138,340.720764,4.968763,6.780,28.49,11.51,
112144,340.731032,37.802747,6.430,-1.12,-5.30,
112153,340.742061,1.217384,6.930,-10.01,-16.48,
112158,340.750536,30.221309,2.930,13.11,-26.11,
112168,340.764184,-8.311431,6.450,17.25,-3.96,
112170,340.767988,47.168761,6.390,2.26,-2.69,
112169,340.768209,65.336256,6.760,6.65,-0.83,
112179,340.809365,-6.962912,6.400,26.27,-10.08,
112183,340.814136,56.408238,6.910,96.96,39.15,
112197,340.856804,62.671379,6.740,44.87,6.72,
112203,340.874870,-41.414118,4.840,10.23,-93.95,
112211,340.896886,-18.830307,4.680,-31.40,-28.02,
112221,340.923296,47.411786,6.780,0.04,-1.67,
112222,340.927872,10.939786,6.510,9.80,-171.17,
112241,341.021717,39.465417,5.930,7.68,-28.38,
112242,341.022856,41.819227,5.110,-8.33,3.11,
112259,341.068647,-60.499667,6.290,2.92,20.07,
112281,341.141377,-63.953895,6.930,-16.73,-5.61,
112286,341.155112,-62.548306,6.780,34.00,-25.05,
112300,341.204683,52.517192,6.430,-5.13,6.61,
112305,341.220700,39.201076,6.470,16.39,-20.04,
112324,341.265417,58.147383,6.450,-62.39,-137.19,
112351,341.351967,44.752449,7.000,11.79,-7.95,
112358,341.367470,19.366420,6.270,-26.07,58.04,
112355,341.373311,-88.818207,6.550,22.14,-35.70,
112362,341.384826,-25.236941,6.520,85.46,5.89,
112368,341.394327,30.443407,6.370,-250.94,-349.50,
112369,341.400299,52.890345,6.990,10.99,-14.29,
112374,341.407717,-53.500163,4.840,30.62,17.34,
112381,341.420031,-46.547300,5.520,-29.41,-11.39,
112405,341.515514,-81.381617,4.130,-55.35,0.88,
112408,341.519726,-55.063590,6.620,-18.10,-3.80,
112414,341.532707,-48.978705,6.630,207.28,-48.44,
112417,341.542105,44.545977,5.840,142.77,32.07,
112420,341.559283,-11.166230,6.670,-11.76,-31.59,
112428,341.587730,46.215134,6.550,10.26,-21.32,
112432,341.617565,-49.685120,6.490,86.51,-275.57,
112433,341.619127,7.582935,6.910,60.56,-1.31,
112434,341.623276,54.872096,6.850,5.51,-1.78,
112440,341.632677,23.565679,3.970,56.99,-10.46,
112447,341.672673,12.174084,4.200,233.06,-492.04,
112449,341.681813,-46.939479,6.560,52.38,13.61,
112472,341.726557,-33.182482,6.810,49.58,2.97,
112492,341.787899,-41.691863,6.840,26.05,6.97,
112500,341.828741,53.381846,6.850,-14.85,-16.33,
112501,341.830024,-34.161787,6.280,-62.59,27.01,
112505,341.840348,14.123188,6.950,-11.37,-27.99,
112508,341.846792,58.483013,6.330,7.77,7.61,
112512,341.854626,-17.550754,6.800,105.95,-0.86,
112519,341.870614,83.153716,4.770,23.65,47.21,
112525,341.884777,-69.474553,6.860,-24.16,20.48,
112529,341.888281,-19.612874,5.240,-102.20,-205.95,
112533,341.898774,-65.560235,6.490,-30.76,-6.88,
112542,341.928129,-14.056405,5.680,29.03,-9.44,
112554,341.946645,-38.221916,6.720,-61.84,-76.94,
112559,341.959590,-4.228275,6.670,-206.00,-311.74,
112562,341.970602,65.062167,6.870,-2.23,-0.59,
112567,341.983886,-25.911748,6.310,107.02,-115.39,
112585,342.033377,49.582719,6.810,32.36,-5.71,
112590,342.046112,37.416842,5.820,-42.58,-63.48,
112603,342.088730,-61.684356,6.360,73.06,-3.29,
112612,342.117452,-27.564088,6.830,-12.94,-111.01,
112615,342.125797,-10.555497,6.190,30.86,7.62,
112623,342.138321,-51.316704,3.490,108.47,-65.93,
112635,342.184332,62.938531,6.070,13.87,-49.67,
112641,342.199517,54.414897,6.140,13.25,-2.09,
112655,342.230311,-63.718416,6.510,2.34,5.03,
112670,342.252835,68.570064,6.190,117.30,67.39,
112693,342.321549,-23.092539,6.930,-10.46,-3.31,
112694,342.322701,-70.348062,6.350,12.96,32.95,
112697,342.323267,50.977060,6.750,-18.84,-145.23,
112714,342.383759,10.478702,6.550,65.30,-35.28,
112716,342.397958,-13.592538,4.050,-12.58,-38.80,
112717,342.400854,66.553869,7.000,8.51,-0.85,
112721,342.416159,80.367716,7.000,15.45,4.32,
112725,342.420409,-77.051046,6.730,84.89,-3.46,
112724,342.420467,66.200711,3.500,-66.10,-124.74,
112731,342.442619,55.902684,5.430,83.41,38.00,
112746,342.496856,-32.805400,6.340,-34.56,-23.53,
112748,342.500418,24.601685,3.510,144.11,-43.44,
112761,342.542045,50.676920,6.230,3.72,-1.03,
112778,342.590702,41.953403,5.910,8.28,-3.93,
112781,342.594775,-80.123814,5.320,20.14,-12.76,
112803,342.662920,19.141214,6.520,58.97,-7.54,
112832,342.758940,-39.156818,5.430,18.26,-6.50,
112833,342.762239,85.373461,5.890,13.22,114.38,
112850,342.805478,48.733245,6.880,3.66,-1.64,
112862,342.837268,-29.536274,5.990,-7.54,-14.49,
112864,342.843785,61.696639,5.610,97.14,41.95,
112871,342.861081,26.391008,6.940,-2.89,4.33,
112876,342.872717,62.972302,6.650,12.93,-49.46,
112895,342.937503,-59.881347,6.470,-42.35,-4.66,
112917,343.008114,43.312365,4.950,109.36,21.54,
112924,343.041582,-63.188568,6.140,26.40,-40.68,
112932,343.086044,10.414425,6.860,55.71,-28.13,
112935,343.099027,9.835557,5.160,521.86,44.10,
112948,343.131491,-32.875450,4.460,-33.32,-22.15,
112950,343.136947,3.552238,6.640,10.35,-2.90,
112958,343.148783,-19.037885,6.990,-94.84,-32.21,
112961,343.153602,-7.579679,3.730,19.51,32.71,
112970,343.175660,67.990011,6.980,78.49,63.42,
112974,343.193185,-10.058886,6.740,251.14,7.35,
112981,343.205623,46.548430,6.820,10.72,-8.05,
112986,343.217644,50.412288,6.460,15.76,-1.34,
112987,343.225980,38.616044,6.930,10.92,-13.15,
112997,343.259495,16.841261,5.860,-20.97,-27.59,
112998,343.265707,60.101023,6.010,12.75,2.24,
113009,343.297376,40.167383,6.330,9.14,-8.93,
113018,343.314403,-45.147695,6.850,62.67,-9.00,
113028,343.364971,-5.987928,6.940,-67.41,-47.29,
113031,343.369546,-11.616519,5.800,23.03,1.93,
113044,343.407251,-48.598088,6.030,216.70,-81.49,
113048,343.417328,44.749201,5.790,-2.97,-15.72,
113064,343.467285,1.843182,6.810,14.86,-14.94,
113080,343.523327,-19.175139,6.370,81.90,-4.30,
113084,343.528795,40.376836,5.820,97.09,28.91,
113085,343.529553,-12.190309,6.860,50.88,-46.30,
113102,343.571557,56.333015,6.850,-11.66,-7.05,
113105,343.575339,17.795055,6.600,9.31,-24.60,
113116,343.601601,84.346119,4.700,98.45,23.89,
113127,343.642210,-7.204541,6.200,-15.11,-35.05,
113131,343.648408,16.941853,6.390,15.09,-8.01,
113136,343.662664,-15.820760,3.270,-44.08,-24.81,
113137,343.664822,-70.073887,6.040,-43.19,73.20,
113148,343.690020,-16.271742,5.530,-223.65,-88.58,
113159,343.728096,-22.368459,6.760,60.18,-202.36,
113167,343.747809,1.064891,6.110,20.32,5.48,
113174,343.760766,37.076805,5.910,88.52,9.25,
113184,343.795601,-4.987878,5.720,29.13,-8.54,
113186,343.806768,8.816095,4.910,81.88,29.03,
113189,343.811964,-36.388581,6.400,45.00,0.62,
113190,343.817475,-48.491886,6.670,-226.02,55.73,
113204,343.877368,-20.139367,6.360,43.98,-15.25,
113222,343.935388,36.351394,5.730,19.89,-1.54,
113227,343.945913,44.308252,6.810,4.47,-5.69,
113234,343.964760,-31.633205,6.090,-13.79,-10.96,
113240,343.976330,-41.096812,6.720,75.24,23.54,
113246,343.987050,-32.539702,4.200,10.84,30.32,
113249,343.993128,62.432279,6.530,23.34,-1.77,
113281,344.098462,41.603886,5.600,-0.99,-4.25,
113283,344.099278,-31.565179,6.480,330.53,-159.86,
113288,344.108328,49.733551,4.990,0.05,-2.87,
113307,344.199259,-47.969226,5.720,-26.30,1.82,
113311,344.214321,11.848345,6.530,53.09,-3.53,
113327,344.268724,48.684081,5.340,9.59,-5.43,
113331,344.278503,-3.245254,6.600,29.27,15.64,
113345,344.321691,-4.810092,6.310,-17.59,-1.27,
113354,344.357026,43.012803,6.640,30.64,6.61,
113357,344.366044,20.768684,5.450,208.06,60.96,
113360,344.386520,3.810164,6.280,67.60,31.69,
113368,344.411773,-29.621837,1.170,329.22,-164.22,Fomalhaut
113371,344.419743,39.308789,6.170,0.46,-5.13,
113387,344.450501,73.133574,6.540,-24.60,-28.92,
113402,344.497213,-59.089383,6.700,91.35,-48.06,
113421,344.564770,-2.395346,6.170,-6.05,-16.03,
113433,344.598382,-1.410193,6.380,85.47,-6.67,
113445,344.645196,9.357218,6.430,396.72,-147.73,
113447,344.645879,-35.522958,6.150,-5.98,-112.30,
113465,344.677680,7.340239,6.350,-29.32,-67.77,
113498,344.787496,59.814658,6.460,5.85,-1.49,
113501,344.793193,52.654453,6.310,-26.12,31.62,
113503,344.799157,11.728941,5.760,26.84,-40.09,
113505,344.803526,52.303005,6.980,-1.38,-8.72,
113521,344.864177,0.963092,5.430,90.06,-67.66,
113531,344.898655,-13.070891,6.120,-6.49,-1.58,
113532,344.899011,-29.462324,5.510,-6.77,5.15,
113561,345.021266,56.945381,5.100,-2.94,-3.09,
113562,345.024025,-25.163987,5.660,35.14,-79.51,
113583,345.083055,-8.880465,6.810,25.48,-26.37,
113593,345.102421,-25.626744,6.300,90.70,-42.22,
113601,345.134849,13.468648,6.700,19.99,-22.37,
113603,345.143294,45.374818,6.510,3.51,-4.29,
113610,345.157832,0.185840,6.220,47.78,10.71,
113621,345.176686,31.082964,6.600,17.07,0.04,
113622,345.178740,3.012008,5.850,5.06,-83.58,
113638,345.220310,-52.754106,4.110,-65.09,-12.91,
113640,345.228123,38.707863,6.570,-0.87,-7.81,
113657,345.281236,-50.950029,5.680,88.21,0.28,
113664,345.311542,80.781730,6.680,29.53,25.18,
113669,345.330615,-28.853908,5.550,58.42,-21.46,
113673,345.345945,-22.790830,6.270,28.41,-25.13,
113674,345.348546,-7.061134,6.230,-16.16,-7.84,
113684,345.377997,57.105475,6.240,-4.42,-7.10,
113686,345.382092,-4.711480,5.940,14.07,7.55,
113705,345.431509,3.531038,6.440,32.33,-52.74,
113719,345.464321,34.612618,6.740,24.68,-32.45,
113725,345.479342,-63.085552,6.880,18.93,21.50,
113726,345.480194,42.325979,3.620,22.47,0.24,
113750,345.547152,44.572902,6.430,10.44,-18.02,
113766,345.587674,23.340480,6.840,18.35,9.50,
113772,345.604867,59.852686,7.000,6.03,-2.01,
113781,345.635670,-6.573928,6.180,-7.36,-32.95,
113783,345.638948,31.781544,6.560,40.83,21.74,
113784,345.641954,-36.420806,6.460,42.54,-30.63,
113787,345.646559,16.232415,6.560,-1.00,6.49,
113788,345.651404,42.757806,5.090,55.67,-4.77,
113792,345.657392,-18.541687,6.780,34.06,-6.56,
113793,345.662683,63.340845,6.850,14.07,0.27,
113797,345.682829,55.236375,6.510,17.29,3.45,
113801,345.684530,-20.870396,5.970,-56.81,-129.81,
113802,345.688115,44.058765,6.370,2.19,-5.99,
113821,345.736515,-47.848289,6.640,31.57,-14.61,
113829,345.771042,20.918643,6.650,-117.66,-28.13,
113852,345.838879,58.563876,6.430,48.37,-8.91,
113853,345.848777,60.445410,6.740,7.58,-0.41,
113860,345.874013,-34.749617,5.120,74.80,84.45,
113864,345.886868,67.209185,5.250,23.13,10.24,
113872,345.908847,-26.813316,6.820,26.16,9.06,
113877,345.927021,-40.817039,6.850,45.21,-0.80,
113878,345.934233,-30.444894,6.780,40.49,19.04,
113881,345.943056,28.082455,2.440,187.76,137.61,Markab
113889,345.969194,3.820070,4.480,12.86,-10.13,
113896,345.987858,-4.794954,6.680,319.22,37.99,
113902,345.998457,-41.479032,5.790,12.25,55.93,
113904,346.003313,6.616320,6.420,-28.43,7.44,
113919,346.045132,50.051684,4.640,166.70,167.30,
113947,346.136063,63.240586,6.630,-2.55,34.74,
113952,346.151506,31.307546,6.770,85.81,-35.49,
113957,346.164879,-53.964647,5.370,56.97,-106.16,
113963,346.190070,15.205368,2.490,61.10,-42.56,Scheat
113967,346.209178,-27.136048,6.970,-18.83,-4.06,
113969,346.217285,-68.820380,5.530,44.78,63.39,
113975,346.230480,56.690597,6.810,12.47,-7.59,
113993,346.276354,58.732407,6.910,14.30,3.94,
113994,346.276656,16.563350,6.430,-186.48,-210.97,
113996,346.290479,-7.693819,5.440,123.46,7.07,
113998,346.303660,-17.079153,6.150,-41.72,-40.18,
114005,346.323386,1.307179,6.390,34.34,-21.23,
114010,346.342116,-16.898432,6.860,55.29,2.41,
114031,346.387635,14.959083,6.800,15.76,-10.13,
114054,346.468850,-7.936696,6.710,11.74,-6.85,
114074,346.551109,36.820289,6.760,-9.59,-13.47,
114078,346.569364,75.581397,6.810,12.24,3.96,
114081,346.575009,18.517614,6.160,224.28,62.18,
114092,346.618898,61.440174,6.750,26.61,-20.04,
114096,346.632113,19.910841,6.440,287.21,4.75,
114104,346.653374,59.419765,4.840,6.77,-1.97,
114119,346.670030,-23.743117,4.480,59.90,0.53,
114131,346.719869,-43.520324,4.280,-48.35,-13.98,
114132,346.723333,-38.892307,5.620,33.56,5.78,
114139,346.741452,-30.048141,6.570,38.28,-1.17,
114144,346.751066,9.409523,4.540,6.73,-12.76,
114148,346.761066,3.052208,6.980,34.81,14.41,
114152,346.770799,35.636465,6.380,56.25,10.71,
114155,346.778080,25.468340,4.760,0.26,-33.31,
114159,346.789303,-49.606135,6.330,8.80,0.10,
114162,346.791886,52.816569,6.120,2.32,12.88,
114163,346.793521,59.727398,6.410,6.56,-1.78,
114167,346.811694,-50.686625,5.810,-37.53,-23.32,
114174,346.825000,46.068153,6.660,0.09,-1.64,
114183,346.856318,20.581709,6.730,-17.32,-34.17,
114187,346.865579,32.825373,6.130,-21.11,-11.52,
114189,346.869365,21.134372,5.970,107.88,-50.08,
114200,346.913657,46.387304,5.300,-11.87,-29.97,
114210,346.938533,49.295455,5.680,152.15,132.08,
114212,346.948904,63.633471,6.250,6.87,-2.08,
114222,346.974325,75.387581,4.410,5.74,-35.10,
114227,346.988313,64.222544,6.210,8.90,-4.54,
114237,347.051639,44.561842,6.510,28.75,2.51,
114254,347.087902,-28.823569,5.600,-43.24,-52.69,
114258,347.098099,-79.480600,6.110,92.62,-36.52,
114268,347.148119,-73.586111,6.180,23.15,-2.10,
114273,347.170172,2.127618,5.420,137.43,108.99,
114291,347.215180,-25.830514,6.740,-171.06,-42.67,
114327,347.318105,65.211414,6.670,6.98,-3.27,
114329,347.319763,49.650613,6.750,2.35,-0.23,
114336,347.344480,18.735961,6.750,9.15,-16.30,
114341,347.361509,-21.172486,3.680,55.99,31.25,
114347,347.381062,8.677172,5.050,3.71,-4.52,
114348,347.385245,29.669602,6.590,15.54,12.12,
114365,347.433910,59.332689,5.680,0.14,1.17,
114366,347.435908,-28.088576,5.880,18.93,1.74,
114367,347.436386,-67.876160,6.470,0.13,-51.30,
114371,347.456383,-14.510536,6.430,30.15,-6.30,
114373,347.468506,39.469209,6.660,-3.54,-0.50,
114375,347.478654,-22.457592,4.710,35.92,-7.79,
114377,347.482115,67.242031,6.660,39.17,14.12,
114378,347.488225,14.426761,6.540,-121.53,-86.43,
114382,347.490170,-42.861169,5.830,-348.82,-50.54,
114389,347.506130,9.822101,5.390,-17.77,-7.75,
114404,347.536900,33.767903,6.690,24.69,-34.74,
114406,347.539600,57.448408,6.940,3.79,-27.78,
114407,347.540496,-40.591436,5.900,22.14,-45.65,
114408,347.549940,-66.857730,6.470,236.36,35.10,
114421,347.589283,-45.246647,3.880,132.42,-26.27,
114428,347.612636,-60.564340,6.720,50.36,-23.85,
114430,347.614015,43.544737,5.910,-202.18,-207.65,
114445,347.665066,-5.960277,6.960,8.82,1.14,
114449,347.677591,17.594438,5.680,24.37,-27.28,
114453,347.694260,-29.524995,6.530,-42.19,-61.02,
114456,347.708960,45.512970,6.980,-86.84,-286.41,
114485,347.793587,-63.189953,7.000,69.44,-13.00,
114486,347.794901,30.043067,6.900,16.80,17.70,
114489,347.808634,5.004328,6.660,3.71,-2.37,
114501,347.847966,50.771326,6.810,52.98,12.61,
114520,347.934145,8.720128,5.150,-8.93,-5.05,
114526,347.955479,26.847578,6.190,-190.51,-111.14,
114536,347.998149,-11.933489,7.000,19.96,-32.22,
114550,348.051795,-80.912672,6.430,26.97,-11.45,
114565,348.104087,36.967782,6.920,45.79,3.52,
114570,348.137179,49.405975,4.530,89.78,95.57,
114600,348.244114,-9.570444,7.000,46.87,-12.44,
114604,348.256424,42.062236,6.910,-13.32,-17.17,
114607,348.266693,29.441622,6.340,-30.41,-40.03,
114608,348.270937,8.963449,6.690,-10.23,0.26,
114622,348.311431,57.167638,5.570,2074.37,294.97,
114626,348.313675,-49.618589,6.800,28.65,-7.26,
114641,348.360452,11.065016,5.850,-9.12,-5.97,
114686,348.497266,19.633916,6.470,27.18,-7.35,
114699,348.524914,-62.698971,6.120,477.48,-425.01,
114708,348.533306,-70.058392,6.900,176.93,82.72,
114714,348.559765,50.617908,6.320,45.38,-7.14,
114724,348.580552,-6.048527,4.220,46.22,-195.85,
114725,348.590503,29.771850,6.410,-5.74,-7.61,
114742,348.651747,24.102885,6.360,113.84,5.31,
114745,348.654236,74.231255,5.890,41.34,5.54,
114750,348.667404,-10.688627,6.130,-6.67,-36.02,
114775,348.743895,-41.105125,5.770,110.13,-111.80,
114809,348.845991,25.672211,6.810,0.26,13.47,
114810,348.847728,-56.691806,6.570,48.91,-30.88,
114822,348.892771,-3.496372,5.560,-12.43,-3.26,
114831,348.907115,70.888085,5.550,17.04,-2.27,
114834,348.917324,1.308377,6.760,188.89,-51.24,
114842,348.935956,-29.847495,6.520,145.32,-23.12,
114844,348.942841,28.247905,6.510,14.55,-2.76,
114855,348.971987,-9.087696,4.240,368.56,-17.02,
114863,348.990944,24.770940,6.570,95.33,2.03,
114864,348.992964,-1.423878,6.930,26.40,-4.84,
114868,349.003115,35.399826,6.870,-38.24,-57.33,
114899,349.105902,-55.526961,6.930,66.77,13.46,
114904,349.112710,61.962951,6.530,0.58,-1.41,
114921,349.165784,-44.489142,5.920,3.44,-9.88,
114924,349.175810,53.214050,5.580,111.70,-236.29,
114937,349.207709,-41.194433,6.490,-26.09,15.43,
114939,349.212294,-7.726466,4.930,-18.66,-15.43,
114948,349.239451,-62.001134,5.640,176.00,-26.12,
114951,349.244154,-18.873175,6.930,-13.31,-9.16,
114952,349.246106,-7.160889,6.710,128.14,45.10,
114969,349.286381,-28.438031,6.240,39.09,-99.84,
114971,349.289557,3.282245,3.700,760.35,17.96,
114981,349.319126,45.164318,6.440,100.63,-62.20,
114984,349.328567,75.299033,6.350,17.81,-3.06,
114996,349.357550,-58.235928,3.990,-34.93,79.59,
114998,349.368145,-16.172186,6.720,22.91,-4.91,
115011,349.405510,18.304859,6.730,-56.09,-37.26,
115015,349.416911,-11.712955,6.330,41.21,5.11,
115022,349.435901,49.015283,4.820,34.48,6.74,
115029,349.473893,30.458591,6.990,-48.86,-23.62,
115033,349.475848,-9.182490,4.410,19.63,-9.64,
115036,349.483297,45.488948,6.480,23.93,-10.02,
115038,349.485759,-13.795145,6.590,10.73,-11.54,
115043,349.503059,-61.003444,6.740,49.84,-90.35,
115044,349.505764,79.874316,6.980,22.88,5.58,
115054,349.540776,-40.824063,5.540,127.46,-122.41,
115062,349.583296,-67.471220,6.150,22.57,17.74,
115065,349.597215,41.773703,5.980,-9.58,-11.03,
115077,349.620439,27.603920,6.910,-34.04,-51.26,
115078,349.623516,-18.841594,6.750,15.08,7.72,
115088,349.655862,68.111418,4.750,54.88,10.91,
115098,349.691796,-47.435375,6.590,20.72,-2.61,
115102,349.705945,-32.531836,4.410,19.65,-78.57,
115113,349.728405,-30.552759,6.940,20.45,-36.29,
115115,349.740212,-9.610731,4.990,43.47,-7.80,
115120,349.759858,45.136771,6.510,56.68,-8.45,
115121,349.763686,-28.387871,6.490,15.77,10.11,
115126,349.777121,-13.458443,5.200,265.64,-44.87,
115129,349.785614,-79.472436,6.340,27.68,10.95,
115141,349.849061,62.739781,6.660,-1.55,-2.37,
115142,349.849415,-5.124302,5.560,200.98,-20.42,
115144,349.850440,-18.075400,5.960,3.96,9.58,
115145,349.851952,35.825150,6.740,29.02,-8.78,
115148,349.864176,34.793184,6.320,16.45,-0.32,
115152,349.874116,48.625196,5.440,22.98,51.91,
115171,349.922394,48.380860,6.290,206.18,31.11,
115178,349.929655,-33.707960,6.350,42.71,-37.68,
115182,349.950315,7.982170,6.910,-16.54,-32.36,
115187,349.957764,57.243634,6.890,11.09,-1.77,
115191,349.968255,42.078034,5.810,47.78,4.25,
115197,349.998842,-47.540159,6.820,14.76,6.40,
115198,350.002706,61.149842,6.940,-1.12,1.92,
115214,350.048443,23.091200,6.630,1.15,-19.65,
115218,350.059876,61.970140,6.390,6.97,-4.77,
115220,350.065340,-3.918875,6.640,287.25,-109.96,
115227,350.085571,5.381452,5.050,78.53,-59.35,
115228,350.086759,60.274769,6.620,-2.22,-3.16,
115245,350.143907,62.213267,6.410,-1.38,-1.02,
115249,350.158809,21.189389,6.920,-8.81,-41.45,
115250,350.159263,23.740359,4.580,30.48,-9.14,
115257,350.170615,-5.907829,6.170,-102.57,-60.16,
115261,350.183776,44.116257,6.250,-9.59,-36.84,
115271,350.206268,30.415088,5.580,77.44,-68.83,
115272,350.208891,-50.306379,6.040,49.67,-74.02,
115280,350.221536,38.182475,5.770,129.56,-61.21,
115284,350.233235,-18.543399,6.990,-35.94,-16.42,
115288,350.239880,17.252580,6.670,78.23,14.99,
115312,350.314629,-26.986742,5.650,-19.59,-11.20,
115316,350.339811,-4.672690,6.790,-22.33,-31.78,
115355,350.478859,31.812481,5.350,10.27,-6.81,
115360,350.492977,26.609105,6.590,-96.27,-83.70,
115366,350.520585,28.694998,6.740,101.98,-78.78,
115389,350.619074,25.918510,6.380,2.24,-10.96,
115395,350.635520,60.133489,5.560,6.83,-1.59,
115404,350.662920,-15.039380,5.190,119.67,17.49,
115407,350.668751,20.828744,6.280,19.01,-11.28,
115417,350.701986,20.558973,6.620,314.85,-10.91,
115433,350.736161,-60.055830,6.080,82.77,-5.34,
115438,350.742923,-20.100345,3.960,-120.27,-96.70,
115444,350.768988,12.313952,5.090,18.98,-17.15,
115462,350.842026,-55.553374,6.570,-20.76,-11.67,
115476,350.882937,0.291298,6.330,71.80,11.28,
115484,350.910030,54.030962,6.840,14.43,2.24,
115495,350.938815,-8.460071,6.690,5.27,-17.62,
115496,350.939202,-43.124457,6.120,18.88,11.43,
115500,350.947408,32.531218,6.700,234.65,35.46,
115503,350.964822,65.343404,6.970,50.38,-21.29,
115510,350.976867,-53.808656,6.130,73.85,-34.77,
115522,351.016758,-21.774223,6.460,-66.12,-77.43,
115528,351.032326,-18.688125,6.180,165.19,48.60,
115529,351.032940,57.535515,6.790,5.95,-2.45,
115530,351.036990,41.612868,6.370,-12.12,2.31,
115537,351.055161,-51.891084,5.750,23.17,-37.03,
115544,351.068618,3.715581,6.620,-2.72,-28.03,
115547,351.078570,-72.165085,6.880,-17.08,-45.60,
115549,351.079577,23.759944,6.970,-82.37,-13.22,
115550,351.087137,86.417745,6.610,-20.73,17.69,
115567,351.145444,41.112913,6.720,3.55,-3.19,
115569,351.149845,63.853544,6.750,-25.00,-56.97,
115590,351.209363,62.282839,4.960,12.24,-13.25,
115591,351.211754,32.384875,5.560,16.51,2.76,
115620,351.330728,-56.848935,5.600,85.19,-20.73,
115623,351.344423,23.404012,4.420,193.12,36.47,
115643,351.400449,52.979500,6.760,-6.85,-13.00,
115645,351.411750,68.956038,6.810,-27.86,-2.90,
115646,351.414347,24.953771,6.970,21.67,-15.83,
115669,351.511739,-20.641861,4.380,-50.13,-62.97,
115678,351.549079,70.685409,6.660,27.02,29.40,
115681,351.551086,-27.424630,6.580,94.41,15.25,
115691,351.587292,61.086853,6.600,-2.07,-1.45,
115696,351.613898,40.386939,6.810,-18.24,-162.88,
115709,351.647660,-21.740832,6.430,57.58,-1.65,
115713,351.652268,-52.721919,5.530,33.16,130.07,
115724,351.681877,2.478330,6.720,-8.25,17.37,
115738,351.732939,1.255838,4.950,85.60,-94.43,
115742,351.737680,-15.247698,6.910,28.01,-10.92,
115746,351.749663,87.307457,5.560,76.90,19.35,
115755,351.780545,42.911969,5.750,87.42,17.07,
115756,351.781123,-66.580854,6.470,-27.38,-12.97,
115759,351.787838,-50.157265,6.220,29.57,8.61,
115760,351.789871,-62.737127,6.840,1.72,0.27,
115768,351.811522,1.122687,6.260,46.55,-31.92,
115769,351.812225,-58.476279,5.630,52.45,69.25,
115770,351.818409,70.359793,5.600,120.97,-4.43,
115772,351.821743,65.621052,6.840,-1.97,-73.50,
115806,351.918204,25.167369,5.990,27.28,-36.06,
115827,351.985238,-15.299193,6.730,14.91,-10.66,
115830,351.992366,6.379097,4.270,-123.83,-43.26,
115833,352.002861,-35.544488,6.340,4.84,1.32,
115836,352.014861,-87.482242,5.500,16.29,11.48,
115839,352.021401,-11.449699,6.370,99.58,-22.03,
115856,352.098130,19.885608,6.670,-18.83,-11.25,
115858,352.105196,-25.420500,6.900,-28.99,-17.71,
115892,352.194582,-5.389377,6.990,-6.69,-18.23,
115899,352.216572,53.666801,6.940,56.82,9.37,
115902,352.240275,75.225431,6.650,-17.67,-2.94,
115906,352.252873,-9.266040,6.200,-43.49,-26.51,
115907,352.253314,-44.498036,6.430,37.63,-13.37,
115908,352.253876,-63.110623,5.660,39.18,-13.63,
115915,352.273747,23.048290,6.450,-34.14,-84.94,
115919,352.288585,12.760492,4.540,59.62,25.18,
115930,352.320491,-54.501440,6.530,8.48,11.68,
115942,352.357476,-52.678566,6.800,41.83,-4.56,
115944,352.362224,46.464945,6.880,14.97,-12.15,
115945,352.362481,-1.791159,6.350,-14.39,-22.00,
115951,352.376354,-1.035827,6.880,-12.54,-30.18,
115953,352.383234,-4.532183,6.260,179.73,-231.95,
115990,352.507998,58.548910,4.890,18.67,4.22,
115996,352.530783,49.133138,6.190,29.41,2.99,
116025,352.642488,-41.988604,6.780,-61.69,-81.03,
116030,352.664743,38.662212,6.070,30.97,17.08,
116060,352.754781,-6.288009,6.390,-10.59,-29.68,
116076,352.821656,39.236402,5.220,287.30,-83.78,
116085,352.837291,59.165242,6.760,1106.10,112.97,
116097,352.862174,-44.843529,6.020,45.30,-20.42,
116102,352.875492,28.666201,6.530,20.73,-10.90,
116106,352.880827,-4.086937,6.500,178.65,-192.79,
116118,352.925175,-21.369440,6.240,-1.02,-7.18,
116119,352.929373,28.403522,6.410,-29.93,-13.78,
116127,352.959519,44.072827,6.780,-21.23,19.57,
116131,352.965244,-41.752400,6.570,-2.14,6.15,
116141,352.983291,-25.744189,6.570,-0.65,20.03,
116146,352.989838,-1.085924,6.390,8.98,16.17,
116161,353.047835,65.739138,6.650,60.65,7.70,
116163,353.052801,-11.544524,6.640,3.71,-12.61,
116164,353.052966,7.085015,6.800,-23.08,-52.79,
116181,353.103231,34.952366,6.660,14.86,-9.64,
116183,353.107869,-10.998770,6.780,4.29,5.48,
116187,353.120964,23.843675,6.410,-2.02,-27.06,
116188,353.122075,72.000981,6.730,-16.10,-17.26,
116196,353.145793,53.686386,6.830,3.89,-5.22,
116204,353.169175,-45.121461,6.900,25.81,8.75,
116228,353.235169,46.123684,6.610,49.05,-1.08,
116231,353.242451,-37.818359,4.380,96.39,37.58,
116247,353.319271,-20.914525,4.700,-2.55,8.64,
116250,353.331440,-77.385332,5.820,15.66,1.79,
116265,353.366996,24.342413,6.910,64.25,9.55,
116264,353.367032,22.498817,5.330,9.54,-17.48,
116266,353.369257,-4.401249,6.920,39.68,-15.76,
116277,353.394332,17.818771,6.810,255.89,24.28,
116292,353.429130,45.058073,6.250,0.09,11.21,
116297,353.455078,46.681098,6.810,12.43,-43.33,
116307,353.481246,20.840970,6.100,-12.30,-15.15,
116310,353.488139,31.325322,4.970,50.22,-18.45,
116312,353.492440,43.904213,6.930,32.83,9.52,
116323,353.537311,-1.247535,5.910,107.44,-13.24,
116338,353.604588,5.470544,6.900,116.69,0.87,
116354,353.656461,40.236552,5.550,-17.71,-45.77,
116355,353.659194,33.497276,5.630,-4.54,21.66,
116365,353.694727,38.023973,6.180,10.67,11.08,
116368,353.705544,-15.245792,5.950,49.92,-87.88,
116370,353.709768,-42.684291,6.650,43.83,-1.89,
116380,353.745960,71.642049,5.860,5.26,-2.44,
116383,353.748385,24.425874,6.670,-52.02,-19.96,
116387,353.759055,-56.825317,6.730,-41.40,-13.26,
116389,353.768877,-42.615101,4.690,42.18,10.78,
116396,353.795405,12.662123,6.950,-10.49,-48.17,
116417,353.861766,8.519740,6.680,-6.89,-13.43,
116418,353.862874,52.290985,6.900,92.86,20.07,
116421,353.868861,31.016557,6.860,540.21,253.77,
116422,353.869192,1.313198,6.470,-47.76,-23.21,
116427,353.880087,32.197862,6.530,35.60,2.37,
116428,353.883633,-7.464471,6.400,0.29,16.48,
116436,353.916645,-27.490098,6.660,87.09,-160.41,
116440,353.927512,51.263923,6.870,-18.68,14.55,
116465,353.983090,24.560987,6.440,0.95,10.17,
116482,354.040242,-26.876317,6.570,-23.56,1.11,
116495,354.097279,2.102071,5.680,-104.50,62.11,
116505,354.127151,32.904197,6.350,-5.58,7.12,
116510,354.141500,-44.892776,6.920,92.87,-23.87,
116539,354.272298,-31.871132,6.510,42.60,-1.99,
116582,354.383463,44.429035,5.810,15.16,-17.00,
116584,354.390449,46.459176,3.810,159.22,-421.46,
116591,354.414746,-13.060306,5.660,34.83,25.77,
116592,354.415259,16.825504,6.260,132.08,-3.60,
116602,354.462231,-45.492321,4.740,71.36,-12.34,
116611,354.486553,18.400624,5.490,48.52,17.61,
116613,354.492446,46.199464,6.580,357.33,-11.09,
116624,354.512420,-15.094837,6.380,82.29,-111.43,
116626,354.515072,43.077876,6.960,-36.90,-7.92,
116631,354.534080,43.268076,4.290,27.72,-1.21,
116639,354.551601,-8.627510,6.890,28.24,-16.13,
116650,354.592363,58.654070,6.990,-26.85,-12.39,
116653,354.598705,-76.869507,5.990,78.48,-18.47,
116657,354.610178,42.511512,6.910,8.84,-0.52,
116679,354.681855,-62.885482,6.630,52.51,-1.80,
116687,354.704624,62.134969,6.590,-3.55,-3.28,
116709,354.784781,50.471737,5.350,-16.69,-1.87,
116714,354.792333,75.292848,5.950,7.09,13.99,
116727,354.837425,77.631967,3.210,-48.85,127.18,
116728,354.838197,74.002615,5.980,-8.53,5.56,
116737,354.866354,-46.637898,6.070,22.44,40.99,
116749,354.921091,-66.253650,6.920,39.79,-36.20,
116758,354.945987,-14.222043,4.970,51.80,-55.58,
116765,354.970274,63.725440,6.850,42.61,-3.39,
116768,354.979115,9.677321,5.990,89.12,-11.16,
116771,354.986751,5.627354,4.130,376.32,-437.00,
116774,354.999411,-47.326494,6.940,38.80,-4.63,
116777,355.004396,27.514924,6.660,58.56,20.70,
116781,355.011763,37.652838,6.490,-7.18,-80.08,
116805,355.101841,44.333978,4.150,81.33,-18.96,
116820,355.159217,-32.072995,5.300,-91.41,-53.47,
116824,355.168608,36.720711,6.240,234.51,23.57,
116847,355.268993,41.850550,6.850,67.06,4.84,
116849,355.273109,46.218345,6.970,-124.57,-34.32,
116851,355.279074,-24.160453,6.610,8.84,-9.75,
116853,355.286963,-11.680662,5.890,68.51,3.24,
116876,355.361658,49.512461,6.260,-14.01,-19.50,
116882,355.373428,40.554668,6.920,-15.26,-73.04,
116889,355.393808,-18.026901,5.360,-40.82,-72.28,
116901,355.440823,-17.816533,4.820,13.93,0.11,
116912,355.477313,57.259966,6.240,6.78,-5.01,
116918,355.486275,7.250646,5.890,-27.64,-40.94,
116928,355.512007,1.780417,4.490,-129.55,-154.87,
116940,355.559363,44.755478,6.990,50.76,-25.56,
116941,355.561179,44.991757,6.430,-19.19,-17.28,
116948,355.587225,64.515403,6.520,13.41,-4.64,
116957,355.615889,-15.447976,5.270,16.19,-23.44,
116962,355.630862,61.679396,6.400,39.50,-13.32,
116971,355.680354,-14.544742,4.490,98.35,-66.78,
116972,355.682530,16.335692,6.300,91.06,10.90,
116991,355.770949,51.939345,6.440,30.16,-4.15,
116993,355.773590,53.152600,6.630,3.43,-0.86,
116994,355.774780,-46.312158,6.630,-19.15,10.80,
117020,355.843152,10.331509,5.090,4.93,11.40,
117057,355.965794,-33.427744,6.950,-33.62,-14.29,
117060,355.974880,-45.462411,6.840,54.72,-65.59,
117073,355.997658,29.361553,4.930,71.44,-40.78,
117075,356.004383,-45.083128,6.080,325.70,1.93,
117088,356.050109,-64.404535,5.730,14.42,34.60,
117089,356.050259,-18.276929,5.240,27.60,-3.76,
117105,356.104180,-70.490376,6.060,245.19,61.31,
117107,356.121244,-26.246582,6.230,-54.25,-20.58,
117125,356.169509,-78.791445,5.740,54.95,1.16,
117129,356.189160,43.746239,6.930,54.92,10.80,
117133,356.201529,55.799693,6.460,28.88,-2.64,
117137,356.203890,7.191833,6.880,21.51,-11.34,
117155,356.266656,21.389916,6.760,-21.33,-28.89,
117173,356.340696,10.179854,6.540,32.46,-6.82,
117182,356.372128,20.415466,6.560,26.46,-11.03,
117218,356.503509,-18.678369,5.280,131.86,11.97,
117219,356.504909,-40.182478,6.320,103.11,-36.01,
117221,356.508496,46.420291,4.970,9.05,-6.25,
117245,356.598070,3.486872,4.950,-35.00,-25.00,
117246,356.606338,28.703638,6.970,-15.86,-10.86,
117265,356.653022,66.782251,5.950,7.50,-2.76,
117299,356.757977,57.451377,5.550,4.13,-7.45,
117301,356.764111,58.651852,4.880,60.70,56.69,
117314,356.816422,-11.910899,5.740,-48.26,-93.56,
117315,356.816615,-50.226404,5.180,8.99,-23.28,
117320,356.838181,-48.275068,6.890,-383.98,-212.97,
117324,356.847007,-68.393886,6.890,48.05,-33.40,
117332,356.872398,25.579573,6.780,-15.96,-11.71,
117340,356.887703,46.832577,6.080,1.21,-5.01,
117371,356.978115,67.806813,5.050,14.55,-1.89,
117374,356.984796,-66.567478,6.730,-67.49,25.19,
117375,356.985361,-2.761611,5.490,96.45,5.50,
117389,357.029032,-50.890870,6.880,-43.15,-33.90,
117394,357.050456,8.245660,6.660,30.43,-26.67,
117398,357.060256,7.163262,6.890,-21.52,-32.86,
117420,357.135331,-6.380377,6.090,1.42,-20.20,
117426,357.147455,36.274558,6.950,-6.72,-8.66,
117430,357.162628,64.876485,6.410,17.13,-14.26,
117444,357.200423,-47.650010,6.650,48.55,-4.98,
117445,357.205669,2.214499,6.470,8.81,-35.15,
117447,357.209062,62.214520,5.430,-2.80,-1.45,
117450,357.224617,59.978933,6.330,50.47,15.16,
117452,357.231166,-28.130015,4.590,100.03,-104.04,
117453,357.232561,-46.842155,6.970,12.68,7.61,
117472,357.299530,58.963222,6.360,33.26,-8.39,
117481,357.331563,-27.854133,6.950,-74.29,-49.76,
117491,357.364482,1.076195,5.770,-0.25,-26.32,
117494,357.381574,-15.861203,6.210,51.67,-30.78,
117500,357.413969,28.842328,5.950,62.75,25.01,
117503,357.420667,36.425397,5.860,0.20,-47.81,
117507,357.436218,-62.839403,6.590,35.60,-35.55,
117510,357.456705,-25.331290,6.440,-24.29,-18.90,
117528,357.525240,-11.103100,6.780,-93.54,-26.52,
117541,357.561034,-9.974327,5.930,139.84,78.32,
117551,357.592166,51.621707,6.470,121.19,-18.10,
117553,357.601845,63.743633,6.950,-10.16,-2.31,
117557,357.612067,-14.579122,6.680,-7.93,21.42,
117567,357.638596,-14.401438,5.700,38.04,-21.27,
117571,357.648465,-47.377015,6.490,7.84,29.73,
117602,357.746916,63.984862,6.810,-18.06,-3.35,
117605,357.754189,-48.659355,6.850,13.08,-14.38,
117607,357.778323,2.237865,6.960,2.88,3.32,
117622,357.827223,40.198683,6.780,202.40,-73.79,
117628,357.838560,9.313510,5.770,-9.84,-65.52,
117629,357.838841,-18.909155,5.170,26.60,-3.56,
117655,357.913863,-34.691527,6.700,76.00,-26.78,
117656,357.917511,4.697838,6.820,-31.73,25.77,
117659,357.929380,-40.827528,6.650,-5.49,-61.58,
117672,357.961931,42.909840,6.820,-12.54,-6.94,
117673,357.968555,37.891410,6.950,-71.47,-74.44,
117674,357.973183,4.745348,6.790,20.07,6.30,
117681,357.987148,77.599600,6.560,264.77,-91.69,
117683,357.990959,2.930419,5.590,14.69,-14.42,
117689,358.027891,-82.018768,5.100,-49.07,-20.91,
117710,358.097592,21.671114,6.130,-50.39,-5.88,
117712,358.102171,75.544486,6.360,341.82,41.88,
117718,358.122051,19.120370,5.060,-6.42,-34.22,
117722,358.125201,-14.251207,5.850,-95.97,-4.18,
117730,358.154658,10.947328,5.300,-22.23,-3.51,
117734,358.166104,-18.561868,6.830,27.13,-1.74,
117735,358.167549,21.742600,6.680,-18.38,-23.52,
117737,358.170339,-24.985199,6.770,-6.37,11.93,
117756,358.210385,-8.996699,5.760,61.73,-23.61,
117761,358.231334,-3.155378,5.930,77.52,-42.58,
117762,358.234637,36.954475,6.520,-124.14,-90.29,
117769,358.250297,41.345697,6.940,14.86,-0.66,
117770,358.253669,17.899818,6.570,68.28,-19.05,
117774,358.269787,2.090652,6.290,14.02,-10.90,
117775,358.270147,60.704502,6.710,6.96,-2.93,
117797,358.336716,-24.229224,6.230,51.64,-13.55,
117807,358.392722,51.522568,6.780,52.77,5.52,
117815,358.416418,-65.947342,6.640,-42.03,85.46,
117825,358.452412,-83.006965,6.790,146.87,31.14,
117830,358.458278,60.853406,6.920,-2.57,-2.67,
117844,358.516654,39.282463,6.620,53.02,18.20,
117860,358.589120,-27.042909,6.340,29.36,0.84,
117863,358.595989,57.499391,4.510,-4.54,-3.45,
117880,358.659752,-40.300137,6.030,367.44,30.51,
117887,358.694364,0.109344,5.780,-40.93,-14.63,
117888,358.698171,18.746793,6.920,27.79,-0.25,
117893,358.705332,74.410110,6.590,-2.85,-5.79,
117906,358.734927,29.475620,6.770,21.18,-3.52,
117917,358.766075,-9.460600,6.730,80.94,6.70,
117925,358.780533,47.728554,6.970,36.16,-8.92,
117927,358.782413,7.071016,6.220,21.77,-18.26,
117931,358.819061,-31.921469,6.090,17.66,0.84,
117932,358.819488,-31.884274,6.840,17.81,1.58,
117939,358.845906,25.955019,6.520,1.47,-10.48,
117954,358.885669,52.735534,6.610,64.16,19.31,
117956,358.889520,47.355822,6.010,-10.83,-7.40,
117957,358.891013,57.412169,6.030,-3.13,-0.44,
117962,358.907092,8.223298,6.840,15.48,-8.60,
117963,358.908061,46.358325,6.940,9.32,-13.32,
117978,358.940463,-13.152408,6.600,-27.87,-70.76,
117979,358.948508,48.220397,6.690,-4.84,-56.31,
117986,358.977633,15.230308,6.450,80.67,-7.22,
117990,358.993233,21.165914,6.750,17.77,14.66,
118027,359.114825,83.191101,6.570,49.22,6.48,
118029,359.124765,-24.737242,6.310,5.55,9.90,
118048,359.172982,22.648107,6.180,-22.89,-6.47,
118054,359.197048,4.725111,6.870,52.82,0.43,
118057,359.231808,55.840354,6.560,-4.08,-5.89,
118071,359.265116,42.658238,6.010,5.21,-2.38,
118076,359.283846,-26.623498,6.260,54.18,21.09,
118077,359.285391,55.705735,5.570,-20.44,-12.22,
118081,359.292229,-20.833609,6.450,-34.96,-14.00,
118090,359.331325,61.026210,6.630,-11.35,-3.13,
118092,359.332417,-62.956612,5.950,86.18,11.60,
118114,359.387454,-82.169743,5.720,-26.62,-25.15,
118116,359.389659,60.023609,6.470,12.62,-3.82,
118121,359.395716,-64.298083,5.000,78.86,-61.10,
118131,359.439790,25.141479,4.630,-36.06,-32.25,
118133,359.442502,11.474400,6.650,15.89,-9.37,
118162,359.528571,50.447080,6.720,-45.77,245.68,
118177,359.588076,35.013023,6.700,24.57,8.29,
118178,359.588226,-15.847464,6.280,82.77,-8.13,
118179,359.590227,-63.003123,6.860,-9.22,54.54,
118197,359.629409,-57.280798,6.690,22.80,-16.15,
118209,359.668377,-3.555807,4.880,-56.52,-72.34,
118214,359.693443,46.413177,6.550,15.47,0.89,
118224,359.705147,32.381711,6.530,1.30,-2.35,
118234,359.732181,-52.745956,5.130,57.93,61.46,
118243,359.752207,55.754941,4.880,9.26,-5.09,
118256,359.790166,-42.236943,6.780,40.42,24.59,
118268,359.827510,6.863594,4.030,148.49,-112.16,
118277,359.866257,-29.485153,5.590,-7.86,-5.98,
118281,359.872224,33.724133,5.810,-59.03,-104.99,
118285,359.876557,86.706407,6.750,36.25,-1.48,
118298,359.919268,-5.892913,6.550,35.75,-57.44,
118307,359.943728,-0.280053,6.830,-5.14,-25.43,
118309,359.949220,11.273424,6.740,10.39,1.62,
118318,359.963744,11.673709,6.990,-2.16,2.09,
118322,359.978792,-65.577078,4.490,48.63,-22.33,
